{"action":"save","entry":{"headline":"\u003cp\u003e\u003ca href=\"http://www.nbcnews.com/politics/white-house/watch-live-obama-holds-news-conference-hagels-resignation-n254946\"\u003e\u003c/a\u003e\u003ca href=\"http://www.nbcnews.com/news/us-news/watch-live-briefing-police-shooting-12-year-old-n254911\"\u003e\u003c/a\u003e\u003ca href=\"http://www.nbcnews.com/news/us-news/watch-live-buffalo-storm-n254951\"\u003eWatch Live Local Coverage of Buffalo Storm\u003c/a\u003e\u003c/p\u003e","headline_visible":1,"nid":"2","revision_timestamp":1416848719,"title":"Site Wide Breaking News","type":"breaking_news_marquee"},"externalId":"2","externalSource":"NewsCMS","type":"breaking_news_marquee"}