{"action":"save","entry":{"headline":"\u003cp\u003e\u003ca href=\"http://www.nbcnews.com/storyline/michael-brown-shooting/watch-live-ferguson-mayor-holds-briefing-n255951\"\u003eFerguson Mayor Speaks Live\u003c/a\u003e\u0026nbsp;\u003ca href=\"http://www.nbcnews.com/storyline/michael-brown-shooting/watch-live-mike-brown-sr-s-church-holds-press-conference-n255966\"\u003e\u003c/a\u003e\u003c/p\u003e","headline_visible":1,"nid":"2","revision_timestamp":1416945497,"title":"Site Wide Breaking News","type":"breaking_news_marquee"},"externalId":"2","externalSource":"NewsCMS","type":"breaking_news_marquee"}