{"action":"save","entry":{"headline":"\u003cp\u003e\u003ca href=\"http://www.nbcnews.com/storyline/michael-brown-shooting/ferguson-cop-not-indicted-shooting-michael-brown-sources-n255391\"\u003e\u003c/a\u003e\u003ca href=\"http://www.nbcnews.com/storyline/michael-brown-shooting/watch-live-continuing-coverage-ferguson-grand-jury-decision-n255161\"\u003eWatch Live Local Coverage of Ferguson Unrest\u003c/a\u003e\u003c/p\u003e","headline_visible":1,"nid":"2","revision_timestamp":1416919609,"title":"Site Wide Breaking News","type":"breaking_news_marquee"},"externalId":"2","externalSource":"NewsCMS","type":"breaking_news_marquee"}