{"action":"save","entry":{"headline":"\u003cp\u003e\u003ca href=\"http://www.nbcnews.com/politics/white-house/watch-live-obama-holds-news-conference-hagels-resignation-n254946\"\u003eObama Announces Hagel's Resignation\u003c/a\u003e |\u0026nbsp;\u003ca href=\"http://www.nbcnews.com/watch/live-video/watch-live-secretary-of-state-john-kerry-news-conference-on-iran-nuclear-talks-336810563834\"\u003eKerry on Iran Nuke Talks\u003c/a\u003e | \u003ca href=\"http://www.nbcnews.com/news/us-news/watch-live-briefing-police-shooting-12-year-old-n254911\"\u003eBriefing on 12-Year-Old Killed by Cops\u003c/a\u003e\u003c/p\u003e","headline_visible":1,"nid":"2","revision_timestamp":1416845343,"title":"Site Wide Breaking News","type":"breaking_news_marquee"},"externalId":"2","externalSource":"NewsCMS","type":"breaking_news_marquee"}