{"action":"save","entry":{"headline":"\u003cp\u003e\u003ca href=\"http://www.nbcnews.com/news/us-news/watch-live-fsu-victims-family-news-conference-n254996\"\u003eFSU Shooting Victim's Family Speaks Live\u003c/a\u003e |\u003ca href=\"http://www.nbcnews.com/politics/white-house/watch-live-white-house-press-briefing-n255006\"\u003e\u0026nbsp;White House Press Briefing\u003c/a\u003e\u003c/p\u003e","headline_visible":1,"nid":"2","revision_timestamp":1416854118,"title":"Site Wide Breaking News","type":"breaking_news_marquee"},"externalId":"2","externalSource":"NewsCMS","type":"breaking_news_marquee"}