{"action":"save","entry":{"headline":"\u003cp\u003e\u003ca href=\"http://www.nbcnews.com/watch/live-video/watch-live-secretary-of-state-john-kerry-news-conference-on-iran-nuclear-talks-336810563834\"\u003eKerry Speaks Live About Iran Nuke Talks\u003c/a\u003e | \u003ca href=\"http://www.nbcnews.com/news/us-news/watch-live-uva-sexual-assault-news-conference-n254866\"\u003eUVA Holds Sexual Assault News Conference\u003c/a\u003e\u003c/p\u003e","headline_visible":1,"nid":"2","revision_timestamp":1416842272,"title":"Site Wide Breaking News","type":"breaking_news_marquee"},"externalId":"2","externalSource":"NewsCMS","type":"breaking_news_marquee"}