{
  "externalSource": "NewsCMS",
  "type": "image",
  "externalId": "557501",
  "action": "save",
  "entry": {
    "uid": "196",
    "fid": "557501",
    "filename": "140710-persaud-1221.jpg",
    "filemime": "image\/jpeg",
    "filesize": "1217469",
    "revision_timestamp": 1405016556,
    "status": "1",
    "focus_rect": null,
    "crop_rect": null,
    "alt_text": null,
    "title": null,
    "byline": null,
    "caption": null,
    "copyright": null,
    "source": null,
    "width": 2500,
    "height": 1875,
    "revision_hash": "c0d3c5db2b0c81df3e5a927ccb26dccc",
    "drupal_path": "http:\/\/newscms.nbcnews.com\/sites\/newscms\/files\/140710-persaud-1221.jpg",
    "aims_image_name": "140710-persaud-1221_c0d3c5db2b0c81df3e5a927ccb26dccc.jpg",
    "aims_image_path": "newscms\/2014_28\/557501\/140710-persaud-1221_c0d3c5db2b0c81df3e5a927ccb26dccc.jpg"
  }
}