{
  "externalSource": "NewsCMS",
  "type": "image",
  "externalId": "553821",
  "action": "update",
  "entry": {
    "uid": "52",
    "fid": "553821",
    "filename": "140709-newyork-storm-ga-0126.jpg",
    "filemime": "image\/jpeg",
    "filesize": "1341617",
    "revision_timestamp": 1404930090,
    "status": "1",
    "focus_rect": "0,229,2500,1096",
    "crop_rect": "",
    "alt_text": "Image:",
    "title": "Image:",
    "byline": null,
    "caption": "Debris is visible at Goff Road in Smithfield, N.Y., following severe storm on Tuesday, July 8, 2014. Officials in central New York say four people are dead and four homes have been destroyed in building collapses amid severe thunderstorms.",
    "copyright": null,
    "source": "AP",
    "width": 2500,
    "height": 1376,
    "revision_hash": "fdc282c1cccfb60338d11b152a44c4e4",
    "drupal_path": "http:\/\/newscms.nbcnews.com\/sites\/newscms\/files\/140709-newyork-storm-ga-0126.jpg",
    "aims_image_name": "140709-newyork-storm-ga-0126_fdc282c1cccfb60338d11b152a44c4e4.jpg",
    "aims_image_path": "newscms\/2014_28\/553821\/140709-newyork-storm-ga-0126_fdc282c1cccfb60338d11b152a44c4e4.jpg"
  }
}