{
  "externalSource": "NewsCMS",
  "type": "image",
  "externalId": "555116",
  "action": "save",
  "entry": {
    "uid": "1311",
    "fid": "555116",
    "filename": "140709-verona-ny-tornado-1411.jpg",
    "filemime": "image\/jpeg",
    "filesize": "2067303",
    "revision_timestamp": 1404931477,
    "status": "1",
    "focus_rect": null,
    "crop_rect": null,
    "alt_text": null,
    "title": null,
    "byline": "Courtesy of Tim Hartley",
    "caption": "Tim Hartley captured this storm photo in Verona, N.Y. around 6:10-6:40pm on July 8. ",
    "copyright": null,
    "source": null,
    "width": 2500,
    "height": 1668,
    "revision_hash": "4497b34e2d00cb73645b83735dee24f7",
    "drupal_path": "http:\/\/newscms.nbcnews.com\/sites\/newscms\/files\/140709-verona-ny-tornado-1411.jpg",
    "aims_image_name": "140709-verona-ny-tornado-1411_4497b34e2d00cb73645b83735dee24f7.jpg",
    "aims_image_path": "newscms\/2014_28\/555116\/140709-verona-ny-tornado-1411_4497b34e2d00cb73645b83735dee24f7.jpg"
  }
}