{
  "externalSource": "NewsCMS",
  "externalId": "91348",
  "type": "image",
  "action": "save",
  "entry": {
    "uid": "14",
    "fid": "91348",
    "filename": "alan_boyle_newscms.png",
    "filemime": "image\/png",
    "filesize": "834287",
    "revision_timestamp": 1412081168,
    "status": "1",
    "focus_rect": null,
    "crop_rect": null,
    "alt_text": null,
    "title": null,
    "byline": null,
    "caption": null,
    "copyright": null,
    "source": null,
    "width": 954,
    "height": 958,
    "revision_hash": "86f5cd89c455bc4536f1d7eb060034d3",
    "drupal_path": "http:\/\/54.213.129.82\/newscms\/sites\/54.213.129.82.newscms\/files\/alan_boyle_newscms.png",
    "aims_image_name": "alan_boyle_newscms_86f5cd89c455bc4536f1d7eb060034d3.png",
    "aims_image_path": "newscms\/2014_40\/91348\/alan_boyle_newscms_86f5cd89c455bc4536f1d7eb060034d3.png"
  }
}