{
  "externalSource": "NewsCMS",
  "type": "image",
  "externalId": "555526",
  "action": "save",
  "entry": {
    "uid": "4",
    "fid": "555526",
    "filename": "140709-supermoonview.jpg",
    "filemime": "image\/jpeg",
    "filesize": "1052780",
    "revision_timestamp": 1404937311,
    "status": "1",
    "focus_rect": null,
    "crop_rect": null,
    "alt_text": "Image: Supermoon",
    "title": "Image: Supermoon",
    "byline": "Darryl Webb",
    "caption": "A runner makes his way along a trail on a butte in front of the Supermoon over Papago Park in Phoenix in May 2012.  In this photograph, the Supermoon effect is heightened dramatically through the use of a telephoto lens.",
    "copyright": null,
    "source": "Reuters",
    "width": 2250,
    "height": 1406,
    "revision_hash": "9dcda1b3d4645371f8b3d06571e4d403",
    "drupal_path": "http:\/\/newscms.nbcnews.com\/sites\/newscms\/files\/140709-supermoonview.jpg",
    "aims_image_name": "140709-supermoonview_9dcda1b3d4645371f8b3d06571e4d403.jpg",
    "aims_image_path": "newscms\/2014_28\/555526\/140709-supermoonview_9dcda1b3d4645371f8b3d06571e4d403.jpg"
  }
}