{
  "externalSource": "NewsCMS",
  "type": "image",
  "externalId": "555511",
  "action": "save",
  "entry": {
    "uid": "4",
    "fid": "555511",
    "filename": "140709-supermoon.jpg",
    "filemime": "image\/jpeg",
    "filesize": "166609",
    "revision_timestamp": 1404937010,
    "status": "1",
    "focus_rect": null,
    "crop_rect": null,
    "alt_text": null,
    "title": "Image: Supermoon and mini-moon",
    "byline": null,
    "caption": "This graphic compares the size of the moon when it's closest to Earth, during a Supermoon full phase (left), with how a full moon would look when it's farthest from Earth (right).",
    "copyright": null,
    "source": "The Weather Channel",
    "width": 900,
    "height": 505,
    "revision_hash": "383d28678a468cf9c96f146420d1bd39",
    "drupal_path": "http:\/\/newscms.nbcnews.com\/sites\/newscms\/files\/140709-supermoon.jpg",
    "aims_image_name": "140709-supermoon_383d28678a468cf9c96f146420d1bd39.jpg",
    "aims_image_path": "newscms\/2014_28\/555511\/140709-supermoon_383d28678a468cf9c96f146420d1bd39.jpg"
  }
}