{
  "externalSource": "NewsCMS",
  "type": "image",
  "externalId": "554871",
  "action": "save",
  "entry": {
    "uid": "246",
    "fid": "554871",
    "filename": "tornado-ejo-70914.jpg",
    "filemime": "image\/jpeg",
    "filesize": "1566543",
    "revision_timestamp": 1404926155,
    "status": "1",
    "focus_rect": null,
    "crop_rect": null,
    "alt_text": "Image:",
    "title": "Image:",
    "byline": "Mike Groll",
    "caption": "A woman walks through debris of a destroyed house after Tuesday night's storm, on Wednesday, July 9, 2014, in Smithfield, N.Y. The National Weather Service has confirmed that a tornado destroyed the homes in upstate New York where four people were killed.  Barbara Watson, the meteorologist leading the agency's survey team says that the violent winds Tuesday were at least 100 mph and reached undetermined higher speeds to cause the damage they're seeing in the town of Smithfield. (AP Photo\/Mike Groll)",
    "copyright": null,
    "source": "AP",
    "width": 5184,
    "height": 3456,
    "revision_hash": "2d69c97f626b112598489f564289a6aa",
    "drupal_path": "http:\/\/newscms.nbcnews.com\/sites\/newscms\/files\/tornado-ejo-70914.jpg",
    "aims_image_name": "tornado-ejo-70914_2d69c97f626b112598489f564289a6aa.jpg",
    "aims_image_path": "newscms\/2014_28\/554871\/tornado-ejo-70914_2d69c97f626b112598489f564289a6aa.jpg"
  }
}