{
  "externalSource": "NewsCMS",
  "externalId": "214211",
  "action": "save",
  "entry": {
    "bio": "<p>Heather Schultz is a Korean-American freelance writer and editor&nbsp;based in Long Island.&nbsp;Her work has appeared in The New York Times, New York Daily News, Library Journal, Direct Marketing News and Law Technology News. She has also written columns on reproductive health for the Center for American Progress and the St. Louis-Post Dispatch.&nbsp;</p>",
    "changed": 1412017495,
    "city": null,
    "created": 1412017495,
    "email": null,
    "facebook_page": null,
    "gplus": null,
    "instagram": null,
    "is_vip": 0,
    "name": "Heather Schultz",
    "nid": "214211",
    "professional_title": null,
    "revision_timestamp": 1412017496,
    "show_or_site": null,
    "twitter_handle": null,
    "type": "byline"
  },
  "type": "byline"
  }