{
  "externalSource": "NewsCMS",
  "externalId": "164011",
  "action": "save",
  "entry": {
    "bio": "<p>Monica Luhar is an assistant web producer and reporter for KCET’s award-winning show, “SoCal Connected.”&nbsp;</p>",
    "changed": 1412000104,
    "city": null,
    "created": 1406216019,
    "email": "monicaluhar@gmail.com",
    "facebook_page": null,
    "gplus": null,
    "instagram": null,
    "is_vip": 0,
    "name": "Monica Luhar",
    "nid": "164011",
    "professional_title": null,
    "revision_timestamp": 1412000105,
    "show_or_site": null,
    "twitter_handle": "@monicaluhar",
    "type": "byline"
  },
  "type": "byline"
  }