{
  "externalSource": "NewsCMS",
  "externalId": "21",
  "type": "byline",
  "action": "save",
  "entry": {
    "city": "Seattle, WA",
    "facebook_page": "https:\/\/www.facebook.com\/alan.boyle",
    "gplus": "https:\/\/plus.google.com\/+AlanBoyle?rel=author",
    "instagram": null,
    "professional_title": "Professional Title",
    "show_or_site": "NBC News",
    "twitter_handle": "b0yle",
    "is_vip": 1,
    "email": "alan.boyle@nbcuni.com",
    "bio": "<p>Alan Boyle is the science editor for NBC News Digital. He joined MSNBC.com at its inception in July 1996, and took on the science role in July 1997 with the landing of NASA's Mars Pathfinder probe. Boyle is responsible for coverage of science and space for NBCNews.com.<\/p><p>Boyle joined <a href=\"http:\/\/www.nbcnews.com\">NBCNews.com<\/a> from the Seattle Post-Intelligencer, where he was the foreign desk editor from 1987 to 1996. Boyle has won awards for science journalism from numerous organizations, including the National Academies, the American Association for the Advancement of Science and the National Association of Science Writers. Boyle is the author of \"The Case for Pluto: How a Little Planet Made a Big Difference.\" He lives in Bellevue, Wash.<\/p>",
    "picture": {
      "fid": "91348",
      "url": "alan_boyle_newscms.png",
      "width": 954,
      "height": 958,
      "title": null,
      "alt_text": null,
      "caption": null,
      "crop_rect": null,
      "focus_rect": null,
      "byline": null,
      "copyright": null,
      "source": null
    },
    "name": "Alan Boyle",
    "nid": "21",
    "type": "byline",
    "created": 1412081201,
    "changed": 1412081201,
    "revision_timestamp": 1412081202
  }
}