{
  "externalSource": "NewsCMS",
  "externalId": "87676",
  "action": "save",
  "entry": {
    "bio": "<p>Cassandra Vinograd is a Senior Writer and News Editor.&nbsp;Before joining NBC News, she worked as a London-based correspondent for The Associated Press and specialized in politics, foreign affairs and defense.</p><p>Vinograd previously worked as an editor for The Wall Street Journal in Brussels and London.</p><p>She has reported extensively from Afghanistan and on West Africa and the Middle East.</p>",
    "changed": 1412002253,
    "city": "London",
    "created": 1398267487,
    "email": "cassandra.vinograd@nbcuni.com",
    "facebook_page": "https://www.facebook.com/CassandraVinograd",
    "gplus": null,
    "instagram": null,
    "is_vip": 0,
    "name": "Cassandra Vinograd",
    "nid": "87676",
    "professional_title": null,
    "revision_timestamp": 1412002254,
    "show_or_site": null,
    "twitter_handle": "@CassVinograd",
    "type": "byline"
  },
  "type": "byline"
  }