{
  "externalSource": "NewsCMS",
  "externalId": "213936",
  "action": "save",
  "entry": {
    "bio": null,
    "changed": 1411999980,
    "city": null,
    "created": 1411999980,
    "email": null,
    "facebook_page": null,
    "gplus": null,
    "instagram": null,
    "is_vip": 0,
    "name": "Robert Foyle Hunwick, GlobalPost",
    "nid": "213936",
    "professional_title": null,
    "revision_timestamp": 1411999980,
    "show_or_site": null,
    "twitter_handle": null,
    "type": "byline"
  },
  "type": "byline"
  }