{
  "externalSource": "NewsCMS",
  "externalId": "98571",
  "action": "save",
  "entry": {
    "bio": "<p>Janelle Richards is an Associate Producer for \"Nightly News with Brian Williams\" in New York.</p>",
    "changed": 1411775949,
    "city": "New York",
    "created": 1399409048,
    "email": null,
    "facebook_page": null,
    "gplus": null,
    "instagram": null,
    "is_vip": 0,
    "name": "Janelle Richards",
    "nid": "98571",
    "picture": {
      "fid": "91348",
      "url": "alan_boyle_newscms.png",
      "width": 954,
      "height": 958,
      "title": null,
      "alt_text": null,
      "caption": null,
      "crop_rect": null,
      "focus_rect": null,
      "byline": null,
      "copyright": null,
      "source": null
     },
    "professional_title": "Associate Producer",
    "revision_timestamp": 1411775950,
    "show_or_site": "NBC Nightly News",
    "twitter_handle": "@Janelle_News",
    "type": "byline"
  },
  "type": "byline"
  }