{"action":"save","entry":{"ads_enabled":1,"article_type":"post","breaking_news":0,"breaking_news_alert":0,"breaking_news_alert_title":null,"breaking_news_headline":null,"byline_id":["5856"],"comments_enabled":1,"content":"\u003cp\u003e\u003cdata data-widget-name=\"mpx_video\" data-mpx-id=\"362240067769\" data-mpx-guid=\"p_jb_ferguson_MOS_141122\" data-autoplay=\"1\" data-mpx-title-override=\"Awaiting announcement in Ferguson\" data-mpx-description-override=\"People on the street in Ferguson, Missouri, share their thoughts before a grand jury decides whether to indict police officer Darren Wilson.\" data-meta-info=\"mpx-id | mpx-guid | mpx-description-override | mpx-title-override\"\u003e\u003c/data\u003e\u003c/p\u003e\u003cp\u003eWhile a grand jury vote on whether a Ferguson, Missouri, police officer will be indicted in the death of unarmed teenager Michael Brown had been expected as early as Saturday, sources say the grand jury is now planning to meet on Monday.\u003c/p\u003e\u003cp\u003eMultiple sources tell NBC News that public safety units, including police and fire, have eased back on their alert status. Twelve-hour police shifts that had been planned for Saturday are now expected to begin Sunday.\u003c/p\u003e\u003cp\u003eIn recent days, Brown’s father as well as President Barack Obama called for protesters to remain peaceful in the St. Louis suburb once the grand jury decision is announced. Past protests have sometimes devolved into looting and vandalism. An attorney representing Brown’s family, Benjamin Crump, \u003ca href=\"http://www.msnbc.com/alex-witt/watch/atty--brown-fam.-exploring-all-legal-avenues-362244163705\"\u003esaid Saturday on MSNBC \u003c/a\u003ethat the family has remained skeptical that local authorities would handle the case fairly.\u003c/p\u003e\u003cp\u003e\"We’ve said from the beginning we were very distrustful of the local authorities, the local prosecutors, and certainly of the process,\" Crump said. Brown was killed Aug. 9 after police said he struggled for Wilson’s weapon. Other witnesses claim the 18-year-old had his hands up when he was shot and killed.\u003c/p\u003e\u003cp\u003eCrump said changes made at the Ferguson Police Department and other law enforcement organizations to use body cameras is one positive effect of Brown’s death. His death has also reignited discussions about race and excessive force used by police.\u003c/p\u003e\u003cp\u003e\"The message coming into Ferguson is to be responsible, don’t be violent,\" Crump said. \"This is not the way to honor Michael Brown’s legacy.\"\u003c/p\u003e\u003ch2\u003eIN-DEPTH\u003c/h2\u003e\u003cul\u003e\u003cli\u003e\u003ca href=\"http://www.nbcnews.com/storyline/michael-brown-shooting/police-some-protesters-agree-rules-ferguson-rallies-n253746\"\u003ePolice Agree to 'Rules' for Ferguson Protests\u003c/a\u003e\u003c/li\u003e\u003cli\u003e\u003ca href=\"http://www.nbcnews.com/storyline/michael-brown-shooting/fbi-sends-teams-ferguson-ahead-michael-brown-grand-jury-decision-n253906\"\u003eFBI Sends Teams to Ferguson Ahead of Grand Jury Decision\u003c/a\u003e\u003c/li\u003e\u003cli\u003e\u003ca href=\"http://www.nbcnews.com/storyline/michael-brown-shooting/michael-browns-father-urges-calm-calls-positive-change-n253101\"\u003eMichael Brown's Father Calls for Calm Ahead of Grand Jury Decision\u003c/a\u003e\u003c/li\u003e\u003c/ul\u003e","cover_headline":"No Grand Jury Decision This Weekend in Michael Brown Case","cover_image":null,"curated_list":[],"editorial_notes":null,"external_link":null,"first_publication_date":"1416689320","hidden":0,"labels":[],"linked_sections":[],"linked_topics":[],"main_art":{"alt_text":"Image: US-CRIME-POLICE-RACE-UNREST","byline":"JEWEL SAMAD","caption":"A wellwisher reacts sitting at a makeshift memorial where the 18-year-old Michael Brown who was shot dead by a police officer, in Ferguson, Missouri, on Nov. 22. ","copyright":null,"crop_rect":"","fid":"779656","focus_rect":"56,212,2378,1438","height":"1706","source":"AFP - Getty Images","title":"Image: US-CRIME-POLICE-RACE-UNREST","url":"141122-mike-brown-memorial-1542.jpg","width":"2500"},"native_ad":0,"nid":"254161","publication_date":1416689588,"revision_timestamp":1416689588,"search_enabled":1,"section":["7"],"show_on_cover":1,"slideshow":null,"source":[],"source_site_name":null,"sponsor_label":null,"storyline":["17876"],"summary":"Police and other public safety agencies in and around Ferguson, Missouri, have eased back on alert, and sources say  the grand jury will meet Monday.","tags":[],"tease_image":null,"title":"No Grand Jury Decision in Michael Brown Case, Will Meet Again Monday","topic":["66"],"type":"news_entry","video_art_url":null},"externalId":"254161","externalSource":"NewsCMS","type":"news_entry"}