{"action":"save","entry":{"ads_enabled":1,"article_type":"slideshow","breaking_news":0,"breaking_news_alert":0,"breaking_news_alert_title":null,"breaking_news_headline":null,"byline_id":[],"comments_enabled":1,"content":null,"cover_headline":"Demonstrators React to Michael Brown Shooting Decision","cover_image":null,"curated_list":[],"editorial_notes":null,"external_link":null,"first_publication_date":"1416887861","hidden":0,"labels":[],"linked_sections":[],"linked_topics":["67","66"],"main_art":{"alt_text":"Image: US-CRIME-POLICE-RACE-UNREST","byline":"JEWEL SAMAD","caption":"Demonstrators react after learning that the police officer who shot dead 18-year-old Michael Brown will not face charge, outside the police station in Ferguson, Missouri.","copyright":"AFP","crop_rect":"","fid":"781861","focus_rect":"94,31,1964,860","height":"1686","source":"AFP - Getty Images","title":"Image: US-CRIME-POLICE-RACE-UNREST","url":"ss-141124-ferguson-reaction-jsw-tease.jpg","width":"2500"},"native_ad":0,"nid":"255481","publication_date":1416892329,"revision_timestamp":1416892329,"search_enabled":1,"section":["7"],"show_on_cover":1,"slideshow":"56492892","source":[],"source_site_name":null,"sponsor_label":null,"storyline":["17876"],"summary":"Demonstrators react after a grand jury chose not to indict Darren Wilson, the police officer who shot and killed Michael Brown, in Ferguson, Missouri.","tags":[],"tease_image":null,"title":"Ferguson Demonstrators React to Michael Brown Grand Jury Decision","topic":["66"],"type":"news_entry","video_art_url":null},"externalId":"255481","externalSource":"NewsCMS","type":"news_entry"}