{"action":"save","entry":{"ads_enabled":1,"article_type":"video","brand":"NBC News","breaking_news":0,"breaking_news_alert":0,"breaking_news_alert_title":null,"breaking_news_headline":null,"byline_id":[],"comments_enabled":1,"content":null,"cover_headline":null,"cover_image":null,"curated_list":[],"editorial_notes":null,"external_link":null,"first_publication_date":"1416385355","hidden":0,"labels":[],"linked_sections":[],"linked_topics":["30","8"],"main_art":null,"mpx_description":"Israeli authorities demolished the east Jerusalem home of Abdel Rahman al-Shaludi, who drove his car into a Jerusalem train station in October, killing two.","mpx_guid":"x_lon_demolition_141119","mpx_id":"360666179820","mpx_title":"Home Demolished of Palestinian who Attacked Train Station","native_ad":0,"nid":"251391","publication_date":1416385355,"revision_timestamp":1416385355,"search_enabled":1,"section":["7"],"show_on_cover":0,"slideshow":null,"source":[],"source_site_name":null,"sponsor_label":null,"storyline":["17836"],"summary":"Israeli authorities demolished Jerusalem home of Abdel Rahman al-Shaludi, who drove his car into a Jerusalem train station in October, killing two.","tags":[],"tease_image":null,"title":"Home Demolished of Palestinian who Attacked Train Station","topic":["26"],"type":"news_entry","video_art_url":"http://media2.s-nbcnews.com/i/MSNBC/Components/Video/__NEW/x_lon_demolition_141119.jpg","workbench_id":"56454264"},"externalId":"251391","externalSource":"NewsCMS","type":"news_entry"}