{"action":"save","entry":{"ads_enabled":1,"article_type":"post","breaking_news":0,"breaking_news_alert":0,"breaking_news_alert_title":null,"breaking_news_headline":null,"byline_id":[],"comments_enabled":1,"content":"\u003cp\u003e\u003cdata data-widget-name=\"mpx_video\" data-mpx-id=\"359704643626\" data-mpx-guid=\"tdy_cosby_141117\" data-autoplay=\"1\" data-mpx-title-override=\"Bill Cosby silent amid sex abuse allegations\" data-mpx-description-override=\"TODAY’s legal analyst Lisa Bloom weighs in on a new allegation of sexual assault against the comedian, added to a list of accusations by women claiming they were attacked by Cosby decades ago. NBC national correspondent Craig Melvin reports.\" data-meta-info=\"mpx-id | mpx-guid | mpx-description-override | mpx-title-override\"\u003e\u003c/data\u003e\u003c/p\u003e\u003cp\u003eBill Cosby’s upcoming appearance on CBS’ “Late Show with David Letterman” has been canceled amid a growing uproar over allegations that he sexually assaulted several women in past decades. Cosby spokesman David Brokaw confirmed Friday night that Cosby would not appear next Wednesday as previously scheduled. He did not say why.\u003c/p\u003e\u003cp\u003e“Late Show” representative Kimberly Izzo-Emmet said, “We can’t comment on the guest booking process.” She said Regis Philbin would be the replacement guest. Another canceled engagement, on “The Queen Latifah Show” on Oct. 30, was characterized by that show as a postponement granted at Cosby's request.\u003c/p\u003e\u003cp\u003eBarbara Bowman, one of Cosby’s accusers, has recently leveled allegations of sexual assault by the comic in interviews and in a Washington Post online column, writing that “Cosby won my trust as a 17-year-old aspiring actress in 1985, brainwashed me into viewing him as a father figure, and then assaulted me multiple times.” The 77-year-old Cosby, who was never criminally charged in any of the cases, settled a civil suit in 2006 with another woman over an alleged incident two years before.\u003c/p\u003e\u003cp\u003eCosby has declined to comment on the recent resurgence of allegations. During an interview on NPR's “Weekend Edition” on Saturday, he was asked to comment about the sexual assault claims, but declined to say anything and only shook his head.\u003c/p\u003e\u003cp\u003e\u003cdata data-widget-name=\"mpx_video\" data-mpx-id=\"242974275926\" data-mpx-guid=\"tdy_lauer_cosby_140501\" data-autoplay=\"0\" data-mpx-title-override=\"Bill Cosby: My first major comedy act got ‘no laughter’\" data-mpx-description-override=\"The comedian joins TODAY to talk about his legendary career, and about recently receiving the Johnny Carson Award for Comedic Excellence at the American Comedy Awards.\" data-meta-info=\"mpx-id | mpx-guid | mpx-description-override | mpx-title-override\"\u003e\u003c/data\u003e\u003c/p\u003e\u003ch2\u003eIN-DEPTH\u003c/h2\u003e\u003cul\u003e\u003cli\u003e\u003ca href=\"http://www.today.com/popculture/bill-cosby-urges-others-let-go-their-fears-reveals-his-2D79606697\"\u003eBill Cosby urges others to let go of their fears, reveals his own \u003c/a\u003e(TODAY)\u003c/li\u003e\u003c/ul\u003e\u003ch2\u003eSOCIAL\u003c/h2\u003e\u003cp\u003e\u003cimg src=\"http://newscms.nbcnews.com/sites/newscms/files/tweet_embed.png\" alt=\"desktop:\u0026lt;blockquote class=\\twitter-tweet\\ lang=\\en\\\u0026gt;\u0026lt;p\u0026gt;In NPR Interview |  Bill Cosby Declines To Discuss Assault Allegations \u0026lt;a href=\\http://t.co/vhjZL8k83j\\\u0026gt;http://t.co/vhjZL8k83j\u0026lt;/a\u0026gt;\u0026lt;/p\u0026gt;— NPR News (@nprnews) \u0026lt;a href=\\https://twitter.com/nprnews/status/533647680455471105\\\u0026gt;November 15 |  2014\u0026lt;/a\u0026gt;\u0026lt;/blockquote\u0026gt; \u0026lt;script async src=\\//platform.twitter.com/widgets.js\\ charset=\\utf-8\\\u0026gt;\u0026lt;/script\u0026gt;\" title=\"desktop:\u0026lt;blockquote class=\\twitter-tweet\\ lang=\\en\\\u0026gt;\u0026lt;p\u0026gt;In NPR Interview |  Bill Cosby Declines To Discuss Assault Allegations \u0026lt;a href=\\http://t.co/vhjZL8k83j\\\u0026gt;http://t.co/vhjZL8k83j\u0026lt;/a\u0026gt;\u0026lt;/p\u0026gt;— NPR News (@nprnews) \u0026lt;a href=\\https://twitter.com/nprnews/status/533647680455471105\\\u0026gt;November 15 |  2014\u0026lt;/a\u0026gt;\u0026lt;/blockquote\u0026gt; \u0026lt;script async src=\\//platform.twitter.com/widgets.js\\ charset=\\utf-8\\\u0026gt;\u0026lt;/script\u0026gt;\" class=\"news-widget\" id=\"widget_0\" data-widget-name=\"tweet_embed\" data-widget-id=\"5\" data-widget-image=\"http://newscms.nbcnews.com/sites/newscms/files/tweet_embed.png\" data-desktop=\"%3Cblockquote%20class=%22twitter-tweet%22%20lang=%22en%22%3E%3Cp%3EIn%20NPR%20Interview,%20Bill%20Cosby%20Declines%20To%20Discuss%20Assault%20Allegations%20%3Ca%20href=%22http://t.co/vhjZL8k83j%22%3Ehttp://t.co/vhjZL8k83j%3C/a%3E%3C/p%3E—%20NPR%20News%20(@nprnews)%20%3Ca%20href=%22https://twitter.com/nprnews/status/533647680455471105%22%3ENovember%2015,%202014%3C/a%3E%3C/blockquote%3E%20%3Cscript%20async%20src=%22//platform.twitter.com/widgets.js%22%20charset=%22utf-8%22%3E%3C/script%3E\" data-meta-info=\"desktop\"\u003e\u003c/p\u003e\u003ch5\u003e— The Associated Press\u003c/h5\u003e","cover_headline":"Cosby Cancels 'Letterman' Spot Amid Rape Allegations","cover_image":null,"curated_list":[],"editorial_notes":null,"external_link":null,"first_publication_date":"1416068132","hidden":0,"labels":[],"linked_sections":[],"linked_topics":[],"main_art":{"alt_text":"Image: Bill Cosby","byline":"Matt Rourke","caption":null,"copyright":null,"crop_rect":"","fid":"769181","focus_rect":"5,171,2213,1076","height":"1479","source":"AP","title":"Image: Bill Cosby","url":"cosby-ejo-111514.jpg","width":"2218"},"native_ad":0,"nid":"249271","publication_date":1416688940,"revision_timestamp":1416688941,"search_enabled":1,"section":["79"],"show_on_cover":1,"slideshow":null,"source":[],"source_site_name":null,"sponsor_label":null,"storyline":["18271"],"summary":"The legendary comedian has been under fire after allegations resurfaced that he sexually assaulted several women in past decades.","tags":[],"tease_image":null,"title":"Bill Cosby Cancels Guest Spot With Letterman Amid Rape Allegations","topic":["32"],"type":"news_entry","video_art_url":null},"externalId":"249271","externalSource":"NewsCMS","type":"news_entry"}