{"action":"save","entry":{"ads_enabled":1,"article_type":"photo","breaking_news":0,"breaking_news_alert":0,"breaking_news_alert_title":null,"breaking_news_headline":null,"byline_id":[],"comments_enabled":1,"content":"\u003cp\u003eThe Cowardly Lion costume worn by Bert Lahr in \"The Wizard of Oz\" sold for $2.6 million—topping its $2 million estimate.\u003c/p\u003e\u003cp\u003eThe costume, famed for its dynamic tail and regal mane, was part of a sale of Hollywood items by Bonhams on Monday. The ultimate cat costume was made from actual lion hide and was worn in more than a dozen scenes in the 1939 film, according to Bonhams. Because it was so hot under all that fur, the costume had to be placed in an industrial drying bin overnight so that the perspiration could be dried before the next production day. The costume was discovered carefully bundled up in an old building on the MGM lot. It has a hidden zipper in the front and an attached tail in the back.\u003c/p\u003e\u003cp\u003e-- Robert Frank, CNBC.com\u003c/p\u003e","cover_headline":"Whoever Bought This Costume Was No Coward","cover_image":null,"curated_list":[],"editorial_notes":null,"external_link":null,"first_publication_date":"1416919431","hidden":0,"labels":[],"linked_sections":[],"linked_topics":["32"],"main_art":{"alt_text":"Image: US-BONHAMS-COWARDLY LION","byline":"DON EMMERT","caption":"Actor Bert Lahr's \"Cowardly Lion\" costume from the \"Wizard of Oz\" on display at Bonham's November 24, 2014 in New York.","copyright":null,"crop_rect":null,"fid":"782126","focus_rect":null,"height":"1754","source":"AFP - Getty Images","title":"Image: US-BONHAMS-COWARDLY LION","url":"141125-lion_0741.jpg","width":"2500"},"native_ad":0,"nid":"255626","publication_date":"1416919430","revision_timestamp":1416919584,"search_enabled":1,"section":["77"],"show_on_cover":1,"slideshow":null,"source":["66"],"source_site_name":null,"sponsor_label":null,"storyline":[],"summary":"The 'Wizard of Oz' costume, famed for its dynamic tail and regal mane, was part of a sale of Hollywood items by Bonhams.","tags":[],"tease_image":null,"title":"'Cowardly Lion' Costume Conjures Up Amazing Price at Auction","topic":["44"],"type":"news_entry","video_art_url":null},"externalId":"255626","externalSource":"NewsCMS","type":"news_entry"}