{"action":"save","entry":{"ads_enabled":1,"article_type":"video","brand":"NBC News","breaking_news":0,"breaking_news_alert":0,"breaking_news_alert_title":null,"breaking_news_headline":null,"byline_id":[],"comments_enabled":1,"content":null,"cover_headline":"Reid: Obama 'Should Go Big, As Big As He Can' on Immigration","cover_image":null,"curated_list":[],"editorial_notes":null,"external_link":null,"first_publication_date":"1416340088","hidden":0,"labels":[],"linked_sections":[],"linked_topics":["53"],"main_art":null,"mpx_description":"Senate Majority Leader Harry Reid tells reporters Tuesday that President Obama should act on immigration reform to the fullest extent of his executive power.","mpx_guid":"f_dc_reid_gobig_141118","mpx_id":"360393283880","mpx_title":"Reid: Obama 'Should Go Big, As Big As He Can' on Immigration","native_ad":0,"nid":"251016","publication_date":"1416340087","revision_timestamp":1416579516,"search_enabled":1,"section":["64"],"show_on_cover":1,"slideshow":null,"source":[],"source_site_name":null,"sponsor_label":null,"storyline":["18266"],"summary":"Senate Majority Leader Harry Reid tells reporters Tuesday that President Obama should act on immigration reform to the fullest extent of his executive power.","tags":[],"tease_image":null,"title":"Reid: Obama 'Should Go Big, As Big As He Can' on Immigration","topic":["37"],"type":"news_entry","video_art_url":"http://media2.s-nbcnews.com/i/MSNBC/Components/Video/__NEW/f_dc_reid_gobig_141118.jpg","workbench_id":"56450355"},"externalId":"251016","externalSource":"NewsCMS","type":"news_entry"}