{"action":"save","entry":{"ads_enabled":1,"article_type":"video","brand":"NBC News","breaking_news":0,"breaking_news_alert":0,"breaking_news_alert_title":null,"breaking_news_headline":null,"byline_id":[],"comments_enabled":1,"content":null,"cover_headline":null,"cover_image":null,"curated_list":[],"editorial_notes":null,"external_link":null,"first_publication_date":"1416240335","hidden":0,"labels":[],"linked_sections":[],"linked_topics":[],"main_art":null,"mpx_description":"Fans attending Bill Cosby’s show in Erie, Penn., sound off on the sexual harassment accusations the entertainer faces.","mpx_guid":"f_fh_cosby_case_141117","mpx_id":"359757891824","mpx_title":"Cosby Fans: He Is Innocent Until Proven Guilty","native_ad":0,"nid":"250076","publication_date":"1416240335","revision_timestamp":1416688953,"search_enabled":1,"section":["79"],"show_on_cover":0,"slideshow":null,"source":[],"source_site_name":null,"sponsor_label":null,"storyline":["18271"],"summary":"Fans attending Bill Cosby’s show in Erie, Penn., sound off on the sexual harassment accusations the entertainer faces.","tags":[],"tease_image":null,"title":"Cosby Fans: He Is Innocent Until Proven Guilty","topic":["32"],"type":"news_entry","video_art_url":"http://media2.s-nbcnews.com/i/MSNBC/Components/Video/__NEW/f_fh_cosby_case_141117.jpg","workbench_id":"56442706"},"externalId":"250076","externalSource":"NewsCMS","type":"news_entry"}