{"action":"save","entry":{"ads_enabled":1,"article_type":"video","brand":"Nightly News","breaking_news":0,"breaking_news_alert":0,"breaking_news_alert_title":null,"breaking_news_headline":null,"byline_id":["8426"],"comments_enabled":1,"content":null,"cover_headline":null,"cover_image":null,"curated_list":[],"editorial_notes":null,"external_link":null,"first_publication_date":"1416440842","hidden":0,"labels":[],"linked_sections":[],"linked_topics":["55","80"],"main_art":null,"mpx_description":"Acting Secret Service director Joseph Clancy faced tough questions when he testified on Capitol Hill.","mpx_guid":"x_dc_nn_secretservice_141119","mpx_id":"360990787510","mpx_title":"Secret Service 'Severely Damaged' by Scandals","native_ad":0,"nid":"252121","publication_date":1416440842,"revision_timestamp":1416440843,"search_enabled":1,"section":["19"],"show_on_cover":0,"slideshow":null,"source":[],"source_site_name":null,"sponsor_label":null,"storyline":[],"summary":"Acting Secret Service director Joseph Clancy faced tough questions when he testified on Capitol Hill.","tags":[],"tease_image":null,"title":"Secret Service 'Severely Damaged' by Scandals","topic":[],"type":"news_entry","video_art_url":"http://media2.s-nbcnews.com/i/MSNBC/Components/Video/__NEW/x_dc_nn_secretservice_141119.jpg","workbench_id":"56458412"},"externalId":"252121","externalSource":"NewsCMS","type":"news_entry"}