{"action":"save","entry":{"ads_enabled":1,"article_type":"video","brand":"Nightly News","breaking_news":0,"breaking_news_alert":0,"breaking_news_alert_title":null,"breaking_news_headline":null,"byline_id":["13171"],"comments_enabled":1,"content":null,"cover_headline":null,"cover_image":null,"curated_list":[],"editorial_notes":null,"external_link":null,"first_publication_date":"1416354325","hidden":0,"labels":[],"linked_sections":[],"linked_topics":["26","35","8"],"main_art":{"alt_text":"Image: Family members of Aryeh Kupinsky, gather at his body covered in a prayer shawl","byline":"JIM HOLLANDER","caption":"Family members of Aryeh Kupinsky (C), aged 43, an immigrant from the United States, gather at his body covered in a prayer shawl as two other victims of an attack by Palestinians are also in vans during their funeral service outside the Yeshiva in Har Nof, a religious neighborhood in west Jerusalem, where they were slain earlier 18 November 2014. Also killed was Rabbi Avraham Shmuel Goldberg, an immigrant from Britain, and Rabbi Kalman Levine, an immigrant from the US. Media reports state that two Palestinians armed with an axe, kitchen knives and a pistol killed four worshippers and injured eight others at a Jerusalem synagogue early 18 November, before being shot dead by Israeli police. The attack, which lasted seven minutes until the first police arrived, occurred during morning prayers. ","copyright":null,"crop_rect":"","fid":"773601","focus_rect":"0,334,2142,848","height":"1623","source":"EPA","title":"Image: Family members of Aryeh Kupinsky, gather at his body covered in a prayer shawl","url":"141118-jerusalem-jms-2027.jpg","width":"2500"},"mpx_description":"Tensions are mounting in Israel after two Palestinian men stormed a synagogue in Jerusalem and killed four worshipers, including three American rabbis.","mpx_guid":"nn_bne_jerusalem_141118","mpx_id":"360505411948","mpx_title":"Jerusalem on Edge After Deadly Rampage at Synagogue","native_ad":0,"nid":"251206","publication_date":"1416351679","revision_timestamp":1416360589,"search_enabled":1,"section":["19"],"show_on_cover":0,"slideshow":null,"source":[],"source_site_name":null,"sponsor_label":null,"storyline":[],"summary":"Tensions are mounting in Israel after two Palestinian men stormed a synagogue in Jerusalem and killed four worshipers, including three American rabbis.","tags":[],"tease_image":null,"title":"Jerusalem on Edge After Deadly Rampage at Synagogue","topic":[],"type":"news_entry","video_art_url":"http://media1.s-nbcnews.com/i/MSNBC/Components/Video/__NEW/2014-11-18T23-31-20-4Z--1280x720.jpg","workbench_id":null},"externalId":"251206","externalSource":"NewsCMS","type":"news_entry"}