{"action":"save","entry":{"ads_enabled":1,"article_type":"spread","breaking_news":0,"breaking_news_alert":0,"breaking_news_alert_title":null,"breaking_news_headline":null,"byline_id":["9081"],"comments_enabled":1,"content":"\u003cp\u003eBlack Friday is an event that has spawned all sorts of retail spin-offs.\u003c/p\u003e\u003cp\u003eFirst came Cyber Monday, a second bite at the apple from online retailers. Then there was the slow creep into Thanksgiving Day. Two years ago, Bitcoin Black Friday made its debut, and it's a holiday tradition that's quickly gaining ground.\u003c/p\u003e\u003cp\u003eBitcoin Black Friday had a moderately successful start, with just 20 merchants initially supporting the campaign. Throughout the day, though, more began to list deals on the site—with the number climbing to 50 by the time the shopping day was through.\u003c/p\u003e\u003cp\u003e\u003cdata data-widget-name=\"mpx_video\" data-mpx-id=\"200203331730\" data-mpx-guid=\"p_showme_bitcoin_140318\" data-autoplay=\"0\" data-mpx-title-override=\"Are Bitcoins the Future of Money or Just a Scam?\" data-mpx-description-override=\"Show Me: Virtual currencies like Bitcoin are showing what's possible when money isn't connected to a government bank. But not all of the possibilities are good for the average consumer.\" data-meta-info=\"mpx-id | mpx-guid | mpx-description-override | mpx-title-override\"\u003e\u003c/data\u003e\u003c/p\u003e\u003cp\u003eLast year, the number surged to 600 merchants, and sales hit the equivalent of $6 million. This year, said the event's founder, Jon Holmquist, 1,200 merchants are expected to take part, and it's looking to branch the customer base out beyond the circle of existing bitcoin users.\u003c/p\u003e\u003cp\u003e\"We have two things planned,\" he said. \"First is the ability to instantly purchase bitcoin with your credit card: a small amount, like $25 worth. For most people, that's not too much of a risk. And we're also going to have a section [of the site] where you can purchase something for a small amount of money.\"\u003c/p\u003e\u003cp\u003eThe response wasn't overwhelming, but it was enough to convince him to try. This year, Bitcoin Black Friday has grown to the point that Holmquist said he's had to bring on a small staff to help organize it for the past two months.\u003c/p\u003e\u003cp\u003eLast year, BitcoinBlackFriday.com—the home site of the sale that lists the offers—garnered 100,000 visitors, according to Bitpay. This year's traffic is likely to be significantly higher, as mainstream retailers, like Newegg, Overstock and TigerDirect, have begun accepting the digital currency, raising consumer awareness.\u003c/p\u003e\u003cp\u003eAmong the companies expected to participate this year are Newegg, precious metals dealer Amagi Metals, domain registration site NameCheap, and gift card reseller Gyft. And that merchant count could easily exceed the estimated 1,200, as listing a deal is free to any company that accepts bitcoin payments.\u003c/p\u003e\u003cp\u003e\"The big problem for us is that most merchants don't want to plan ahead,\" said Holmquist. \"It's a lot of smaller merchants, so they put it off until the day of or the day before.\"\u003c/p\u003e\u003cp\u003eOne company that won't be participating, apparently, is Overstock. While it's arguably the largest company to accept bitcoin, a spokesperson said the company's Black Friday deals will be listed on its own site, though all can be paid for with the digital currency.\u003c/p\u003e\u003cp\u003e\u003cdata data-widget-name=\"mpx_video\" data-mpx-id=\"37156931584\" data-mpx-guid=\"x_lon_nn_bitcoin_130714\" data-autoplay=\"0\" data-mpx-title-override=\"Banking on bitcoins\" data-mpx-description-override=\"Is the virtual money known as Bitcoin the currency of the future? NBC News' Andy Eckardt reports from Berlin.\" data-meta-info=\"mpx-id | mpx-guid | mpx-description-override | mpx-title-override\"\u003e\u003c/data\u003e\u003c/p\u003e\u003cp\u003eTraditionally, Bitcoin Black Friday deals aren't revealed until the day after Thanksgiving. (Due to the smaller nature of the businesses that accept the currency, there's little worry of leaks, and the owners likely realize the deals they offer aren't likely to whip heads around quite as quickly as the doorbusters at traditional retailers.) This year, however, to build excitement and interest in the event, the list will post on the day before Thanksgiving, letting shoppers prepare accordingly.\u003c/p\u003e\u003cp\u003eBitcoins have certainly seen a surge of interest in 2014, and investors in the digital currency have ridden a breathtaking roller coaster.\u003c/p\u003e\u003cp\u003eAfter topping $1,000 at the end of 2013, the value of a bitcoin started this year at more than $940, but that didn't last long. A plunge started in February, eventually bottoming out in April at $360. It surged again to $665 in early June but hasn't been able to hold that level, either. These days, it's hovering around $370.\u003c/p\u003e\u003cp\u003eOne of the main causes for the instability was the collapse of the Japanese-based bitcoin exchange Mt.Gox, which once claimed it handled around 80 percent of all global dollar trades for bitcoin. The shutdown of that exchange resulted in 850,000 lost bitcoins and 127,000 empty-handed customers.\u003c/p\u003e\u003cp\u003eDespite these setbacks, though, there's still an active, enthusiastic community for the currency. Now merchants are hoping that enthusiasm can be converted into profits.\u003c/p\u003e\u003cp\u003e \u003c/p\u003e","cover_headline":"Get Ready for Bitcoin Black Friday Deals","cover_image":{"alt_text":"Image: A Bitcoin sign","byline":"MARK BLINCH","caption":"A Bitcoin sign","copyright":null,"crop_rect":"","fid":"500676","focus_rect":"212,0,1919,1530","height":"1537","source":"Reuters file","title":"Image: A Bitcoin sign","url":"140610-bitcoin-jms-1819.jpg","width":"2500"},"curated_list":[],"editorial_notes":null,"external_link":null,"first_publication_date":"1416839667","hidden":0,"labels":[],"linked_sections":["77"],"linked_topics":["29"],"main_art":null,"native_ad":0,"nid":"254851","publication_date":1416839667,"revision_timestamp":1416839668,"search_enabled":1,"section":["75"],"show_on_cover":0,"slideshow":null,"source":[],"source_site_name":null,"sponsor_label":null,"storyline":[],"summary":"Black Friday is an event that has spawned all sorts of retail spin-offs.","tags":[],"tease_image":null,"title":"Get Ready for Bitcoin Black Friday Deals","topic":["17581"],"type":"news_entry","video_art_url":null},"externalId":"254851","externalSource":"NewsCMS","type":"news_entry"}