{"action":"save","entry":{"ads_enabled":1,"article_type":"video","brand":"NowThis News","breaking_news":0,"breaking_news_alert":0,"breaking_news_alert_title":null,"breaking_news_headline":null,"byline_id":[],"comments_enabled":1,"content":null,"cover_headline":null,"cover_image":null,"curated_list":[],"editorial_notes":null,"external_link":null,"first_publication_date":"1416428182","hidden":0,"labels":[],"linked_sections":["7"],"linked_topics":["47","30"],"main_art":null,"mpx_description":"25 years after Czechoslovakia split into two different countries, protests return to the street in reaction to the president's coziness with Russia.","mpx_guid":"ntn_velvet_141119","mpx_id":"360896579941","mpx_title":"Red Card for the President: 25 Years Since Czech Revolution","native_ad":0,"nid":"251921","publication_date":1416428182,"revision_timestamp":1416428182,"search_enabled":1,"section":["7"],"show_on_cover":0,"slideshow":null,"source":[],"source_site_name":null,"sponsor_label":null,"storyline":[],"summary":"25 years after Czechoslovakia split into two different countries, protests return to the street in reaction to the president's coziness with Russia.","tags":[],"tease_image":null,"title":"Red Card for the President: 25 Years Since Czech Revolution","topic":["47"],"type":"news_entry","video_art_url":"http://media2.s-nbcnews.com/i/MSNBC/Components/Video/141119/ntn_velvet_141119.jpg","workbench_id":"56457341"},"externalId":"251921","externalSource":"NewsCMS","type":"news_entry"}