{"action":"save","entry":{"ads_enabled":1,"article_type":"video","brand":"Nightly News","breaking_news":0,"breaking_news_alert":0,"breaking_news_alert_title":null,"breaking_news_headline":null,"byline_id":["4756"],"comments_enabled":1,"content":null,"cover_headline":"Brian Williams: World's Favorite County Is Not the U.S.","cover_image":null,"curated_list":[],"editorial_notes":null,"external_link":null,"first_publication_date":"1416360496","hidden":0,"labels":[],"linked_sections":["19"],"linked_topics":["47","32","8"],"main_art":{"alt_text":"Image: Women dressed in typical Bavarian Dirndl dresses pose with beer mugs in a festival beer tent of the Oktoberfest beer festival","byline":"CHRISTOF STACHE","caption":"Girls dressed in typical Bavarian Dirndl dresses pose with beer mugs in a festival beer tent of the Oktoberfest beer festival at the Theresienwiese in Munich, southern Germany, on October 2, 2014. ","copyright":null,"crop_rect":"","fid":"773686","focus_rect":"50,268,2450,916","height":"1542","source":"AFP - Getty Images file","title":"Image: Women dressed in typical Bavarian Dirndl dresses pose with beer mugs in a festival beer tent of the Oktoberfest beer festival","url":"141118-oktoberfest-jms-2256.jpg","width":"2500"},"mpx_description":"It took about 70 years, but Germany has gone from being a global pariah to the world's favorite country, beating out the United States.","mpx_guid":"nn_bwi_3blk_germany_141118","mpx_id":"360544835667","mpx_title":"This Is the World's Favorite Country, and It's Not the U.S.","native_ad":0,"nid":"251301","publication_date":"1416356628","revision_timestamp":1416369561,"search_enabled":1,"section":["17861"],"show_on_cover":0,"slideshow":null,"source":[],"source_site_name":null,"sponsor_label":null,"storyline":[],"summary":"It took about 70 years, but Germany has gone from being a global pariah to the world's favorite country, beating out the United States.","tags":[],"tease_image":null,"title":"This Is the World's Favorite Country, and It's Not the U.S.","topic":[],"type":"news_entry","video_art_url":"http://media2.s-nbcnews.com/i/MSNBC/Components/Video/__NEW/nn_bwi_3blk_germany_141118.jpg","workbench_id":"56452270"},"externalId":"251301","externalSource":"NewsCMS","type":"news_entry"}