{"action":"save","entry":{"ads_enabled":1,"article_type":"video","brand":"NBCNews.com","breaking_news":0,"breaking_news_alert":0,"breaking_news_alert_title":null,"breaking_news_headline":null,"byline_id":[],"comments_enabled":1,"content":null,"cover_headline":"This Week in Schadenfreude: Lena Dunham's Big Book Flub","cover_image":null,"curated_list":[],"editorial_notes":null,"external_link":null,"first_publication_date":"1412366574","hidden":0,"labels":[],"linked_sections":["7"],"linked_topics":["30"],"main_art":{"alt_text":"Image: Celebrity Sightings In New York City - September 30, 2014","byline":"Ray Tamarra","caption":"Actress Lena Dunham tapes an interview at \"Good Morning America\" at the ABC Times Square Studios on Sept. 30, in New York City.","copyright":"2014 Ray Tamarra","crop_rect":"","fid":"700386","focus_rect":"605,218,1842,1580","height":"3756","source":"Getty Images Contributor","title":"Image: Celebrity Sightings In New York City - September 30, 2014","url":"141003-lena-dunham-2247.jpg","width":"2500"},"mpx_description":"After reversing her stance on paying her book tour warm up acts, writer and actress Lena Dunham headlines the latest episode of This Week in Schadenfreude.","mpx_guid":"a_twis_dunham_141003","mpx_id":"337539651891","mpx_title":"Lena Dunham’s Book Tour Backpedaling","native_ad":0,"nid":"217946","publication_date":"1412366574","revision_timestamp":1416442371,"search_enabled":1,"section":["18251"],"show_on_cover":1,"slideshow":null,"source":[],"source_site_name":null,"sponsor_label":null,"storyline":[],"summary":"After reversing her stance on paying her book tour warm up acts, writer and actress Lena Dunham headlines the latest episode of This Week in Schadenfreude.","tags":[],"tease_image":null,"title":"Lena Dunham's Book Tour Backpedaling","topic":[],"type":"news_entry","video_art_url":"http://media2.s-nbcnews.com/i/MSNBC/Components/Video/141003/a_twis_dunham_141003.jpg","workbench_id":"56172041"},"externalId":"217946","externalSource":"NewsCMS","type":"news_entry"}