{"action":"save","entry":{"ads_enabled":1,"article_type":"photo","breaking_news":0,"breaking_news_alert":0,"breaking_news_alert_title":null,"breaking_news_headline":null,"byline_id":[],"comments_enabled":1,"content":"\u003cp\u003eIn documents and photos made available after the grand jury announcement on Monday night, Ferguson police officer Darren Wilson appears after being involved in the shooting death of 18-year-old Michael Brown on Aug. 9.\u003c/p\u003e","cover_headline":"Photos Show Officer Darren Wilson After Shooting","cover_image":{"alt_text":null,"byline":"St. Louis County Prosecutor's Office","caption":"Ferguson police officer Darren Wilson after being involved in the shooting death of 18-year-old Michael Brown on Aug. 9.","copyright":null,"crop_rect":"","fid":"781871","focus_rect":"466,192,1395,1081","height":"3765","source":null,"title":null,"url":"141124-darren-wilson-front-2254.jpg","width":"2500"},"curated_list":[],"editorial_notes":null,"external_link":null,"first_publication_date":"1416888254","hidden":0,"labels":[],"linked_sections":[],"linked_topics":["66"],"main_art":{"alt_text":null,"byline":"St. Louis County Prosecutor's Office","caption":"Ferguson police officer Darren Wilson after being involved in the shooting death of 18-year-old Michael Brown on Aug. 9.","copyright":null,"crop_rect":null,"fid":"781866","focus_rect":null,"height":"2500","source":null,"title":null,"url":"141124-darren-wilson-2250.jpg","width":"2500"},"native_ad":0,"nid":"255486","publication_date":"1416888602","revision_timestamp":1416889720,"search_enabled":1,"section":["7"],"show_on_cover":1,"slideshow":null,"source":[],"source_site_name":null,"sponsor_label":null,"storyline":["17876"],"summary":"New photos have emerge of Ferguson police officer Darren Wilson after being involved in the shooting death of 18-year-old Michael Brown on Aug. 9.","tags":[],"tease_image":null,"title":"Photos Show Officer Darren Wilson After Michael Brown Shooting","topic":["67"],"type":"news_entry","video_art_url":null},"externalId":"255486","externalSource":"NewsCMS","type":"news_entry"}