{"action":"save","entry":{"ads_enabled":1,"article_type":"post","breaking_news":0,"breaking_news_alert":0,"breaking_news_alert_title":null,"breaking_news_headline":null,"byline_id":[],"comments_enabled":1,"content":"\u003cp\u003e\u003cdata data-widget-name=\"mpx_video\" data-mpx-id=\"360000579724\" data-mpx-guid=\"nn_cyn_cosby_141117\" data-autoplay=\"1\" data-mpx-title-override=\"Bill Cosby Silent as Sexual Assault Allegations Resurface\" data-mpx-description-override=\"Long-standing allegations against Bill Cosby are resurfacing as another woman comes forward accusing the iconic TV star of rape.\" data-meta-info=\"mpx-id | mpx-guid | mpx-description-override | mpx-title-override\"\u003e\u003c/data\u003e\u003c/p\u003e\u003cp\u003eModel and TV host Janice Dickinson is adding her name to the women who have accused comic Bill Cosby of sexual assault. In an \"Entertainment Tonight\" interview that aired Tuesday, Dickinson said that the 1982 incident occurred in Lake Tahoe, California, where he was performing. Dickinson told \"Entertainment Tonight\" that she wrote about the assault in her 2002 autobiography, but that Cosby and his lawyers pressured her and the publisher to remove the details. She said her new account is a \"true story.\"\u003c/p\u003e\u003cp\u003eCosby's attorney, Marty Singer, blasted the assault allegation as a \"complete lie.\" He also flatly rejected Dickinson's claim that the model was pressured to remove details of an assault.\u003c/p\u003e\u003cp\u003e\"You can confirm with Harper Collins that she never claimed that Mr. Cosby raped her, that no attorney representing Bill Cosby tried to kill the story...and no one tried to prevent anything she wanted to say about Bill Cosby in her book,\" he said in a statement. \"There is documentary proof that Janice Dickinson is fabricating and lying about Bill Cosby.\"\u003c/p\u003e\u003cp\u003eAmid the allegations, Netflix said late Tuesday it was \"postponing the launch of the new stand up comedy special 'Bill Cosby 77.'\" NBC said Monday that plans for a multi-generational family comedy where Cosby plays the patriarch were \"still in development.\" NBC Entertainment declined any further comment late Tuesday.\u003c/p\u003e\u003cp\u003eThe 77-year-old Cosby, who has never been criminally charged in any case, settled a civil suit in 2006 with another woman who claimed she was assaulted.\u003c/p\u003e\u003cp\u003e\u003cimg src=\"773656\" data-field-file-image-alt-text=\"Image%3A+Janice+Dickinson\" data-field-file-image-title-text=\"Image%3A+Janice+Dickinson\" data-field-caption=\"Janice+Dickinson+attends+the+Custo+Barcelona+fashion+show+during+Mercedes-Benz+Fashion+Week+Fall+2014+at+The+Salon+at+Lincoln+Center+on+February+9%2C+2014+in+New+York+City.+\" data-field-byline=\"Stephen+Lovekin\" data-field-source=\"Getty+Images+file\" data-field-copyright=\"2014+Getty+Images\" data-field-file-created=\"1416365800\" data-field-half-size-image=\"0\" /\u003e\u003c/p\u003e\u003ch2\u003eIN-DEPTH\u003c/h2\u003e\u003cul\u003e\u003cli\u003e\u003ca href=\"http://www.nbcnews.com/pop-culture/celebrity/why-are-old-assault-claims-against-bill-cosby-back-n250161\"\u003eWhy Are Old Assault Claims Against Bill Cosby Back?\u003c/a\u003e\u003c/li\u003e\u003cli\u003e\u003ca href=\"http://www.nbcnews.com/pop-culture/pop-culture-news/bill-cosby-cancels-guest-spot-letterman-amid-rape-allegations-n249271\"\u003eBill Cosby Cancels Guest Spot With Letterman Amid Rape Allegations\u003c/a\u003e\u003c/li\u003e\u003c/ul\u003e\u003ch5\u003e— NBC News and The Associated Press\u003c/h5\u003e","cover_headline":"Former Model Janice Dickinson Accuses Cosby of Sex Assault","cover_image":null,"curated_list":[],"editorial_notes":null,"external_link":null,"first_publication_date":"1416366330","hidden":0,"labels":[],"linked_sections":[],"linked_topics":[],"main_art":{"alt_text":"Image: Janice Dickinson","byline":"Stephen Lovekin","caption":"Janice Dickinson attends the Custo Barcelona fashion show during Mercedes-Benz Fashion Week Fall 2014 at The Salon at Lincoln Center on February 9, 2014 in New York City. ","copyright":"2014 Getty Images","crop_rect":"","fid":"773656","focus_rect":"56,348,2388,1233","height":"2207","source":"Getty Images file","title":"Image: Janice Dickinson","url":"141118-janice-dickinson-jms-2155.jpg","width":"2500"},"native_ad":0,"nid":"251361","publication_date":1416688981,"revision_timestamp":1416688982,"search_enabled":1,"section":["79"],"show_on_cover":1,"slideshow":null,"source":[],"source_site_name":null,"sponsor_label":null,"storyline":["18271"],"summary":"Model and TV host Janice Dickinson is adding her name to the women who have accused comic Bill Cosby of sexual assault.","tags":[],"tease_image":null,"title":"Former Model Janice Dickinson Accuses Bill Cosby of Sex Assault","topic":["43"],"type":"news_entry","video_art_url":null},"externalId":"251361","externalSource":"NewsCMS","type":"news_entry"}