{"action":"save","entry":{"ads_enabled":1,"article_type":"video","brand":"NBC News","breaking_news":0,"breaking_news_alert":0,"breaking_news_alert_title":null,"breaking_news_headline":null,"byline_id":[],"comments_enabled":1,"content":null,"cover_headline":null,"cover_image":null,"curated_list":[],"editorial_notes":null,"external_link":null,"first_publication_date":"1416411983","hidden":0,"labels":[],"linked_sections":[],"linked_topics":["30"],"main_art":null,"mpx_description":"See how Arctic Scoop creamery in Louisville, Kentucky, uses liquid nitrogen to make their extra cold ice cream.","mpx_guid":"f_ots_ice_cream_141118","mpx_id":"360789059766","mpx_title":"Cream + Liquid Nitrogen = Brrrilliant Frozen Treats","native_ad":0,"nid":"251646","publication_date":1416411983,"revision_timestamp":1416411984,"search_enabled":1,"section":["7"],"show_on_cover":1,"slideshow":null,"source":[],"source_site_name":null,"sponsor_label":null,"storyline":[],"summary":"See how Arctic Scoop creamery in Louisville, Kentucky, uses liquid nitrogen to make their extra cold ice cream.","tags":[],"tease_image":null,"title":"Cream + Liquid Nitrogen = Brrrilliant Frozen Treats","topic":["90"],"type":"news_entry","video_art_url":"http://media2.s-nbcnews.com/i/MSNBC/Components/Video/__NEW/f_ots_ice_cream_141118.jpg","workbench_id":"56455661"},"externalId":"251646","externalSource":"NewsCMS","type":"news_entry"}