{"action":"save","entry":{"ads_enabled":1,"article_type":"photo","breaking_news":0,"breaking_news_alert":0,"breaking_news_alert_title":null,"breaking_news_headline":null,"byline_id":[],"comments_enabled":1,"content":"\u003cp\u003eA Russian capsule carrying three astronauts from Russia, the United States and Italy has blasted off for the International Space Station. The Soyuz capsule roared into the darkness just after 3 a.m. local time Monday (4 p.m. ET Sunday) from Russia's Baikonur Cosmodrome in Kazakhstan.\u003c/p\u003e\u003cp\u003eAboard the capsule are Russian Anton Shkaplerov, NASA's Terry Virts and Italian astronaut Samantha Cristoforetti. The craft will dock with the space station about six hours after launch, where they will join three others already aboard. Those spacefliers include Elena Serova, the first Russian woman to live aboard the International Space Station.\u003c/p\u003e\u003cp\u003eCristoforetti's arrival will mark the second time in the station's 16-year history that two women have been conducting long-term missions simultaneously. The first time came in 2010, when \u003ca href=\"http://www.nasa.gov/mission_pages/station/expeditions/expedition24/\"\u003eTracy Caldwell Dyson and Shannon Walker\u003c/a\u003e were on the station for Expedition 24.\u003c/p\u003e\u003cp\u003e\u003cimg src=\"http://newscms.nbcnews.com/sites/newscms/files/youtube.png\" alt=\"youtube-id:Gjv5yM0UD2g\" title=\"youtube-id:Gjv5yM0UD2g\" class=\"news-widget\" id=\"widget_0\" data-widget-name=\"youtube\" data-widget-id=\"7\" data-widget-image=\"http://newscms.nbcnews.com/sites/newscms/files/youtube.png\" data-youtube-id=\"Gjv5yM0UD2g\" data-meta-info=\"youtube-id\"\u003e\u003c/p\u003e\u003cp\u003eDuring a pre-launch news conference, Cristoforetti, a 37-year-old Italian Air Force pilot, deflected questions about her status as Italy’s first female astronaut. When asked by a reporter if she planned to wear cosmetics in space, Cristoforetti looked confused, then replied, “Maybe you should ask Terry. Maybe he wants to take some makeup with him.”\u003c/p\u003e\u003cp\u003eThe new crew's six-month tour of duty is also expected to mark the first taste test of fresh-brewed espresso in space. The \u003ca href=\"http://www.lavazza.com/en/media-center/pressreleasedetail/58dae66d-f246-11e3-b615-c90c8a507add/\"\u003eISSpresso coffeemaker\u003c/a\u003e was designed to work in zero gravity by Italy's Lavazza coffee company and Argotec engineering firm. It's due to be sent up to the station next year on a cargo craft, and will be tested under the terms of a private-public partnership associated with Cristoforetti's mission.\u003c/p\u003e\u003ch5\u003e— The Associated Press, Reuters and NBC News Staff\u003c/h5\u003e","cover_headline":"Russian Craft Sends New Crew Members to Space Station","cover_image":null,"curated_list":[],"editorial_notes":null,"external_link":null,"first_publication_date":"1416779039","hidden":0,"labels":[],"linked_sections":[],"linked_topics":["67"],"main_art":{"alt_text":"Image: Soyuz launch","byline":null,"caption":"A Russian Soyuz rocket rises from its launch pad at the Baikonur Cosmodrome in Kazakhstan early Monday, sending spacefliers from the United States and Russia toward the International Space Station.","copyright":null,"crop_rect":"","fid":"780231","focus_rect":"63,6,1537,483","height":"893","source":"Roscosmos","title":"Image: Soyuz launch","url":"141123-launch4.jpg","width":"1600"},"native_ad":0,"nid":"254526","publication_date":"1416780291","revision_timestamp":1416780614,"search_enabled":1,"section":["73"],"show_on_cover":1,"slideshow":null,"source":["51"],"source_site_name":null,"sponsor_label":null,"storyline":[],"summary":"A Russian Soyuz craft is sending astronauts from the United States, Russia and Italy on a quick trip to the International Space Station.","tags":[],"tease_image":null,"title":"Russian Craft Sends New Crew Members to Space Station","topic":["83"],"type":"news_entry","video_art_url":null},"externalId":"254526","externalSource":"NewsCMS","type":"news_entry"}