{"action":"save","entry":{"ads_enabled":1,"article_type":"post","breaking_news":0,"breaking_news_alert":0,"breaking_news_alert_title":null,"breaking_news_headline":null,"byline_id":[],"comments_enabled":1,"content":"\u003cp\u003e\u003cdata data-widget-name=\"mpx_video\" data-mpx-id=\"361734211643\" data-mpx-guid=\"tdy_gabe_cosby_141121\" data-autoplay=\"1\" data-mpx-title-override=\"Bill Cosby performs in Bahamas amid rape allegations\" data-mpx-description-override=\"Despite multiple allegations of sexual assault, Bill Cosby took the stage to perform his comedy act. Another accuser has come forward, the fourth in recent weeks. NBC’s Gabe Gutierrez reports.\" data-meta-info=\"mpx-id | mpx-guid | mpx-description-override | mpx-title-override\"\u003e\u003c/data\u003e\u003c/p\u003e\u003cp\u003eBOCA RATON, Fla. — A Florida woman who came forward Thursday became at least the fifth in recent weeks to say Bill Cosby gave her pills that made her feel groggy then forced himself on her sexually.\u003c/p\u003e\u003cp\u003eTherese Serignese, now 57 and a nurse in Boca Raton, said the television icon raped her in 1976 when she was 19 years old following a show in Las Vegas. She said she went backstage and when the two were alone, Cosby gave her two pills and a glass of water, saying, \"Take these.\"\u003c/p\u003e\u003cp\u003e\"My next memory is clearly feeling drugged, being without my clothes, standing up,\" she said. \"Bill Cosby was behind me, having sex with me.\"\u003c/p\u003e\u003cp\u003eThe allegations by Serignese are similar to that of Barbara Bowman and Joan Tarshis, who were aspiring actresses at the time, and model Janice Dickinson.\u003c/p\u003e\u003cp\u003eA fourth woman, Tamara Green wrote an opinion piece Wednesday for \"Entertainment Tonight.\" In 2005, Green publicly claimed that she was drugged and Cosby attempted to assault her; Cosby's lawyers have previously denied they knew each other.\u003c/p\u003e\u003cp\u003eSerignese says after the alleged rape, she willingly stayed with Cosby in Las Vegas for some time, but could not specify how long or whether the two had sex again during their time together. The two also maintained sporadic contact for years after the alleged rape.\u003c/p\u003e\u003cp\u003eCosby spokesman David Brokaw did not respond to a request for comment. Cosby's lawyer, in a statement released Sunday, criticized previous \"decade-old, discredited allegations,\" stating that \"the fact that they are being repeated does not make them true.\"\u003c/p\u003e\u003cp\u003eThe 77-year-old television star's attempt at a career comeback has been collapsing in recent days as the abuse allegations resurfaced. This week Netflix said it was postponing a comedy special it had planned with Cosby to air later this month; NBC said it was stopping development of a sitcom with him and TV Land pulled reruns of \"The Cosby Show\" off the air.\u003c/p\u003e\u003cp\u003eSerignese said she filed a statement with Philadelphia police in January 2005 detailing her allegations and provided a copy of that statement to The Associated Press. The AP could not confirm Thursday that a report had been filed with the Philadelphia police department.\u003c/p\u003e\u003cp\u003e\"There's no DNA. There's no evidence. There was no cameras. There's no videotaping back then. There's no proof,\" she said. \"It's just my word against Bill Cosby.\"\u003c/p\u003e\u003cp\u003e\u003cdata data-widget-name=\"mpx_video\" data-mpx-id=\"361312323770\" data-mpx-guid=\"nc_newcosbyac_141120\" data-autoplay=\"0\" data-mpx-title-override=\"New Cosby Accuser Steps Forward\" data-mpx-description-override=\"Therese Serignese says she was drugged and assaulted by Bill Cosby in 1976. WPTV's Jamel Lanee reports.\" data-meta-info=\"mpx-id | mpx-guid | mpx-description-override | mpx-title-override\"\u003e\u003c/data\u003e\u003c/p\u003e\u003ch2\u003eIN-DEPTH\u003c/h2\u003e\u003cul\u003e\u003cli\u003e\u003ca href=\"http://www.nbcnews.com/pop-culture/celebrity/why-are-old-assault-claims-against-bill-cosby-back-n250161\"\u003eWhy Are Old Assault Claims Against Bill Cosby Back?\u003c/a\u003e\u003c/li\u003e\u003cli\u003e\u003ca href=\"http://www.nbcnews.com/pop-culture/celebrity/former-model-janice-dickinson-accuses-bill-cosby-sex-assault-n251361\"\u003eFormer Model Janice Dickinson Accuses Bill Cosby of Sex Assault\u003c/a\u003e\u003c/li\u003e\u003cli\u003e\u003ca href=\"http://www.nbcnews.com/pop-culture/celebrity/nbc-pulls-plug-bill-cosby-comedy-tv-land-ends-reruns-n251876\"\u003eTV Land Halts 'Cosby Show' Reruns After Sex Claims\u003c/a\u003e\u003c/li\u003e\u003c/ul\u003e\u003ch5\u003e— The Associated Press\u003c/h5\u003e\u003cp\u003e\u003c/p\u003e\u003cp\u003e\u003c/p\u003e","cover_headline":"Florida Nurse Latest to Accuse Cosby of Forced Sex","cover_image":{"alt_text":"Image: Bill Cosby","byline":"Matt Rourke","caption":null,"copyright":null,"crop_rect":"","fid":"769181","focus_rect":"5,171,2213,1076","height":"1479","source":"AP","title":"Image: Bill Cosby","url":"cosby-ejo-111514.jpg","width":"2218"},"curated_list":[],"editorial_notes":null,"external_link":null,"first_publication_date":"1416532931","hidden":0,"labels":[],"linked_sections":["7"],"linked_topics":["71"],"main_art":{"alt_text":"Image: Therese Serignese","byline":"J Pat Carter","caption":"Nurse Therese Serignese, 57, discusses her experience with comedian Bill Cosby at her home on Thursday, Nov. 20, 2014, in Boca Raton, Fla. Serignese said the television icon raped her in 1976 when she was 19 years old following a show in Las Vegas. Cosby spokesman David Brokaw did not respond to a request for comment. ","copyright":null,"crop_rect":"","fid":"777891","focus_rect":"353,122,1908,902","height":"1759","source":"AP","title":"Image: Therese Serignese","url":"141120-therese-serignese-jms-2000.jpg","width":"2500"},"native_ad":0,"nid":"253111","publication_date":"1416581877","revision_timestamp":1416689104,"search_enabled":1,"section":["79"],"show_on_cover":1,"slideshow":null,"source":[],"source_site_name":null,"sponsor_label":null,"storyline":["18271"],"summary":"A Florida woman who came forward Thursday became the fourth in recent weeks to say Bill Cosby gave her pills and then forced himself on her sexually.","tags":[],"tease_image":null,"title":"Florida Nurse Latest Woman to Accuse Bill Cosby of Forced Sex","topic":["43"],"type":"news_entry","video_art_url":null},"externalId":"253111","externalSource":"NewsCMS","type":"news_entry"}