{"action":"save","entry":{"ads_enabled":1,"article_type":"spread","breaking_news":0,"breaking_news_alert":0,"breaking_news_alert_title":null,"breaking_news_headline":null,"byline_id":["34481"],"comments_enabled":1,"content":"\u003cp\u003eThe year since hackers broke into \u003ca href=\"http://data.cnbc.com/quotes/TGT\" target=\"_blank\" data-gdsid=\"34172\" data-inline-quote-symbol=\"TGT\"\u003eTarget\u003c/a\u003e and accessed millions of credit and debit card numbers has been a brutal one for cyberattacks. Next year's threat forecast doesn't look any better.\u003c/p\u003e\u003cp\u003eBut for cybersecurity firms and companies offering cyber-insurance, the year has been great. Business is booming and stock prices are shooting upward. Security start-ups are also getting a massive boost in funding.\u003c/p\u003e\u003ch2\u003eThe year of cyberthreats\u003c/h2\u003e\u003cp\u003eThe hackers that infiltrated Target's point-of-sale terminals sometime before Black Friday last year were able to steal as many as 70 million credit and debit card records. That, it turns out, was just the beginning.\u003c/p\u003e\u003cp\u003eTwenty major U.S. retailers have been breached so far this year, according to data from the security benchmarking company BitSights.\u003c/p\u003e\u003cp\u003e\u003cdata data-widget-name=\"mpx_video\" data-mpx-id=\"282824771619\" data-mpx-guid=\"tdy_sham_hacking_140617\" data-autoplay=\"0\" data-mpx-title-override=\"‘Cryptolocker’ holds computers hostage\" data-mpx-description-override=\"Hackers have found a new way to lock your computer, controlling everything on it, until you pay a ransom. The F.B.I. is calling this one of the most sophisticated computer viruses ever. NBC’s Janet Shamlian reports.\" data-meta-info=\"mpx-id | mpx-guid | mpx-description-override | mpx-title-override\"\u003e\u003c/data\u003e\u003c/p\u003e\u003cp\u003eCompanies across all industries worldwide have reported a total of 42.8 million detected attacks in 2014, according to\u003ca href=\"http://www.pwc.com/gx/en/consulting-services/information-security-survey/\" target=\"_blank\"\u003e PwC's Global State of Information Security Survey 2015.\u003c/a\u003e That's a 48 percent increase in incidents since last year.\u003c/p\u003e\u003cp\u003eFrom retailers to financial services, no industry has been safe. But as the cyberthreat landscape has gotten worse, there's been a silver lining of sorts for investors.\u003c/p\u003e\u003ch2\u003eA silver lining for investors\u003c/h2\u003e\u003cp\u003eCybersecurity spending is expected to reach $71.1 billion this year (a 7.9 percent increase year over year) and estimated to grow about 8 percent annually through 2016, according to Gartner Group.\u003c/p\u003e\u003cp\u003e\"With the myriad of sophisticated attacks and the ad infinitum game of 'cat and mouse' between hackers and security software vendors, we believe a big ramp in cybersecurity spending will continue in the coming years as \"cyber warfare\" heats up, adding to growth prospects at next-generation security software companies,\" said Daniel Ives, an analyst at FBR Capital Markets, in a recent note.\u003c/p\u003e\u003cp\u003eBut there's a shift of sorts that is taking place. Ives said that his checks indicate that IT professionals are moving their investments away from traditional security technologies, such as firewalls, and investing more in advanced cyber-protections, including firms that provide big data analytics for security.\u003c/p\u003e\u003cp\u003e\u003cdata data-widget-name=\"mpx_video\" data-mpx-id=\"96576067924\" data-mpx-guid=\"tdy_target_131219\" data-autoplay=\"0\" data-mpx-title-override=\"Target: 40 million credit and debit accounts breached\" data-mpx-description-override=\"Federal officials are investigating a massive security breach of the retail store, which may have compromised 40 million credit and debit card accounts.\" data-meta-info=\"mpx-id | mpx-guid | mpx-description-override | mpx-title-override\"\u003e\u003c/data\u003e\u003c/p\u003e\u003cp\u003eIves said software vendors including \u003ca href=\"http://data.cnbc.com/quotes/PANW\" target=\"_blank\" data-gdsid=\"142714\" data-inline-quote-symbol=\"PANW\"\u003ePalo Alto Networks\u003c/a\u003e, \u003ca href=\"http://data.cnbc.com/quotes/FEYE\" data-gdsid=\"144500\" data-inline-quote-symbol=\"FEYE\"\u003eFireEye\u003c/a\u003e,\u003ca href=\"http://data.cnbc.com/quotes/PFPT\" data-gdsid=\"135907\" data-inline-quote-symbol=\"PFPT\"\u003eProofpoint\u003c/a\u003e and \u003ca href=\"http://data.cnbc.com/quotes/SPLK\" data-gdsid=\"45098265\" data-inline-quote-symbol=\"SPLK\"\u003eSplunk\u003c/a\u003e all appear to be well-positioned heading into 2015.\u003c/p\u003e\u003cp\u003eSome of these companies already have gotten a boost this year.\u003c/p\u003e\u003cp\u003ePalo Alto Networks share price has increased more than 140 percent in the last 12 months and is up 89 percent year-to-date.\u003c/p\u003e\u003cp\u003eIn the last quarter, Palo Alto Network's top line growth trumped its competitors. The company reported revenue of $178.2 million, a 59 percent increase year-over-year.\u003c/p\u003e\u003cp\u003eBy comparison, \u003ca href=\"http://data.cnbc.com/quotes/FTNT\" data-gdsid=\"69781\" data-inline-quote-symbol=\"FTNT\"\u003eFortinet \u003c/a\u003eincreased 25 percent,\u003ca href=\"http://data.cnbc.com/quotes/CSCO\" data-gdsid=\"42624\" data-inline-quote-symbol=\"CSCO\"\u003e Cisco\u003c/a\u003e grew 1.3 percent and \u003ca href=\"http://data.cnbc.com/quotes/JNPR\" data-gdsid=\"22257\" data-inline-quote-symbol=\"JNPR\"\u003eJuniper\u003c/a\u003e reported a 5 percent decline.\u003c/p\u003e\u003ch2\u003eCyber start-ups get funding boost\u003c/h2\u003e\u003cp\u003eThe huge jump in security incidents has also spurred venture capitalists, especially corporate venture arms, to pour money into the cybersecurity start-ups.\u003c/p\u003e\u003cp\u003e\"The markets react to a market opportunity,\" said David Burg, PwC's Global and US advisory cybersecurity leader.\u003c/p\u003e\u003cp\u003e\"One of the problems is it's hard to secure the enterprise absolutely. So one of the reasons there is a flood of venture capital money into the space is because investors see an opportunity for innovation to solve some of these hard problems that exist out there.\"\u003c/p\u003e\u003cp\u003e\u003cdata data-widget-name=\"mpx_video\" data-mpx-id=\"112746563834\" data-mpx-guid=\"nn_01ktu_target_140110\" data-autoplay=\"0\" data-mpx-title-override=\"Target Holiday Hacking Fraud Expands\" data-mpx-description-override=\"The security breach that affected Target customers who shopped between Nov. 27 to Dec. 15 was only the tip of the iceberg – the company has now announced hackers tapped into Target’s entire customer database.\" data-meta-info=\"mpx-id | mpx-guid | mpx-description-override | mpx-title-override\"\u003e\u003c/data\u003e\u003c/p\u003e\u003cp\u003eFunding for cybersecurity companies that included corporate participation is already 29 percent higher than in all of 2013 and 129 percent more than in 2012, \u003ca href=\"https://www.cbinsights.com/blog/corporate-cybersecurity-investment-2014/\"\u003eaccording to CB Insights.\u003c/a\u003e\u003c/p\u003e\u003cp\u003e\u003ca href=\"http://data.cnbc.com/quotes/INTC\"\u003eIntel \u003c/a\u003eand \u003ca href=\"http://data.cnbc.com/quotes/GOOGL\" data-gdsid=\"19004\" data-inline-quote-symbol=\"GOOGL\"\u003eGoogle\u003c/a\u003e Ventures are the top two corporate ventures investing in the space.\u003c/p\u003e\u003cp\u003eBut even with all the money being invested in these cyberfirms, the influx of young companies means competition is fierce, Burg said.\u003c/p\u003e\u003cp\u003e\"There are a flood of new entrants trying to get a foothold,\" he said. \"What we see is venture capital firms evaluating hundreds if not thousands of new ideas. Some of them stick, some of them don't.\"\u003c/p\u003e\u003ch2\u003eCyber insurance boom\u003c/h2\u003e\u003cp\u003eThe insurance industry is also evolving to meet the demands caused by the increase in cyberthreats.\u003c/p\u003e\u003cp\u003eFirms are increasingly offering cyber-insurance to provide coverage for costs associated with an attack or security breach. Some of this includes legal and forensic costs, as well as civil fines and losses to a business caused by an attack. There is even coverage to cover the cost of cyber-extortion.\u003c/p\u003e\u003cp\u003e\"For the last year the product has practically advertised itself,\" said Bob Hartwig, the president and economist at the Insurance Information Institute.\u003c/p\u003e\u003cp\u003e\"There is no business, no government institution that is immune to cyberattack. And so what we are seeing is an enormous amount of dollars being spent on cybersecurity in 2014.\"\u003c/p\u003e\u003cp\u003eAccording to data from the insurance broker Marsh \u0026amp; McLennan, its cyber-insurance sales grew 21 percent from 2012 to 2013 and for the first half of 2014 was double what it was during the same period in 2013.\u003c/p\u003e\u003cp\u003e\u003cdata data-widget-name=\"mpx_video\" data-mpx-id=\"98637379933\" data-mpx-guid=\"tdy_san_target_131223\" data-autoplay=\"0\" data-mpx-title-override=\"Target in damage control after breach\" data-mpx-description-override=\"Target is apologizing, offering discounts and promising free credit monitoring after a massive security breach compromised millions of credit and debit accounts. NBC’s Kerry Sanders reports.\" data-meta-info=\"mpx-id | mpx-guid | mpx-description-override | mpx-title-override\"\u003e\u003c/data\u003e\u003c/p\u003e\u003cp\u003eHartwig said the market for cyber-insurance continues to grow and is expected to reach as much as $2 billion by the end of this year. While this is just a sliver of the $1.1 trillion that was spent on insurance premiums in 2013, its an area primed for big growth, Hartwig said.\u003c/p\u003e\u003cp\u003e\"While that is small compared to industry standards—relative to such things like auto insurance or worker's compensation—it's a relatively new product. And more importantly its growth trajectory is growing at a 50 to 60 percent annual clip,\" he said.\u003c/p\u003e\u003cp\u003e\"The demand this year has been particularly intense. Because coming off the Target experience, there have been almost daily reminders of the vulnerability ever since. So more insurers are offering this and more companies are going to buy it.\"\u003c/p\u003e","cover_headline":"As Cyberthreats Increase, Big Money Chases Solutions","cover_image":null,"curated_list":[],"editorial_notes":null,"external_link":null,"first_publication_date":"1416737719","hidden":0,"labels":[],"linked_sections":["77"],"linked_topics":[],"main_art":{"alt_text":"Target Corp. is offering for the first time free holiday shipping on all items.","byline":"Steven Senne","caption":"Target Corp. is offering for the first time free holiday shipping on all items.","copyright":"AP2013","crop_rect":null,"fid":"728991","focus_rect":null,"height":"1303","source":"ASSOCIATED PRESS","title":"Target Corp. is offering for the first time free holiday shipping on all items.","url":"141022-target_1037.jpg","width":"2500"},"native_ad":0,"nid":"253751","publication_date":1416834960,"revision_timestamp":1416834961,"search_enabled":1,"section":["75"],"show_on_cover":1,"slideshow":null,"source":[],"source_site_name":null,"sponsor_label":null,"storyline":[],"summary":"The year since hackers broke into Target and accessed millions of credit and debit card numbers has been a brutal one for cyberattacks.","tags":[],"tease_image":null,"title":"As Cyberthreats Increase, Big Money Chases Solutions","topic":["38"],"type":"news_entry","video_art_url":null},"externalId":"253751","externalSource":"NewsCMS","type":"news_entry"}