{"action":"save","entry":{"ads_enabled":1,"article_type":"video","brand":"Nightly News","breaking_news":0,"breaking_news_alert":0,"breaking_news_alert_title":null,"breaking_news_headline":null,"byline_id":["18396"],"comments_enabled":1,"content":null,"cover_headline":null,"cover_image":null,"curated_list":[],"editorial_notes":null,"external_link":null,"first_publication_date":"1416355460","hidden":0,"labels":[],"linked_sections":[],"linked_topics":["48","29","66"],"main_art":null,"mpx_description":"The recall has been limited to regions where high humidity could cause the air bag to rupture, but the feds are pushing for a nationwide expansion.","mpx_guid":"nn_pal_airbags_141118","mpx_id":"360506435901","mpx_title":"Feds Call on Automakers to Expand Air Bag Recall","native_ad":0,"nid":"251221","publication_date":"1416351729","revision_timestamp":1416355460,"search_enabled":1,"section":["19"],"show_on_cover":0,"slideshow":null,"source":[],"source_site_name":null,"sponsor_label":null,"storyline":[],"summary":"The recall has been limited to regions where high humidity could cause the air bag to rupture, but the feds are pushing for a nationwide expansion.","tags":[],"tease_image":null,"title":"Feds Call on Automakers to Expand Air Bag Recall","topic":[],"type":"news_entry","video_art_url":"http://media1.s-nbcnews.com/i/MSNBC/Components/Video/__NEW/2014-11-18T23-37-33-933Z--1280x720.jpg","workbench_id":null},"externalId":"251221","externalSource":"NewsCMS","type":"news_entry"}