{"action":"save","entry":{"ads_enabled":1,"article_type":"video","brand":"NBC News","breaking_news":0,"breaking_news_alert":0,"breaking_news_alert_title":null,"breaking_news_headline":null,"byline_id":[],"comments_enabled":1,"content":null,"cover_headline":null,"cover_image":null,"curated_list":[],"editorial_notes":null,"external_link":null,"first_publication_date":"1416416100","hidden":0,"labels":[],"linked_sections":[],"linked_topics":["66","30"],"main_art":null,"mpx_description":"A stranded driver talks with WGRZ-TV about being stranded in her car for more than a day, after workers closed the tolls, trapping her and her boyfriend in snow estimated to be four feet deep.","mpx_guid":"f_wgrz_carstuck_141119","mpx_id":"360805955900","mpx_title":"Stranded Driver: 'We're Like Sitting Ducks'","native_ad":0,"nid":"251751","publication_date":1416416100,"revision_timestamp":1416416100,"search_enabled":1,"section":["7"],"show_on_cover":1,"slideshow":null,"source":[],"source_site_name":null,"sponsor_label":null,"storyline":[],"summary":"A stranded driver talks with WGRZ-TV about being stranded in her car for more than a day, after workers closed the tolls, trapping her and her boyfriend in snow estimated to be four feet deep.","tags":[],"tease_image":null,"title":"Stranded Driver: 'We're Like Sitting Ducks'","topic":["28"],"type":"news_entry","video_art_url":"http://media2.s-nbcnews.com/i/MSNBC/Components/Video/__NEW/f_wgrz_carstuck_141119.jpg","workbench_id":"56456006"},"externalId":"251751","externalSource":"NewsCMS","type":"news_entry"}