{"action":"save","entry":{"ads_enabled":1,"article_type":"post","breaking_news":0,"breaking_news_alert":0,"breaking_news_alert_title":null,"breaking_news_headline":null,"byline_id":["3511"],"comments_enabled":1,"content":"\u003cp\u003eA day after performing at a benefit in the Bahamas, Bill Cosby took the stage here to a standing ovation — even as he battled a growing scandal.\u003c/p\u003e\u003cp\u003eThe sold-out crowd Friday night was overwhelmingly supportive. Many told NBC News that they viewed Cosby as an entertainer and simply did not believe the sexual assault accusations against him. \"I think the things that have come up now is just nonsense,\" said Nathan Rigaud, who said he was one of the first to buy tickets.\u003c/p\u003e\u003cp\u003eCosby has not been charged with any crime.\u003c/p\u003e\u003cp\u003eIn a statement released Friday, Cosby's attorney, Martin Singer said: \"The new, never-before-heard claims from women who have come forward in the past two weeks with unsubstantiated, fantastical stories about things they say occurred 30, 40, or even 50 years ago have escalated far past the point of absurdity.\"\u003c/p\u003e\u003cp\u003e\"It is long past time for this media vilification of Mr. Cosby to stop,\" Singer said.\u003c/p\u003e\u003cp\u003eOn Friday the Choctaw Casino and Resort became the latest venue to cancel a planned Cosby show. NBC on Wednesday pulled the plug on a sitcom it was developing with Cosby next year, TV Land said it would no longer show \"The Cosby Show\" reruns, and a planned appearance on \"Late Night With David Letterman\" was canceled. Netflix also decided not to stream a Thanksgiving Day special featuring the comic.\u003c/p\u003e\u003cp\u003eCosby received a standing ovation both at the start of the hour-and-a-half-long performance at the King Center for the Performing Arts and at the end.\u003c/p\u003e\u003cp\u003eHe did not mention the allegations. Instead, he stuck to his comedy routine, which included bits about his childhood, religion and family life.\u003c/p\u003e\u003cp\u003eAt one point, an audience member yelled \"We love you, Bill Cosby!\" He held up his fist to sustained applause.\u003c/p\u003e\u003cp\u003eOver the loudspeaker system, officials at the King Center on the campus of Eastern Florida State College warned audience members to be prepared for a possible \"disturbance.\" A local radio show had promised $1,000 to anyone who heckled Cosby and captured it on video.\u003c/p\u003e\u003cp\u003eThere was increased security throughout the venue — but in the end, no hecklers.\u003c/p\u003e\u003ch2\u003eIN-DEPTH\u003c/h2\u003e\u003cul\u003e\u003cli\u003e\u003ca href=\"http://www.nbcnews.com/pop-culture/celebrity/florida-nurse-latest-woman-accuse-bill-cosby-forced-sex-n253111\"\u003eFlorida Nurse Latest to Accuse Cosby of Forced Sex\u003c/a\u003e\u003c/li\u003e\u003cli\u003e\u003ca href=\"http://www.nbcnews.com/pop-culture/celebrity/nbc-pulls-plug-bill-cosby-comedy-tv-land-ends-reruns-n251876\"\u003eNBC Pulls Plug on Bill Cosby Comedy, TV Land Ends Reruns\u003c/a\u003e\u003c/li\u003e\u003cli\u003e\u003ca href=\"http://www.nbcnews.com/pop-culture/celebrity/former-model-janice-dickinson-accuses-bill-cosby-sex-assault-n251361\"\u003eFormer Model Janice Dickinson Accuses Bill Cosby of Sex Assault\u003c/a\u003e\u003c/li\u003e\u003c/ul\u003e\u003cp\u003e\u003c/p\u003e\u003cp\u003e\u003c/p\u003e","cover_headline":"Cosby Gets Standing Ovation From Sold-Out Crowd","cover_image":null,"curated_list":[],"editorial_notes":null,"external_link":null,"first_publication_date":"1416624120","hidden":0,"labels":[],"linked_sections":[],"linked_topics":[],"main_art":{"alt_text":"Image: Bill Cosby","byline":"Phelan M. Ebenhack","caption":"Comedian Bill Cosby performs at the Maxwell C. King Center for the Performing Arts, in Melbourne, Fla., on Nov. 21. Performances by Cosby in Nevada, Illinois, Arizona, South Carolina and Washington state have been canceled as more women come forward accusing the entertainer of sexually assaulting them years ago.","copyright":null,"crop_rect":"","fid":"779361","focus_rect":"0,101,2253,992","height":"1665","source":"AP","title":"Image: Bill Cosby","url":"141121-bill-cosby-2133.jpg","width":"2500"},"native_ad":0,"nid":"253996","publication_date":"1416624275","revision_timestamp":1416689126,"search_enabled":1,"section":["79"],"show_on_cover":1,"slideshow":null,"source":[],"source_site_name":null,"sponsor_label":null,"storyline":["18271"],"summary":"Many fans at the King Center for the Performing Arts in Melbourne, Fla., Friday said they didn't believe the sex abuse allegations against the comic.","tags":[],"tease_image":null,"title":"Bill Cosby Gets Standing Ovation at Florida Theater","topic":["43"],"type":"news_entry","video_art_url":null},"externalId":"253996","externalSource":"NewsCMS","type":"news_entry"}