{"action":"save","entry":{"ads_enabled":1,"article_type":"video","brand":"NBCNews.com","breaking_news":0,"breaking_news_alert":0,"breaking_news_alert_title":null,"breaking_news_headline":null,"byline_id":[],"comments_enabled":1,"content":null,"cover_headline":"Shame Game: Jindal Says He's No Evolutionary Biologist","cover_image":null,"curated_list":[],"editorial_notes":null,"external_link":null,"first_publication_date":"1411077647","hidden":0,"labels":[],"linked_sections":["7","79","73"],"linked_topics":["30"],"main_art":{"alt_text":"Image: Bobby Jindal","byline":"Scott Olson","caption":"Louisiana governor Bobby Jindal speaks to guests at the Conservative Political Action Conference (CPAC) at the Donald E. Stephens Convention Center on June 8 in Rosemont, Illinois. CPAC is being hosted by the American Conservative Union.  ","copyright":"2012 Getty Images","crop_rect":"","fid":"673881","focus_rect":"410,48,1507,1272","height":"1406","source":null,"title":null,"url":"p_twis_jindal_140918.jpg","width":"2500"},"mpx_description":"The world responds \"no duh,\" in This Week in Schadenfreude. Plus, Robin Thicke and Urban Outfitters also have had a rough couple of days.","mpx_guid":"p_twis_jindal_140918","mpx_id":"330956867576","mpx_title":"Bobby Jindal Says He's Not an Evolutionary Biologist","native_ad":0,"nid":"206731","publication_date":"1411077646","revision_timestamp":1416442421,"search_enabled":1,"section":["18251"],"show_on_cover":0,"slideshow":null,"source":[],"source_site_name":null,"sponsor_label":null,"storyline":[],"summary":"The world responds \"no duh,\" in This Week in Schadenfreude. Plus, Robin Thicke and Urban Outfitters also have had a rough couple of days.","tags":[],"tease_image":null,"title":"Bobby Jindal Says He's Not an Evolutionary Biologist","topic":[],"type":"news_entry","video_art_url":"http://media2.s-nbcnews.com/i/MSNBC/Components/Video/140918/p_twis_jindal_140918.jpg","workbench_id":"56074391"},"externalId":"206731","externalSource":"NewsCMS","type":"news_entry"}