{"action":"save","entry":{"ads_enabled":1,"article_type":"post","breaking_news":0,"breaking_news_alert":0,"breaking_news_alert_title":null,"breaking_news_headline":null,"byline_id":[],"comments_enabled":1,"content":"\u003cp\u003e\u003cdata data-widget-name=\"mpx_video\" data-mpx-id=\"362254403769\" data-mpx-guid=\"f_os_cuomo_water_141122\" data-autoplay=\"1\" data-mpx-title-override=\"N.Y. Gov. Cuomo Warns Residents of Flood Dangers\" data-mpx-description-override=\"New York Gov. Andrew Cuomo talks about lessons learned from past storms, and how the state is utilizing its network to prepare for expected flooding in Western New York.\" data-meta-info=\"mpx-id | mpx-guid | mpx-description-override | mpx-title-override\"\u003e\u003c/data\u003e\u003c/p\u003e\u003cp\u003eResidents in areas of New York State began to dig out from under a historic snowstorm Saturday while communities in Texas and the southeastern U.S. braced for severe thunderstorms headed their way. After a three-day onslaught that dumped seven feet of snow on the Buffalo area and killed at least 13 people, predictions of flooding caused by rain and snow-melted by soaring temperatures occupied weather forecasters and officials. \"New York is preparing for the worst-case scenario with these floods, and safety is our top priority,\" \u003ca href=\"http://www.nbcnews.com/news/weather/fear-turns-roofs-flooding-after-deadly-snowstorm-buffalo-western-new-n253291\"\u003eNew York Gov. Cuomo said in a statement Friday\u003c/a\u003e.\u003c/p\u003e\u003cp\u003eTemperatures of up to 60 degrees are forecast for the snow-buried area by Monday. \"We can't say exactly whether or not there will be a flooding problem. We can't say what kind of structure collapses we may have, but we anticipate both to some extent,\" Cuomo said.\u003c/p\u003e\u003cp\u003e\"Hopefully we need none of this and hopefully this was just an elaborate exercise in logistics that we have done, and we will deconstruct and everything will go back and people will say, 'Boy, the Governor really made us waste our time bringing everything out there just to bring it all back,'\" Cuomo said. \"I hope that happens.\"\u003c/p\u003e\u003cp\u003eMeanwhile, thunderstorms, heavy rain and large hail was expected Saturday in Texas, Tom Moore, coordinating meteorologist at The Weather Channel, said. Central and southeast Texas — mainly San Antonio, Corpus Christi and Houston — would be hardest hit Saturday, he said. Moore added that while he did not foresee a \"tornado outbreak,\" he wouldn’t be surprised if a few swept through the region during the day.\u003c/p\u003e\u003ch2\u003e\u003cimg src=\"779576\" data-field-file-image-alt-text=\"Image%3A+Thomas+Wisniewki+digs+his+car+out+of+snow+following+a+massive+snow+storm+in+Buffalo\" data-field-file-image-title-text=\"Image%3A+Thomas+Wisniewki+digs+his+car+out+of+snow+following+a+massive+snow+storm+in+Buffalo\" data-field-caption=\"Thomas+Wisniewki+digs+his+car+out+in+Buffalo+on+Nov.+22.+Warm+temperatures+and+rain+were+forecast+for+the+weekend+in+the+city+of+Buffalo+and+western+New+York%2C+bringing+the+threat+of+widespread+flooding+to+the+region+bound+for+days+by+deep+snow.+++\" data-field-byline=\"MARK+BLINCH\" data-field-source=\"Reuters\" data-field-copyright=\"\" data-field-file-created=\"1416675257\" data-field-half-size-image=\"0\" /\u003e\u003c/h2\u003e\u003ch2\u003eIN-DEPTH\u003c/h2\u003e\u003cul\u003e\u003cli\u003e\u003cstrong\u003e\u003ca href=\"http://www.nbcnews.com/news/us-news/bills-players-need-snowmobiles-reach-airport-buffalo-n253706\"\u003eBills Players Need Snowmobiles to Reach Airport\u003c/a\u003e\u003c/strong\u003e\u003c/li\u003e\u003cli\u003e\u003cstrong\u003e\u003ca href=\"http://www.nbcnews.com/news/weather/buffalos-roofs-creak-after-winter-storm-dumps-seven-feet-snow-n252401\"\u003eBuffalo's Roofs Creak After Epic Winter Storm\u003c/a\u003e\u003c/strong\u003e\u003c/li\u003e\u003cli\u003e\u003cstrong\u003e\u003ca href=\"http://www.nbcnews.com/news/us-news/snow-skips-anchorage-alaska-it-buries-much-nation-n253256\"\u003eWhere's the Snow? Not in Alaska's Largest City\u003c/a\u003e\u003c/strong\u003e\u003c/li\u003e\u003c/ul\u003e\u003ch5\u003e\u003cstrong\u003e- F. Brinley Bruton\u003c/strong\u003e\u003c/h5\u003e","cover_headline":"Snow-Buried Buffalo Braces for Flooding","cover_image":{"alt_text":"Image: People clear snow off the roof of a house following a massive snow storm in Buffalo","byline":"MARK BLINCH","caption":"People clear snow off the roof of a house in Buffalo, N.Y., on Nov. 22.","copyright":null,"crop_rect":"","fid":"779616","focus_rect":"181,35,1626,964","height":"1580","source":"Reuters","title":"Image: People clear snow off the roof of a house following a massive snow storm in Buffalo","url":"141122-buffalo-snow-mn-1350.jpg","width":"2500"},"curated_list":[],"editorial_notes":null,"external_link":null,"first_publication_date":"1416660744","hidden":0,"labels":[],"linked_sections":["7"],"linked_topics":["28"],"main_art":{"alt_text":null,"byline":null,"caption":null,"copyright":null,"crop_rect":"","fid":"779436","focus_rect":"5,425,2495,1211","height":"1661","source":null,"title":null,"url":"141122-buffalo-snow-mn-750.jpg","width":"2500"},"native_ad":0,"nid":"254076","publication_date":1416700960,"revision_timestamp":1416700961,"search_enabled":1,"section":["7"],"show_on_cover":1,"slideshow":null,"source":[],"source_site_name":null,"sponsor_label":null,"storyline":[],"summary":"As parts of New York State began to dig out from under a historic snowstorm, communities in Texas braced for a band of severe thunderstorms.","tags":[],"tease_image":null,"title":"Double Whammy: Buffalo Braces for Flooding, Texas for Thunderstorms","topic":["66"],"type":"news_entry","video_art_url":null},"externalId":"254076","externalSource":"NewsCMS","type":"news_entry"}