{"action":"save","entry":{"ads_enabled":1,"article_type":"video","brand":"NBC News","breaking_news":0,"breaking_news_alert":0,"breaking_news_alert_title":null,"breaking_news_headline":null,"byline_id":[],"comments_enabled":1,"content":null,"cover_headline":"Indian-Style Toilet Celebrated in Sponge","cover_image":null,"curated_list":[],"editorial_notes":null,"external_link":null,"first_publication_date":"1416398669","hidden":0,"labels":[],"linked_sections":[],"linked_topics":["42","17706","30","8"],"main_art":null,"mpx_description":"Sanitation campaigners in India celebrated World Toilet Day with a giant toilet-shaped cake weighing more than 1500 pounds.","mpx_guid":"x_lon_toiletday_141119","mpx_id":"360732227794","mpx_title":"Giant Cake Marks World Toilet Day in India","native_ad":0,"nid":"251461","publication_date":"1416398668","revision_timestamp":1416399142,"search_enabled":1,"section":["7"],"show_on_cover":0,"slideshow":null,"source":[],"source_site_name":null,"sponsor_label":null,"storyline":[],"summary":"Sanitation campaigners in India celebrated World Toilet Day with a giant toilet-shaped cake weighing more than 1500 pounds.","tags":[],"tease_image":null,"title":"Giant Cake Marks World Toilet Day in India","topic":["17716"],"type":"news_entry","video_art_url":"http://media2.s-nbcnews.com/i/MSNBC/Components/Video/__NEW/x_lon_toiletday_141119.jpg","workbench_id":"56454749"},"externalId":"251461","externalSource":"NewsCMS","type":"news_entry"}