{"action":"save","entry":{"ads_enabled":1,"article_type":"video","brand":"NBC News","breaking_news":0,"breaking_news_alert":0,"breaking_news_alert_title":null,"breaking_news_headline":null,"byline_id":[],"comments_enabled":1,"content":null,"cover_headline":null,"cover_image":null,"curated_list":[],"editorial_notes":null,"external_link":null,"first_publication_date":"1415222710","hidden":0,"labels":[],"linked_sections":[],"linked_topics":["53"],"main_art":null,"mpx_description":"President Obama talks about immigration reform and his pursuit of immigration reform with the incoming congress.","mpx_guid":"nbc_obama_imm_141105","mpx_id":"353197123680","mpx_title":"Obama Addresses Immigration Reform With New Congress","native_ad":0,"nid":"242206","publication_date":"1415222710","revision_timestamp":1416582421,"search_enabled":1,"section":["64"],"show_on_cover":0,"slideshow":null,"source":[],"source_site_name":null,"sponsor_label":null,"storyline":["18266"],"summary":"President Obama talks about immigration reform and his pursuit of immigration reform with the incoming congress.","tags":[],"tease_image":null,"title":"Obama Addresses Immigration Reform With New Congress","topic":["24"],"type":"news_entry","video_art_url":"http://media1.s-nbcnews.com/i/MSNBC/Components/Video/__NEW/2014-11-05T20-50-17-633Z--1280x720.jpg","workbench_id":null},"externalId":"242206","externalSource":"NewsCMS","type":"news_entry"}