{"action":"save","entry":{"ads_enabled":1,"article_type":"post","breaking_news":0,"breaking_news_alert":0,"breaking_news_alert_title":null,"breaking_news_headline":null,"byline_id":[],"comments_enabled":1,"content":"\u003cp\u003eThe University of Virginia on Saturday suspended all fraternities and related activities in the wake of a \u003ca href=\"http://www.rollingstone.com/culture/features/a-rape-on-campus-20141119\"\u003eshocking report in Rolling Stone\u003c/a\u003e about an alleged 2012 sexual assault involving seven men, and the peer pressure that followed urging the victim not to report it.\u003c/p\u003e\u003cp\u003eUniversity president Teresa A. Sullivan described the alleged gang rape laid out in the article as “appalling” and said in an email posted to the university’s web site Saturday that the school has since asked the Charlottesville police department to investigate the assault. There have been no arrests in the case.\u003c/p\u003e\u003cp\u003e\"I write you today in solidarity. I write you in great sorrow, great rage, but most importantly, with great determination,\" Sullivan said in the statement. \"Meaningful change is necessary, and we can lead that change for all universities. We can demand that incidents like those described in Rolling Stone never happen and that if they do, the responsible are held accountable to the law.\"\u003c/p\u003e\u003cp\u003eThe school’s Inter-Fraternity Council released a statement Thursday saying it was \"horrified\" and \"disgusted\" by the allegations in the article, and it voluntarily cancelled all events this weekend. The university on Saturday went further, and announced all fraternities and related events will be suspended until Jan. 9. The fraternity at the heart of the allegations, Phi Kappa Psi, had already announced it was suspending the chapter, calling the alleged assaults as \"vile and intolerable.\"\u003c/p\u003e\u003cp\u003eThe article, published Wednesday, a woman said she was attacked by seven men at a Phi Kappa Psi party when she was an 18-year-old freshman. After the rape some of her friends urged her not to report the crime, with one saying \"she’s gonna be the girl who cried rape, and we’ll never be allowed into any frat party again,\" according to the article. The article also quoted critics who said the university administration has a culture of not taking sexual assault complaints seriously.\u003c/p\u003e\u003cp\u003eOn Tuesday the university's Board of Visitors will meet to discuss the school's policies regarding sexual assault as well as the allegations in the Rolling Stone article.\u003c/p\u003e\u003cp\u003eThe university had appointed a former federal judge and prosecutor, Mark Filip, to independently investigate how the school responds to rape. But on Friday, the school withdrew its appointment after learning that Filip was a member of Phi Kappa Psi when he was in college. Virginia Attorney General Mark Herring said in a statement that \"this situation is too serious to allow anything to undermine confidence in the objectivity and independence of this review.\"\u003c/p\u003e\u003cp\u003eThe scandal at University of Virginia is the latest in recent weeks involving fraternities on college campuses. On Nov. 13, West Virginia University suspended all fraternities, sororities, and affiliated organizations after an 18-year-old student, Nolan Michael Burch, died in a fraternity house. In September,\u003ca href=\"http://www.nbcnews.com/news/us-news/clemson-university-suspends-fraternities-after-pledge-tucker-hipps-dies-n212036\"\u003e all fraternity activities at Clemson University were suspended \u003c/a\u003eafter a student died during a fraternity run,\u003c/p\u003e\u003ch2\u003eIN-DEPTH\u003c/h2\u003e\u003cul\u003e\u003cli\u003e\u003ca href=\"http://www.nbcwashington.com/news/local/UVa-Asks-Police-to-Investigate-Report-of-Frat-House-Rape-283352201.html\"\u003eU.Va. Asks Cops to Investigate Report of Frat-House Rape\u003c/a\u003e\u003c/li\u003e\u003cli\u003e\u003ca href=\"http://www.nbcnews.com/news/us-news/west-virginia-university-student-nolan-burch-dies-injuries-school-n248286\"\u003eWest Virginia University Student Dies at Frat House\u003c/a\u003e\u003c/li\u003e\u003cli\u003e\u003ca href=\"http://www.nbcnews.com/news/us-news/death-west-virginia-university-student-frat-house-stuns-campus-n249001\"\u003eDeath of West Virginia University Student Stuns Campus\u003c/a\u003e\u003c/li\u003e\u003c/ul\u003e\u003ch2\u003eSOCIAL\u003c/h2\u003e\u003cp\u003e\u003cimg src=\"http://newscms.nbcnews.com/sites/newscms/files/tweet_embed.png\" alt=\"desktop:\u0026lt;blockquote class=\\twitter-tweet\\ lang=\\en\\\u0026gt;\u0026lt;p\u0026gt;President Sullivan's message to the \u0026lt;a href=\\https://twitter.com/hashtag/UVA?src=hash\\\u0026gt;#UVA\u0026lt;/a\u0026gt; community: \u0026lt;a href=\\http://t.co/dTTYo1sFOs\\\u0026gt;http://t.co/dTTYo1sFOs\u0026lt;/a\u0026gt;\u0026lt;/p\u0026gt;— UVA (@UVA) \u0026lt;a href=\\https://twitter.com/UVA/status/536218567155666944\\\u0026gt;November 22 |  2014\u0026lt;/a\u0026gt;\u0026lt;/blockquote\u0026gt; \u0026lt;script async src=\\//platform.twitter.com/widgets.js\\ charset=\\utf-8\\\u0026gt;\u0026lt;/script\u0026gt;\" title=\"desktop:\u0026lt;blockquote class=\\twitter-tweet\\ lang=\\en\\\u0026gt;\u0026lt;p\u0026gt;President Sullivan's message to the \u0026lt;a href=\\https://twitter.com/hashtag/UVA?src=hash\\\u0026gt;#UVA\u0026lt;/a\u0026gt; community: \u0026lt;a href=\\http://t.co/dTTYo1sFOs\\\u0026gt;http://t.co/dTTYo1sFOs\u0026lt;/a\u0026gt;\u0026lt;/p\u0026gt;— UVA (@UVA) \u0026lt;a href=\\https://twitter.com/UVA/status/536218567155666944\\\u0026gt;November 22 |  2014\u0026lt;/a\u0026gt;\u0026lt;/blockquote\u0026gt; \u0026lt;script async src=\\//platform.twitter.com/widgets.js\\ charset=\\utf-8\\\u0026gt;\u0026lt;/script\u0026gt;\" class=\"news-widget\" id=\"widget_0\" data-widget-name=\"tweet_embed\" data-widget-id=\"5\" data-widget-image=\"http://newscms.nbcnews.com/sites/newscms/files/tweet_embed.png\" data-desktop=\"%3Cblockquote%20class=%22twitter-tweet%22%20lang=%22en%22%3E%3Cp%3EPresident%20Sullivan's%20message%20to%20the%20%3Ca%20href=%22https://twitter.com/hashtag/UVA?src=hash%22%3E#UVA%3C/a%3E%20community:%20%3Ca%20href=%22http://t.co/dTTYo1sFOs%22%3Ehttp://t.co/dTTYo1sFOs%3C/a%3E%3C/p%3E—%20UVA%20(@UVA)%20%3Ca%20href=%22https://twitter.com/UVA/status/536218567155666944%22%3ENovember%2022,%202014%3C/a%3E%3C/blockquote%3E%20%3Cscript%20async%20src=%22//platform.twitter.com/widgets.js%22%20charset=%22utf-8%22%3E%3C/script%3E\" data-meta-info=\"desktop\"\u003e\u003c/p\u003e\u003cp\u003e\u003cimg src=\"http://newscms.nbcnews.com/sites/newscms/files/tweet_embed.png\" alt=\"desktop:\u0026lt;blockquote class=\\twitter-tweet\\ lang=\\en\\\u0026gt;\u0026lt;p\u0026gt;\u0026lt;a href=\\https://twitter.com/hashtag/UVA?src=hash\\\u0026gt;#UVA\u0026lt;/a\u0026gt; Protest Arrests: At least three people protesting the sexual abuse of women were arrested by police this afternoon at the Phi Psi house\u0026lt;/p\u0026gt;— NBC29 (@NBC29) \u0026lt;a href=\\https://twitter.com/NBC29/status/536254339992788995\\\u0026gt;November 22 |  2014\u0026lt;/a\u0026gt;\u0026lt;/blockquote\u0026gt; \u0026lt;script async src=\\//platform.twitter.com/widgets.js\\ charset=\\utf-8\\\u0026gt;\u0026lt;/script\u0026gt;\" title=\"desktop:\u0026lt;blockquote class=\\twitter-tweet\\ lang=\\en\\\u0026gt;\u0026lt;p\u0026gt;\u0026lt;a href=\\https://twitter.com/hashtag/UVA?src=hash\\\u0026gt;#UVA\u0026lt;/a\u0026gt; Protest Arrests: At least three people protesting the sexual abuse of women were arrested by police this afternoon at the Phi Psi house\u0026lt;/p\u0026gt;— NBC29 (@NBC29) \u0026lt;a href=\\https://twitter.com/NBC29/status/536254339992788995\\\u0026gt;November 22 |  2014\u0026lt;/a\u0026gt;\u0026lt;/blockquote\u0026gt; \u0026lt;script async src=\\//platform.twitter.com/widgets.js\\ charset=\\utf-8\\\u0026gt;\u0026lt;/script\u0026gt;\" class=\"news-widget\" id=\"widget_1\" data-widget-name=\"tweet_embed\" data-widget-id=\"5\" data-widget-image=\"http://newscms.nbcnews.com/sites/newscms/files/tweet_embed.png\" data-desktop=\"%3Cblockquote%20class=%22twitter-tweet%22%20lang=%22en%22%3E%3Cp%3E%3Ca%20href=%22https://twitter.com/hashtag/UVA?src=hash%22%3E#UVA%3C/a%3E%20Protest%20Arrests:%20At%20least%20three%20people%20protesting%20the%20sexual%20abuse%20of%20women%20were%20arrested%20by%20police%20this%20afternoon%20at%20the%20Phi%20Psi%20house%3C/p%3E—%20NBC29%20(@NBC29)%20%3Ca%20href=%22https://twitter.com/NBC29/status/536254339992788995%22%3ENovember%2022,%202014%3C/a%3E%3C/blockquote%3E%20%3Cscript%20async%20src=%22//platform.twitter.com/widgets.js%22%20charset=%22utf-8%22%3E%3C/script%3E\" data-meta-info=\"desktop\"\u003e\u003c/p\u003e\u003cp\u003e\u003cimg src=\"http://newscms.nbcnews.com/sites/newscms/files/tweet_embed.png\" alt=\"desktop:\u0026lt;blockquote class=\\twitter-tweet\\ lang=\\en\\\u0026gt;\u0026lt;p\u0026gt;How about that 'song' \u0026lt;a href=\\https://twitter.com/hashtag/UVA?src=hash\\\u0026gt;#UVA\u0026lt;/a\u0026gt;? Can we talk about that horrific song quoted in the \u0026lt;a href=\\https://twitter.com/hashtag/RollingStoneUVA?src=hash\\\u0026gt;#RollingStoneUVA\u0026lt;/a\u0026gt; article? Im appalled by it. \u0026lt;a href=\\https://twitter.com/UVADeanGroves\\\u0026gt;@UVADeanGroves\u0026lt;/a\u0026gt;\u0026lt;/p\u0026gt;— BellaRoma (@DogisLove100) \u0026lt;a href=\\https://twitter.com/DogisLove100/status/536291972093595648\\\u0026gt;November 22 |  2014\u0026lt;/a\u0026gt;\u0026lt;/blockquote\u0026gt; \u0026lt;script async src=\\//platform.twitter.com/widgets.js\\ charset=\\utf-8\\\u0026gt;\u0026lt;/script\u0026gt;\" title=\"desktop:\u0026lt;blockquote class=\\twitter-tweet\\ lang=\\en\\\u0026gt;\u0026lt;p\u0026gt;How about that 'song' \u0026lt;a href=\\https://twitter.com/hashtag/UVA?src=hash\\\u0026gt;#UVA\u0026lt;/a\u0026gt;? Can we talk about that horrific song quoted in the \u0026lt;a href=\\https://twitter.com/hashtag/RollingStoneUVA?src=hash\\\u0026gt;#RollingStoneUVA\u0026lt;/a\u0026gt; article? Im appalled by it. \u0026lt;a href=\\https://twitter.com/UVADeanGroves\\\u0026gt;@UVADeanGroves\u0026lt;/a\u0026gt;\u0026lt;/p\u0026gt;— BellaRoma (@DogisLove100) \u0026lt;a href=\\https://twitter.com/DogisLove100/status/536291972093595648\\\u0026gt;November 22 |  2014\u0026lt;/a\u0026gt;\u0026lt;/blockquote\u0026gt; \u0026lt;script async src=\\//platform.twitter.com/widgets.js\\ charset=\\utf-8\\\u0026gt;\u0026lt;/script\u0026gt;\" class=\"news-widget\" id=\"widget_2\" data-widget-name=\"tweet_embed\" data-widget-id=\"5\" data-widget-image=\"http://newscms.nbcnews.com/sites/newscms/files/tweet_embed.png\" data-desktop=\"%3Cblockquote%20class=%22twitter-tweet%22%20lang=%22en%22%3E%3Cp%3EHow%20about%20that%20'song'%20%3Ca%20href=%22https://twitter.com/hashtag/UVA?src=hash%22%3E#UVA%3C/a%3E?%20Can%20we%20talk%20about%20that%20horrific%20song%20quoted%20in%20the%20%3Ca%20href=%22https://twitter.com/hashtag/RollingStoneUVA?src=hash%22%3E#RollingStoneUVA%3C/a%3E%20article?%20Im%20appalled%20by%20it.%20%3Ca%20href=%22https://twitter.com/UVADeanGroves%22%3E@UVADeanGroves%3C/a%3E%3C/p%3E—%20BellaRoma%20(@DogisLove100)%20%3Ca%20href=%22https://twitter.com/DogisLove100/status/536291972093595648%22%3ENovember%2022,%202014%3C/a%3E%3C/blockquote%3E%20%3Cscript%20async%20src=%22//platform.twitter.com/widgets.js%22%20charset=%22utf-8%22%3E%3C/script%3E\" data-meta-info=\"desktop\"\u003e\u003c/p\u003e\u003ch5\u003e— Phil Helsel\u003c/h5\u003e\u003cp\u003e\u003c/p\u003e","cover_headline":"U.Va. Suspends All Frats After Sex Assault Report","cover_image":null,"curated_list":[],"editorial_notes":null,"external_link":"http://www.nbcwashington.com/news/local/University-of-Virginia-Suspends-Fraternities-After-Report-on-2012-Sexual-Assault.html","first_publication_date":"1416689449","hidden":0,"labels":[],"linked_sections":[],"linked_topics":["25"],"main_art":{"alt_text":null,"byline":"Steve Helber","caption":"A student passes the Rotunda at the University of Virginia in 2013.","copyright":"Associated Press","crop_rect":"","fid":"779631","focus_rect":"0,474,2051,1127","height":"1601","source":"AP file","title":null,"url":"141122-university-virginia-mn-1445.jpg","width":"2500"},"native_ad":0,"nid":"254166","publication_date":"1416689924","revision_timestamp":1416698124,"search_enabled":1,"section":["7"],"show_on_cover":1,"slideshow":null,"source":[],"source_site_name":"NBC Washington","sponsor_label":null,"storyline":[],"summary":"The school president said in an email that a disturbing report of sex assault in 2012 highlighted by a Rolling Stone article was \"appalling.\"","tags":[],"tease_image":null,"title":"University of Virginia Suspends All Fraternities After Sex Assault Report","topic":["66"],"type":"news_entry","video_art_url":null},"externalId":"254166","externalSource":"NewsCMS","type":"news_entry"}