{"action":"save","entry":{"ads_enabled":1,"article_type":"video","brand":"NBC News Channel","breaking_news":0,"breaking_news_alert":0,"breaking_news_alert_title":null,"breaking_news_headline":null,"byline_id":[],"comments_enabled":1,"content":null,"cover_headline":null,"cover_image":null,"curated_list":[],"editorial_notes":null,"external_link":null,"first_publication_date":"1416413447","hidden":0,"labels":[],"linked_sections":[],"linked_topics":[],"main_art":{"alt_text":null,"byline":null,"caption":null,"copyright":null,"crop_rect":null,"fid":"774591","focus_rect":null,"height":"1080","source":null,"title":null,"url":"nc_quotracist2_141119.jpg","width":"1920"},"mpx_description":"Virginia High school students walkout, and NAACP demands action in wake of retweeted by Virginia assistant principal apparently mocking interracial dating. WAVY's Deanna LeBlanc reports.","mpx_guid":"nc_quotracist_141119","mpx_id":"360782915993","mpx_title":"High School Students Protest Assistant Principal's Racial Retweet","native_ad":0,"nid":"251721","publication_date":1416413447,"revision_timestamp":1416413448,"search_enabled":1,"section":["7"],"show_on_cover":1,"slideshow":null,"source":[],"source_site_name":null,"sponsor_label":null,"storyline":[],"summary":"Virginia High school students walkout, and NAACP demands action in wake of retweeted by Virginia assistant principal apparently mocking interracial dating. WAVY's Deanna LeBlanc reports.","tags":[],"tease_image":null,"title":"High School Students Protest Assistant Principal's Racial Retweet","topic":["66"],"type":"news_entry","video_art_url":"http://media2.s-nbcnews.com/i/MSNBC/Components/Video/__NEW/_News%20Channel/nc_quotracist2_141119.jpg","workbench_id":"56455540"},"externalId":"251721","externalSource":"NewsCMS","type":"news_entry"}