{"action":"save","entry":{"ads_enabled":1,"article_type":"video","brand":"NBC News","breaking_news":0,"breaking_news_alert":0,"breaking_news_alert_title":null,"breaking_news_headline":null,"byline_id":[],"comments_enabled":1,"content":null,"cover_headline":"Prince Harry Conquers Oman","cover_image":null,"curated_list":[],"editorial_notes":null,"external_link":null,"first_publication_date":"1416434381","hidden":0,"labels":[],"linked_sections":[],"linked_topics":["47","26","30"],"main_art":null,"mpx_description":"The next stop on Prince Harry's Royal Tour brings him to the Gulf State of Oman. ITV's Simon Vigar explains the visit is part of Britain's effort to strengthen business ties with the region.","mpx_guid":"x_lon_harryoman_141119","mpx_id":"360935491785","mpx_title":"Prince Harry Conquers Oman","native_ad":0,"nid":"252006","publication_date":1416434381,"revision_timestamp":1416434382,"search_enabled":1,"section":["7"],"show_on_cover":0,"slideshow":null,"source":[],"source_site_name":null,"sponsor_label":null,"storyline":[],"summary":"The next stop on Prince Harry's Royal Tour brings him to the Gulf State of Oman. ITV's Simon Vignar explains the visit is part of Britain's effort to strengthen business ties with the region.","tags":[],"tease_image":null,"title":"Prince Harry Conquers Oman","topic":["8"],"type":"news_entry","video_art_url":"http://media2.s-nbcnews.com/i/MSNBC/Components/Video/__NEW/x_lon_harryoman_141119.jpg","workbench_id":"56457846"},"externalId":"252006","externalSource":"NewsCMS","type":"news_entry"}