{"action":"save","entry":{"ads_enabled":1,"article_type":"spread","breaking_news":0,"breaking_news_alert":0,"breaking_news_alert_title":null,"breaking_news_headline":null,"byline_id":["221"],"comments_enabled":1,"content":"\u003cp\u003eCOLUMBUS, Ohio — It's been 40 years since paleoanthropologist Don Johanson found the first piece of one of the world's most famous skeletons, a 3.2 million-year-old human ancestor nicknamed Lucy. During those four decades, Johanson and his peers have rewritten the story of our species' origins. And they're not finished yet.\u003c/p\u003e\u003cp\u003e\"There are at least three species that people are chewing on, that you will hear about soon,\" Johanson said during a science conference in Columbus last month. \"It's going to get more crowded.\"\u003c/p\u003e\u003cp\u003eLucy still stands out in the crowd, however. Her species, Australopithecus afarensis, represents a key turning point in the story of human evolution: Lucy's brain was just a little bigger than that of a modern-day chimpanzee, but the structure of her skeleton clearly shows she walked upright.\u003c/p\u003e\u003cp\u003e\"Obviously, Lucy occupies this pivotal place on the family tree,\" Johanson said.\u003c/p\u003e\u003cp\u003eBut what happened after Lucy? What was it that caused our particular branch of the family tree to blossom, while others withered away? \"That's one of the great mysteries that we're hoping to address in coming years,\" Johanson said.\u003c/p\u003e\u003cp\u003e\u003cimg src=\"http://newscms.nbcnews.com/sites/newscms/files/youtube.png\" alt=\"youtube-id:vOA55lD3fL8\" title=\"youtube-id:vOA55lD3fL8\" class=\"news-widget\" id=\"widget_0\" data-widget-name=\"youtube\" data-widget-id=\"7\" data-widget-image=\"http://newscms.nbcnews.com/sites/newscms/files/youtube.png\" data-youtube-id=\"vOA55lD3fL8\" data-meta-info=\"youtube-id\"\u003e\u003c/p\u003e\u003ch2\u003eMagical mystery tour\u003c/h2\u003e\u003cp\u003eJohanson has been dealing with great mysteries since Nov. 24, 1974, the day he came across that little piece of elbow bone in a gully near Hadar, a village in Ethiopia's Afar region. He was part of a team hunting for fossils of ancient hominids, and acting on a hunch, Johanson and graduate student Tom Gray decided to walk through the gully even though it had been checked before.\u003c/p\u003e\u003cp\u003e\"I am always looking at the ground,\" Johanson said. \"I find more quarters by parking meters than anybody I know.\"\u003c/p\u003e\u003cp\u003eHe immediately recognized that the bone fragment was something speclal. \"A year before the discovery, a geologist had left his footprints 4 or 5 feet away from the skeleton, because he was looking for rocks. I was looking for bones,\" Johanson recalled.\u003c/p\u003e\u003cp\u003e\u003cimg src=\"780421\" data-field-file-image-alt-text=\"Image%3A+Don+Johanson+in+the+1970s\" data-field-file-image-title-text=\"Image%3A+Don+Johanson+in+the+1970s\" data-field-caption=\"Paleoanthropologist+Don+Johanson+shows+off+Lucy%27s+skeleton+after+its+discovery+in+1974.\" data-field-byline=\"\" data-field-source=\"Institute+of+Human+Origins\" data-field-copyright=\"\" data-field-file-created=\"1416807103\" data-field-half-size-image=\"0\" /\u003e\u003c/p\u003e\u003cp\u003eSearchers spotted more bones nearby, and that evening they threw a party to celebrate — with a recording of the Beatles' \"Lucy in the Sky With Diamonds\" playing as the soundtrack. Over the next few weeks, Johanson and his colleagues unearthed several hundred fragments of the skeleton, which they nicknamed Lucy.\u003c/p\u003e\u003cp\u003eThe fact that Lucy's skeleton was 40 percent complete (excluding the many tiny bones of the hands and feet), plus the never-before-seen blend of ape and human characteristics, made Lucy famous. And Lucy made Johanson famous.\u003c/p\u003e\u003cp\u003eAfter a years-long \u003ca href=\"http://www.nbcnews.com/id/20153408\"\u003eU.S. tour\u003c/a\u003e, Lucy's bones are being \u003ca href=\"https://iho.asu.edu/about/lucy%E2%80%99s-story#eighth\"\u003eheld secure\u003c/a\u003e inside an\u003ca href=\"http://www.theafricareport.com/East-Horn-Africa/archaeology-lucy-worlds-oldest-returns-to-ethiopia.html\"\u003e Ethiopian museum\u003c/a\u003e. Meanwhile, Johanson went on to found the \u003ca href=\"https://iho.asu.edu/about/history-research-and-discovery\"\u003eInstitute of Human Origins\u003c/a\u003e and has made Arizona State University his home base for teaching and research.\u003c/p\u003e\u003cp\u003e\"Somebody was asking me what's the big difference, 40 years later, between me and Lucy — and I say it's very simple,\" Johanson said. \"When I look in the mirror, I know I'm 40 years older. Lucy doesn't look a day older.\"\u003c/p\u003e\u003ch2\u003eLife after Lucy\u003c/h2\u003e\u003cp\u003eJohanson has told and retold the story of Lucy in books and interviews, but even after 3.2 million years, that story isn't over: Now he's focusing on how and why species like Australopithecus afarensis made the transition to species like Homo erectus and Homo habilis, and then onward to Neanderthals and modern humans.\u003c/p\u003e\u003cp\u003eHe couldn't discuss all the details in Columbus, because some of the findings still have to be reviewed, but Johanson sketched out his scenario for life after Lucy in East Africa: Scientists have long known that the \u003ca href=\"http://www.columbia.edu/cu/record/archives/vol19/vol19_iss13/record1913.13\"\u003eregional climate turned drier\u003c/a\u003e in the epoch that came after Lucy's heyday. That transformed a closed, forested environment into a more open environment dominated by grassland.\u003c/p\u003e\u003cp\u003e\"One group — the 'robusts,' the ones with the big teeth and the big jaws — made adaptations that were dietary,\" Johanson said. They switched from a fruit-rich diet to a menu featuring grasses, roots and seeds. Meanwhile, another group went \"in a totally different evolutionary direction.\"\u003c/p\u003e\u003cp\u003e\u003cimg src=\"780416\" data-field-file-image-alt-text=\"Image%3A+Don+Johanson\" data-field-file-image-title-text=\"Image%3A+Don+Johanson\" data-field-caption=\"Arizona+State+University+paleoanthropologist+Don+Johanson+is+still+following+up+on+the+tale+told+by+the+skull+and+bones+of+Lucy%2C+a+human+ancestor+that+lived+more+than+3+million+years+ago+in+Ethiopia.\" data-field-byline=\"Tom+Story\" data-field-source=\"ASU+file\" data-field-copyright=\"\" data-field-file-created=\"1416806672\" data-field-half-size-image=\"0\" /\u003e\u003c/p\u003e\u003cp\u003e\"What was it that stimulated the arrival of our own genus, Homo? That focused on brain expansion, that focused on tool use, and focused on the inclusion of a high-energy source of food to nourish a very hungry brain: meat,\" Johanson said.\u003c/p\u003e\u003cp\u003eThe implication is that, 3 million years ago, climate change in Africa pushed one group of hominids toward what turned out to be a dietary dead end, while the other group took the path toward becoming human.\u003c/p\u003e\u003cp\u003e\"I think we're going to see some very exciting discoveries,\" Johanson said. \"I know that, I can't tell you that. I know that over the next couple of years you're going to be quite surprised.\"\u003c/p\u003e\u003ch2\u003eThe big question\u003c/h2\u003e\u003cp\u003eIn September, the Institute of Human Origins \u003ca href=\"https://asunews.asu.edu/20140916-human-origins-templeton-grant\"\u003ereceived a $4.9 million boost in September\u003c/a\u003e from the Templeton Foundation, which funds initiatives that focus on \"big questions\" ranging from cosmology to spirituality.\u003c/p\u003e\u003cp\u003eTempleton's support for projects with a religious twist has drawn criticism from some scientists — but Johanson points out that the foundation's \u003ca href=\"http://www.templeton.org/category/bio-type/board-advisors?page=2\"\u003eboard of advisers\u003c/a\u003e include respected researchers who steer far clear of religion, such as \u003ca href=\"http://www.amnh.org/our-research/staff-directory/ian-tattersall\"\u003epaleoanthropologist Ian Tattersall\u003c/a\u003e.\u003c/p\u003e\u003cp\u003eThe way Johanson sees it, the nature of humanness is one of the biggest questions there is — not just for our past, but for our future as well.\u003c/p\u003e\u003cp\u003e\"I'm convinced that understanding our evolutionary journey is going to play a role in our future, our future survival as well as the survival of all creatures on this planet,\" he said. \"We know we have a united past, we know that we are the same species, we know we have inherited the same capabilities. And I think hopefully this is going to lead to a world in which we're more responsible to the natural world — the natural world that ultimately was our creator on this planet. ...\u003c/p\u003e\u003cp\u003e\"I think it's time for this species, the most powerful, the most destructive and at the same time the most creative species on planet Earth — Homo sapiens — to stop acting as if there was some other place for us to move to.\"\u003c/p\u003e\u003cp\u003e\u003cem\u003eJohanson spoke at the \u003ca href=\"http://casw.org/new-horizons\"\u003eNew Horizons in Science briefing\u003c/a\u003e in Columbus, part of the \u003ca href=\"http://www.sciencewriters2014.org/\"\u003eScienceWriters 2014\u003c/a\u003e conference. The briefing was presented by the \u003ca href=\"http://casw.org/casw-new-horizons/announcement/knowing-human-story-key-living-nature-says-johanson\"\u003eCouncil for the Advancement of Science Writing\u003c/a\u003e in cooperation with the \u003ca href=\"http://www.nasw.org/\"\u003eNational Association of Science Writers\u003c/a\u003e and the \u003ca href=\"http://buckeyevoices.osu.edu/articles/2014/10/15/ohio-state-research-on-a-national-stage/\"\u003eOhio State University\u003c/a\u003e. NBC News science editor Alan Boyle is the current president of CASW.\u003c/em\u003e\u003c/p\u003e","cover_headline":"40 Years Later, Lucy's Discoverer Adds to Origin Story","cover_image":null,"curated_list":[],"editorial_notes":null,"external_link":null,"first_publication_date":"1416838175","hidden":0,"labels":[],"linked_sections":[],"linked_topics":["17471"],"main_art":{"alt_text":"Image: Australopithecus afarensis","byline":"Michael Hagelberg","caption":"An artist's conception shows human ancestors from a long-extinct species called Australopithecus afarensis. The first specimen of the species, known as Lucy, was discovered 40 years ago.","copyright":null,"crop_rect":"","fid":"779351","focus_rect":"0,726,2700,896","height":"3385","source":"ASU Research Magazine","title":"Image: Australopithecus afarensis","url":"141121-lucy.jpg","width":"2700"},"native_ad":0,"nid":"253991","publication_date":1416838250,"revision_timestamp":1416838251,"search_enabled":1,"section":["73"],"show_on_cover":1,"slideshow":null,"source":[],"source_site_name":null,"sponsor_label":null,"storyline":[],"summary":"It's been 40 years since the discovery of a 3.2 million-year-old skeleton fleshed out the story of human origins — but the tale is far from finished.","tags":[],"tease_image":null,"title":"40 Years Later, Lucy Discoverer Johanson Adds to Human Origin Story","topic":["2"],"type":"news_entry","video_art_url":null},"externalId":"253991","externalSource":"NewsCMS","type":"news_entry"}