{"action":"save","entry":{"ads_enabled":1,"article_type":"video","brand":"NBC News","breaking_news":0,"breaking_news_alert":0,"breaking_news_alert_title":null,"breaking_news_headline":null,"byline_id":[],"comments_enabled":1,"content":null,"cover_headline":null,"cover_image":null,"curated_list":[],"editorial_notes":null,"external_link":null,"first_publication_date":"1416414767","hidden":0,"labels":[],"linked_sections":[],"linked_topics":["30"],"main_art":null,"mpx_description":"Watch Brazilian artist Fernando de la Rocque exhale marijuana smoke through a stencil onto paper, creating a new twist on highbrow art.","mpx_guid":"f_fh_marijuana_artist_141119","mpx_id":"360802371808","mpx_title":"Watch Artist Make Masterpieces with Marijuana Smoke","native_ad":0,"nid":"251736","publication_date":1416414767,"revision_timestamp":1416414768,"search_enabled":1,"section":["7"],"show_on_cover":0,"slideshow":null,"source":[],"source_site_name":null,"sponsor_label":null,"storyline":[],"summary":"Watch Brazilian artist Fernando de la Rocque exhale marijuana smoke through a stencil onto paper, creating a new twist on highbrow art.","tags":[],"tease_image":null,"title":"Watch Artist Make Masterpieces with Marijuana Smoke","topic":["90"],"type":"news_entry","video_art_url":"http://media2.s-nbcnews.com/i/MSNBC/Components/Video/__NEW/f_fh_marijuana_artist2_141119.jpg","workbench_id":"56455970"},"externalId":"251736","externalSource":"NewsCMS","type":"news_entry"}