{"action":"save","entry":{"ads_enabled":1,"article_type":"video","brand":"Live Video","breaking_news":0,"breaking_news_alert":0,"breaking_news_alert_title":null,"breaking_news_headline":null,"byline_id":[],"comments_enabled":1,"content":null,"cover_headline":null,"cover_image":null,"curated_list":[],"editorial_notes":null,"external_link":null,"first_publication_date":"1416406407","hidden":0,"labels":[],"linked_sections":[],"linked_topics":["66","30"],"main_art":null,"mpx_description":"Army Chief of Staff Gen. Ray Odierno, Chairman of the Joint Chiefs Gen. Martin Dempsey and Ambassador Samantha Power speak at the Defense One Summit.","mpx_guid":"nbcnewslive_nyc3","mpx_id":"322519619939","mpx_title":"Watch Live: Gen. Odierno, Gen. Dempsey Speak at Defense Summit","native_ad":0,"nid":"251556","publication_date":1416406407,"revision_timestamp":1416406407,"search_enabled":1,"section":["7"],"show_on_cover":1,"slideshow":null,"source":[],"source_site_name":null,"sponsor_label":null,"storyline":[],"summary":"Army Chief of Staff Gen. Ray Odierno, Chairman of the Joint Chiefs Gen. Martin Dempsey and Ambassador Samantha Power speak at the Defense One Summit.","tags":[],"tease_image":null,"title":"Watch Live: Gen. Odierno, Gen. Dempsey Speak at Defense Summit","topic":["16"],"type":"news_entry","video_art_url":"http://media1.s-nbcnews.com/i/MSNBC/Components/Video/__NEW/DefaultImage_NBCNews_1920x1080__094069.jpg","workbench_id":null},"externalId":"251556","externalSource":"NewsCMS","type":"news_entry"}