{"action":"save","entry":{"ads_enabled":1,"article_type":"video","brand":"Meet the Press","breaking_news":0,"breaking_news_alert":0,"breaking_news_alert_title":null,"breaking_news_headline":null,"byline_id":[],"comments_enabled":1,"content":null,"cover_headline":"First Read Minute: Top Democrats March On Despite Midterm Drubbing","cover_image":null,"curated_list":[],"editorial_notes":null,"external_link":null,"first_publication_date":"1416428993","hidden":0,"labels":[],"linked_sections":[],"linked_topics":["63"],"main_art":null,"mpx_description":"NBC News' Mark Murray and Carrie Dann discuss how Congressional Democrats in both the House and Senate, will have the exact same top leaders, showing that little has changed since the midterm elections.","mpx_guid":"x_dc_mtp_frm_141119","mpx_id":"360904259757","mpx_title":"First Read Minute: Top Democrats March On Despite Midterm Drubbing","native_ad":0,"nid":"251936","publication_date":"1416428993","revision_timestamp":1416429009,"search_enabled":1,"section":["40"],"show_on_cover":0,"slideshow":null,"source":[],"source_site_name":null,"sponsor_label":null,"storyline":[],"summary":"NBC News' Mark Murray and Carrie Dann discuss how Congressional Democrats in both the House and Senate, will have the exact same top leaders, showing that little has changed since the midterm elections.","tags":[],"tease_image":null,"title":"First Read Minute: Top Democrats March On Despite Midterm Drubbing","topic":[],"type":"news_entry","video_art_url":"http://media2.s-nbcnews.com/i/MSNBC/Components/Video/__NEW/x_dc_mtp_frm_141119.jpg","workbench_id":"56457425"},"externalId":"251936","externalSource":"NewsCMS","type":"news_entry"}