{"action":"save","entry":{"ads_enabled":1,"article_type":"video","brand":"Nightly News","breaking_news":0,"breaking_news_alert":0,"breaking_news_alert_title":null,"breaking_news_headline":null,"byline_id":["4756"],"comments_enabled":1,"content":null,"cover_headline":null,"cover_image":null,"curated_list":[],"editorial_notes":null,"external_link":null,"first_publication_date":"1416355773","hidden":0,"labels":[],"linked_sections":[],"linked_topics":["17441"],"main_art":null,"mpx_description":"Minnesota Vikings running back Adrian Peterson pleaded no contest to misdemeanor reckless assault for injuries sustained by his 4-year-old son.","mpx_guid":"nn_bwi_peterson_141118","mpx_id":"360515139963","mpx_title":"Adrian Peterson Suspended Without Pay for Remainder of Season","native_ad":0,"nid":"251241","publication_date":"1416351865","revision_timestamp":1416355774,"search_enabled":1,"section":["19"],"show_on_cover":0,"slideshow":null,"source":[],"source_site_name":null,"sponsor_label":null,"storyline":[],"summary":"Minnesota Vikings running back Adrian Peterson pleaded no contest to misdemeanor reckless assault for injuries sustained by his 4-year-old son.","tags":[],"tease_image":null,"title":"Adrian Peterson Suspended Without Pay for Remainder of Season","topic":[],"type":"news_entry","video_art_url":"http://media1.s-nbcnews.com/i/MSNBC/Components/Video/__NEW/2014-11-18T23-51-35-266Z--1280x720.jpg","workbench_id":null},"externalId":"251241","externalSource":"NewsCMS","type":"news_entry"}