{"action":"save","entry":{"ads_enabled":1,"article_type":"video","brand":"NBC News Channel","breaking_news":0,"breaking_news_alert":0,"breaking_news_alert_title":null,"breaking_news_headline":null,"byline_id":[],"comments_enabled":1,"content":null,"cover_headline":null,"cover_image":null,"curated_list":[],"editorial_notes":null,"external_link":null,"first_publication_date":"1416419102","hidden":0,"labels":[],"linked_sections":[],"linked_topics":["30"],"main_art":null,"mpx_description":"Residents of East Porterville, Calif., who were left without running water by the ongoing drought, can now shower near their homes. KSEE's Joe Ybarra reports.","mpx_guid":"nc_portablesh_141119","mpx_id":"360797763745","mpx_title":"Portable Showers Bring Drought Relief to California Residents","native_ad":0,"nid":"251801","publication_date":1416419102,"revision_timestamp":1416419162,"search_enabled":1,"section":["7"],"show_on_cover":1,"slideshow":null,"source":[],"source_site_name":null,"sponsor_label":null,"storyline":[],"summary":"Residents of East Porterville, Calif., who were left without running water by the ongoing drought, can now shower near their homes. KSEE's Joe Ybarra reports.","tags":[],"tease_image":null,"title":"Portable Showers Bring Drought Relief to California Residents","topic":["66"],"type":"news_entry","video_art_url":"http://media2.s-nbcnews.com/i/MSNBC/Components/Video/__NEW/_News%20Channel/nc_portablesh2_141119.jpg","workbench_id":"56455878"},"externalId":"251801","externalSource":"NewsCMS","type":"news_entry"}