{"action":"save","entry":{"ads_enabled":1,"article_type":"video","brand":"NBCNews.com","breaking_news":0,"breaking_news_alert":0,"breaking_news_alert_title":null,"breaking_news_headline":null,"byline_id":[],"comments_enabled":1,"content":null,"cover_headline":null,"cover_image":null,"curated_list":[],"editorial_notes":null,"external_link":null,"first_publication_date":"1416419488","hidden":0,"labels":[],"linked_sections":["7"],"linked_topics":["30","28"],"main_art":null,"mpx_description":"Meteorologist Domenica Davis explains what causes lake-effect snow.","mpx_guid":"p_30stk_lake_snow_141119","mpx_id":"360805955567","mpx_title":"What Is Lake-Effect Snow?","native_ad":0,"nid":"251806","publication_date":1416419487,"revision_timestamp":1416419488,"search_enabled":1,"section":["23"],"show_on_cover":1,"slideshow":null,"source":[],"source_site_name":null,"sponsor_label":null,"storyline":[],"summary":"Meteorologist Domenica Davis explains what causes lake-effect snow.","tags":[],"tease_image":null,"title":"What Is Lake-Effect Snow?","topic":[],"type":"news_entry","video_art_url":"http://media2.s-nbcnews.com/i/MSNBC/Components/Video/__NEW/p_30stk_lake_snow_141119.jpg","workbench_id":"56455978"},"externalId":"251806","externalSource":"NewsCMS","type":"news_entry"}