{"action":"save","entry":{"ads_enabled":1,"article_type":"spread","breaking_news":0,"breaking_news_alert":0,"breaking_news_alert_title":null,"breaking_news_headline":null,"byline_id":[],"comments_enabled":1,"content":"\u003cp\u003eGood morning, and happy Monday. Here are some of the stories we’re following today:\u003c/p\u003e\u003ch2\u003e1. Could the Ferguson decision come today?\u003c/h2\u003e\u003cp\u003eThe grand jury deciding whether to indict Darren Wilson for the shooting death of Michael Brown will reconvene Monday, officials told NBC News. While police and schools are expected to get advanced notice before the decision, business owners and residents are left wondering when an announcement might come. The secretive nature of the procedure leaves some wondering if the appointment of a grand jury was the best process to choose in such a sensitive situation. \u003ca href=\"http://www.nbcnews.com/storyline/michael-brown-shooting/was-grand-jury-best-option-ferguson-case-michael-brown-n254531\"\u003eRead more in NEWS.\u003c/a\u003e\u003c/p\u003e\u003cp\u003e\u003cdata data-widget-name=\"mpx_video\" data-mpx-id=\"362776131906\" data-mpx-guid=\"tdy_mel_ferguson_141124\" data-autoplay=\"0\" data-mpx-title-override=\"More protests as Ferguson grand jury deliberates\" data-mpx-description-override=\"A grand jury in Ferguson, Missouri, will reconvene Monday to consider whether to indict the officer who fatally shot Michael Brown. NBC national correspondent Craig Melvin reports.\" data-meta-info=\"mpx-id | mpx-guid | mpx-description-override | mpx-title-override\"\u003e\u003c/data\u003e\u003c/p\u003e\u003ch2\u003e2. Seven feet of snow begins to melt in Western New York\u003c/h2\u003e\u003cp\u003eThe rain storm expected to speed the melting of 7 feet of snow in Buffalo moved over the region more quickly than expected, but rising temperatures still threatened significant melting and a chance of floods. \"The melting has started and should go on for 16 to 18 hours,\" said Kevin Roth, lead meteorologist at The Weather Channel. New York Gov. Andrew Cuomo warned residents Sunday that they should be prepared to evacuate if they live anywhere near an area that is prone to flooding. \u003ca href=\"http://www.nbcnews.com/news/weather/buffalo-braces-flooding-seven-feet-snow-starts-melting-n254306\"\u003eRead more in WEATHER.\u003c/a\u003e\u003c/p\u003e\u003ch2\u003e3. Investigation launched into cop's shooting death of 12-year-old boy\u003c/h2\u003e\u003cp\u003eA 12-year-old boy who was shot by police on Saturday died Sunday morning after undergoing surgery. Cleveland police said officers responded to a report of a person waving a gun around at a playground and shot the young boy, Tamir Rice, when he reached into his waistband and refused to put his hands in the air. The gun turned out to be an \"airsoft\" replica toy gun. Two officers have been put on administrative leave, and an investigation is underway. \u003ca href=\"http://www.nbcnews.com/news/us-news/tamir-rice-shooting-cleveland-police-under-investigation-n254716\"\u003eRead more in NEWS.\u003c/a\u003e\u003c/p\u003e\u003cp\u003e\u003cimg src=\"http://newscms.nbcnews.com/sites/newscms/files/tweet_embed.png\" alt=\"desktop:\u0026lt;blockquote class=\\twitter-tweet\\ lang=\\en\\\u0026gt;\u0026lt;p\u0026gt;Newest photo of the 12 year old Cleveland boy killed by police gunfire Saturday |  Tamir Rice. \u0026lt;a href=\\https://twitter.com/wkyc\\\u0026gt;@wkyc\u0026lt;/a\u0026gt; \u0026lt;a href=\\https://twitter.com/TODAYshow\\\u0026gt;@TODAYshow\u0026lt;/a\u0026gt; \u0026lt;a href=\\http://t.co/otOqxh52St\\\u0026gt;pic.twitter.com/otOqxh52St\u0026lt;/a\u0026gt;\u0026lt;/p\u0026gt;— Chris Tye (@TVTye) \u0026lt;a href=\\https://twitter.com/TVTye/status/536645962354409472\\\u0026gt;November 23 |  2014\u0026lt;/a\u0026gt;\u0026lt;/blockquote\u0026gt; \u0026lt;script async src=\\//platform.twitter.com/widgets.js\\ charset=\\utf-8\\\u0026gt;\u0026lt;/script\u0026gt;\" title=\"desktop:\u0026lt;blockquote class=\\twitter-tweet\\ lang=\\en\\\u0026gt;\u0026lt;p\u0026gt;Newest photo of the 12 year old Cleveland boy killed by police gunfire Saturday |  Tamir Rice. \u0026lt;a href=\\https://twitter.com/wkyc\\\u0026gt;@wkyc\u0026lt;/a\u0026gt; \u0026lt;a href=\\https://twitter.com/TODAYshow\\\u0026gt;@TODAYshow\u0026lt;/a\u0026gt; \u0026lt;a href=\\http://t.co/otOqxh52St\\\u0026gt;pic.twitter.com/otOqxh52St\u0026lt;/a\u0026gt;\u0026lt;/p\u0026gt;— Chris Tye (@TVTye) \u0026lt;a href=\\https://twitter.com/TVTye/status/536645962354409472\\\u0026gt;November 23 |  2014\u0026lt;/a\u0026gt;\u0026lt;/blockquote\u0026gt; \u0026lt;script async src=\\//platform.twitter.com/widgets.js\\ charset=\\utf-8\\\u0026gt;\u0026lt;/script\u0026gt;\" class=\"news-widget\" id=\"widget_0\" data-widget-name=\"tweet_embed\" data-widget-id=\"5\" data-widget-image=\"http://newscms.nbcnews.com/sites/newscms/files/tweet_embed.png\" data-desktop=\"%3Cblockquote%20class=%22twitter-tweet%22%20lang=%22en%22%3E%3Cp%3ENewest%20photo%20of%20the%2012%20year%20old%20Cleveland%20boy%20killed%20by%20police%20gunfire%20Saturday,%20Tamir%20Rice.%20%3Ca%20href=%22https://twitter.com/wkyc%22%3E@wkyc%3C/a%3E%20%3Ca%20href=%22https://twitter.com/TODAYshow%22%3E@TODAYshow%3C/a%3E%20%3Ca%20href=%22http://t.co/otOqxh52St%22%3Epic.twitter.com/otOqxh52St%3C/a%3E%3C/p%3E—%20Chris%20Tye%20(@TVTye)%20%3Ca%20href=%22https://twitter.com/TVTye/status/536645962354409472%22%3ENovember%2023,%202014%3C/a%3E%3C/blockquote%3E%20%3Cscript%20async%20src=%22//platform.twitter.com/widgets.js%22%20charset=%22utf-8%22%3E%3C/script%3E\" data-meta-info=\"desktop\"\u003e\u003c/p\u003e\u003ch2\u003e4. UVA suspends all frats after horrifying rape report\u003c/h2\u003e\u003cp\u003eThe University of Virginia over the weekend suspended all fraternities after a horrifying \u003ca href=\"http://www.rollingstone.com/culture/features/a-rape-on-campus-20141119\"\u003eRolling Stone\u003c/a\u003e article about an alleged 2012 rape at a fraternity house party and other sexual assaults. The assaults are described in the article as common in the fraternity culture, and overlooked by school officials. The university's Board of Visitors will meet to discuss the school's policies regarding sexual assault as well as the allegations in the report. \u003ca href=\"http://www.nbcnews.com/news/us-news/university-virginia-suspends-all-fraternities-after-sex-assault-report-n254166\"\u003eRead more in NEWS.\u003c/a\u003e\u003c/p\u003e\u003ch2\u003e5. Thanksgiving travel begins, but it’s slow-going\u003c/h2\u003e\u003cp\u003ePeople getting ready to go home or away for Thanksgiving can hit snarls if they're leaving Monday. Strong winds were expected to cause \"significant delays at major airports anywhere from Denver to Boston and points in between,\" Weather.com warned. Travel hubs like Philadelphia, Boston and New York will also get hit with rain, adding to the air travel woes. \u003ca href=\"http://www.nbcnews.com/news/weather/thanksgiving-travel-airports-face-significant-delays-due-winds-n254736\"\u003eRead more in WEATHER.\u003c/a\u003e\u003c/p\u003e\u003cp\u003e\u003cimg src=\"http://newscms.nbcnews.com/sites/newscms/files/tweet_embed.png\" alt=\"desktop:\u0026lt;blockquote class=\\twitter-tweet\\ lang=\\en\\\u0026gt;\u0026lt;p\u0026gt;Gusty winds will blanket a huge area of the U.S. Monday. Expect serious airport delays: \u0026lt;a href=\\http://t.co/cbHnSNlhvQ\\\u0026gt;http://t.co/cbHnSNlhvQ\u0026lt;/a\u0026gt; \u0026lt;a href=\\http://t.co/ql85Iiz9Om\\\u0026gt;pic.twitter.com/ql85Iiz9Om\u0026lt;/a\u0026gt;\u0026lt;/p\u0026gt;— The Weather Channel (@weatherchannel) \u0026lt;a href=\\https://twitter.com/weatherchannel/status/536770146237689856\\\u0026gt;November 24 |  2014\u0026lt;/a\u0026gt;\u0026lt;/blockquote\u0026gt; \u0026lt;script async src=\\//platform.twitter.com/widgets.js\\ charset=\\utf-8\\\u0026gt;\u0026lt;/script\u0026gt;\" title=\"desktop:\u0026lt;blockquote class=\\twitter-tweet\\ lang=\\en\\\u0026gt;\u0026lt;p\u0026gt;Gusty winds will blanket a huge area of the U.S. Monday. Expect serious airport delays: \u0026lt;a href=\\http://t.co/cbHnSNlhvQ\\\u0026gt;http://t.co/cbHnSNlhvQ\u0026lt;/a\u0026gt; \u0026lt;a href=\\http://t.co/ql85Iiz9Om\\\u0026gt;pic.twitter.com/ql85Iiz9Om\u0026lt;/a\u0026gt;\u0026lt;/p\u0026gt;— The Weather Channel (@weatherchannel) \u0026lt;a href=\\https://twitter.com/weatherchannel/status/536770146237689856\\\u0026gt;November 24 |  2014\u0026lt;/a\u0026gt;\u0026lt;/blockquote\u0026gt; \u0026lt;script async src=\\//platform.twitter.com/widgets.js\\ charset=\\utf-8\\\u0026gt;\u0026lt;/script\u0026gt;\" class=\"news-widget\" id=\"widget_0\" data-widget-name=\"tweet_embed\" data-widget-id=\"5\" data-widget-image=\"http://newscms.nbcnews.com/sites/newscms/files/tweet_embed.png\" data-desktop=\"%3Cblockquote%20class=%22twitter-tweet%22%20lang=%22en%22%3E%3Cp%3EGusty%20winds%20will%20blanket%20a%20huge%20area%20of%20the%20U.S.%20Monday.%20Expect%20serious%20airport%20delays:%20%3Ca%20href=%22http://t.co/cbHnSNlhvQ%22%3Ehttp://t.co/cbHnSNlhvQ%3C/a%3E%20%3Ca%20href=%22http://t.co/ql85Iiz9Om%22%3Epic.twitter.com/ql85Iiz9Om%3C/a%3E%3C/p%3E—%20The%20Weather%20Channel%20(@weatherchannel)%20%3Ca%20href=%22https://twitter.com/weatherchannel/status/536770146237689856%22%3ENovember%2024,%202014%3C/a%3E%3C/blockquote%3E%20%3Cscript%20async%20src=%22//platform.twitter.com/widgets.js%22%20charset=%22utf-8%22%3E%3C/script%3E\" data-meta-info=\"desktop\"\u003e\u003c/p\u003e\u003ch2\u003e6. Katy Perry will headline Super Bowl halftime show\u003c/h2\u003e\u003cp\u003eThe NFL announced Sunday night that \"Roar\" singer Katy Perry will headline the halftime show at the Super Bowl, which last year had the attention of 115 million viewers. The Super Bowl will be played on Feb. 1 in Glendale, Arizona, and broadcast on NBC.\u003c/p\u003e\u003ch2\u003eAnd now this ...\u003c/h2\u003e\u003cp\u003eOfficials in the Polish town of Tuszyn were deciding on a mascot for their playground when Winnie the Pooh was suggested. They decided \u003ca href=\"http://www.nbcnews.com/news/world/town-reportedly-nixes-winnie-pooh-mascot-over-dubious-sexuality-n253226\"\u003eto rule Winnie out\u003c/a\u003e, because he's an \"inappropriately dressed\" bear of \"dubious sexuality.\" Presumably, Donald Duck, the Pillsbury Doughboy and Barney the dinosaur are also out.\u003c/p\u003e\u003cp\u003e\u003cdata data-widget-name=\"mpx_video\" data-mpx-id=\"361943619760\" data-mpx-guid=\"ntn_poohbear_141121\" data-autoplay=\"0\" data-mpx-title-override=\"People in Poland Have a Serious Problem with Winnie the Pooh\" data-mpx-description-override=\"Winnie the Pooh isn't so beloved in Poland where a group of school counselors have banned him from playgrounds on account of his propensity to go around without pants.\" data-meta-info=\"mpx-id | mpx-guid | mpx-description-override | mpx-title-override\"\u003e\u003c/data\u003e\u003c/p\u003e","cover_headline":"Monday's Top 6 News Stories","cover_image":null,"curated_list":[],"editorial_notes":null,"external_link":null,"first_publication_date":"1416832176","hidden":0,"labels":[],"linked_sections":[],"linked_topics":["66"],"main_art":{"alt_text":"Image: TOPSHOTS-US-CRIME-POLICE-RACE-UNREST","byline":"JEWEL SAMAD","caption":"Demonstrators shout slogans during a march in St. Louis, Missouri, on Sunday to protest the death of 18-year-old Michael Brown. More than 100 protesters marched peacefully through St Louis, stepping up pressure on a grand jury to indict a white police officer for shooting dead an unarmed black teenager. ","copyright":"AFP","crop_rect":"","fid":"780586","focus_rect":"0,725,2500,911","height":"1636","source":"AFP - Getty Images","title":"Image: TOPSHOTS-US-CRIME-POLICE-RACE-UNREST","url":"141124-ferguson-1124-0722.jpg","width":"2500"},"native_ad":0,"nid":"254631","publication_date":1416832176,"revision_timestamp":1416832177,"search_enabled":1,"section":["7"],"show_on_cover":1,"slideshow":null,"source":[],"source_site_name":null,"sponsor_label":null,"storyline":[],"summary":"From to potential floods to a Super Bowl halftime performer announcement, see the stories we're following.","tags":[],"tease_image":null,"title":"KNOW IT ALL: Monday's Top 6 Stories at NBC News","topic":["59"],"type":"news_entry","video_art_url":null},"externalId":"254631","externalSource":"NewsCMS","type":"news_entry"}