{"action":"save","entry":{"ads_enabled":1,"article_type":"video","brand":"Meet the Press","breaking_news":0,"breaking_news_alert":0,"breaking_news_alert_title":null,"breaking_news_headline":null,"byline_id":[],"comments_enabled":1,"content":null,"cover_headline":"Texas May Sue President Over Immigration Action","cover_image":null,"curated_list":[],"editorial_notes":null,"external_link":null,"first_publication_date":"1416442095","hidden":0,"labels":[],"linked_sections":["40"],"linked_topics":[],"main_art":null,"mpx_description":"During a Republican Governors Association panel moderated by Chuck Todd, Gov. Perry says suing the president over deportation relief is a possibility.","mpx_guid":"x_dc_mtp_perryimmigration_141119","mpx_id":"360997443941","mpx_title":"Texas May Sue President Over Immigration Action","native_ad":0,"nid":"252146","publication_date":1416442095,"revision_timestamp":1416442095,"search_enabled":1,"section":["17401"],"show_on_cover":0,"slideshow":null,"source":[],"source_site_name":null,"sponsor_label":null,"storyline":[],"summary":"During a Republican Governors Association panel moderated by Chuck Todd, Gov. Perry says suing the president over deportation relief is a possibility.","tags":[],"tease_image":null,"title":"Texas May Sue President Over Immigration Action","topic":[],"type":"news_entry","video_art_url":"http://media2.s-nbcnews.com/i/MSNBC/Components/Video/__NEW/x_dc_mtp_perryimmigration_141119.jpg","workbench_id":"56458469"},"externalId":"252146","externalSource":"NewsCMS","type":"news_entry"}