{"action":"save","entry":{"ads_enabled":1,"article_type":"video","brand":"NBCNews.com","breaking_news":0,"breaking_news_alert":0,"breaking_news_alert_title":null,"breaking_news_headline":null,"byline_id":[],"comments_enabled":1,"content":null,"cover_headline":"Artist Raises Hands of Hope in Ferguson","cover_image":null,"curated_list":[],"editorial_notes":null,"external_link":null,"first_publication_date":"1416440025","hidden":0,"labels":[],"linked_sections":[],"linked_topics":["30"],"main_art":null,"mpx_description":"With the help of friends, artist Damon Davis installs a series of posters he hopes demonstrates some unity amid the uneasiness in Ferguson, Missouri.","mpx_guid":"p_jb_ferguson_hands_141119","mpx_id":"360983107719","mpx_title":"Artist Raises Hands of Hope in Ferguson","native_ad":0,"nid":"252101","publication_date":1416440025,"revision_timestamp":1416440102,"search_enabled":1,"section":["7"],"show_on_cover":0,"slideshow":null,"source":[],"source_site_name":null,"sponsor_label":null,"storyline":["17876"],"summary":"With the help of friends, artist Damon Davis installs a series of posters he hopes demonstrates some unity amid the uneasiness in Ferguson, Missouri.","tags":[],"tease_image":null,"title":"Artist Raises Hands of Hope in Ferguson","topic":["66"],"type":"news_entry","video_art_url":"http://media2.s-nbcnews.com/i/MSNBC/Components/Video/__NEW/p_jb_ferguson_hands_141119.jpg","workbench_id":"56458384"},"externalId":"252101","externalSource":"NewsCMS","type":"news_entry"}