{"action":"save","entry":{"ads_enabled":1,"article_type":"video","brand":"Live Video","breaking_news":0,"breaking_news_alert":0,"breaking_news_alert_title":null,"breaking_news_headline":null,"byline_id":[],"comments_enabled":1,"content":null,"cover_headline":null,"cover_image":null,"curated_list":[],"editorial_notes":null,"external_link":null,"first_publication_date":"1416420066","hidden":0,"labels":[],"linked_sections":[],"linked_topics":["30"],"main_art":null,"mpx_description":"White House Press Secretary Josh Earnest delivers the daily press briefing.","mpx_guid":"nbcnewslive_nyc2","mpx_id":"322485827772","mpx_title":"Watch Live: White House Briefing","native_ad":0,"nid":"251826","publication_date":1416420066,"revision_timestamp":1416420066,"search_enabled":1,"section":["64"],"show_on_cover":1,"slideshow":null,"source":[],"source_site_name":null,"sponsor_label":null,"storyline":[],"summary":"White House Press Secretary Josh Earnest delivers the daily press briefing.","tags":[],"tease_image":null,"title":"Watch Live: White House Briefing","topic":["80"],"type":"news_entry","video_art_url":"http://media1.s-nbcnews.com/i/MSNBC/Components/Video/__NEW/earnst_141119.jpg","workbench_id":null},"externalId":"251826","externalSource":"NewsCMS","type":"news_entry"}