{"action":"save","entry":{"ads_enabled":1,"article_type":"video","brand":"NBC News","breaking_news":0,"breaking_news_alert":0,"breaking_news_alert_title":null,"breaking_news_headline":null,"byline_id":[],"comments_enabled":1,"content":null,"cover_headline":"McConnell: Obama 'Stuck With a Congress That He Doesn't Like' on Immigration","cover_image":null,"curated_list":[],"editorial_notes":null,"external_link":null,"first_publication_date":"1415909250","hidden":0,"labels":[],"linked_sections":[],"linked_topics":["53"],"main_art":null,"mpx_description":"Senate Minority Leader Mitch McConnell tells reporters Thursday that President Obama should hold off on executive action on immigration and instead work with Congress.","mpx_guid":"f_dc_mcconnell_141113","mpx_id":"357544003734","mpx_title":"McConnell: Obama 'Stuck With a Congress That He Doesn't Like' on Immigration","native_ad":0,"nid":"248046","publication_date":"1415909250","revision_timestamp":1416579849,"search_enabled":1,"section":["64"],"show_on_cover":0,"slideshow":null,"source":[],"source_site_name":null,"sponsor_label":null,"storyline":["18266"],"summary":"Senate Minority Leader Mitch McConnell tells reporters Thursday that President Obama should hold off on executive action on immigration and instead work with Congress.","tags":[],"tease_image":null,"title":"McConnell: Obama 'Stuck With a Congress That He Doesn't Like' on Immigration","topic":["37"],"type":"news_entry","video_art_url":"http://media2.s-nbcnews.com/i/MSNBC/Components/Video/__NEW/f_dc_mcconnell_141113.jpg","workbench_id":"56418379"},"externalId":"248046","externalSource":"NewsCMS","type":"news_entry"}