{"action":"save","entry":{"ads_enabled":1,"article_type":"spread","breaking_news":0,"breaking_news_alert":0,"breaking_news_alert_title":null,"breaking_news_headline":null,"byline_id":["12156"],"comments_enabled":1,"content":"\u003cp\u003eBEIJING — Bankrupt Detroit’s thousands of empty buildings are being flogged at rock-bottom prices — and Chinese investors are answering the siren call of unbeatable deals.\u003c/p\u003e\u003cp\u003eWith family homes regularly selling for around $10,000, the beleaguered Motor City is now the \u003ca href=\"http://rismedia.com/2014-02-03/top-10-us-destinations-for-buyers-from-china/\"\u003enumber-four destination for Chinese housing investors \u003c/a\u003ein the U.S. Bigger spenders have already snapped up some of Detroit’s most iconic commercial buildings.\u003c/p\u003e\u003cp\u003e“There are factories, commercial real estate and upscale areas around Detroit with proximity to good schools that are worth investing in,” said Wang Ning, deputy manager in charge of international business at China online real estate agency SouFun.\u003c/p\u003e\u003cp\u003eThe firm, which lists hundreds of photos of abandoned Detroit homes on its website, says it received more than 1,000 telephone inquiries the week after the city claimed the dubious distinction of having filed the country's largest municipal bankruptcy in July 2013.\u003c/p\u003e\u003cp\u003e\u003cimg src=\"775971\" data-field-file-image-alt-text=\"Detroit+homes+for+sale+on+the+SouFun+website+with+a+%2410%2C000+price+tag.\" data-field-file-image-title-text=\"Detroit+homes+for+sale+on+the+SouFun+website+with+a+%2410%2C000+price+tag.\" data-field-caption=\"Detroit+homes+for+sale+on+the+SouFun+website+each+with+a+%2410%2C000+price+tag.\" data-field-byline=\"\" data-field-source=\"Courtesy+SouFun\" data-field-copyright=\"\" data-field-file-created=\"1416486100\" data-field-half-size-image=\"0\" /\u003e\u003c/p\u003e\u003cp\u003eChinese interest picked up steam after a \u003ca href=\"http://news.cntv.cn/2013/03/16/VIDE1363394523435692.shtml\" target=\"_blank\"\u003eTV report\u003c/a\u003e claimed that homes in Detroit could be bought for the price of a pair of shoes.\u003c/p\u003e\u003cp\u003eAfter the program one user posted on Twitter-like Weibo: “700,000 people, quiet, clean air, no pollution, democracy — what are you waiting for?” The comment generated millions of responses.\u003c/p\u003e\u003cblockquote class=\"pullquote\"\u003e\u003cp\u003e\"We believe that Detroit will be back\"\u003c/p\u003e\u003c/blockquote\u003e\u003cp\u003eThe influx of cash is welcome in Detroit. Earlier this month, a\u003ca href=\"http://www.nbcnews.com/business/economy/saved-detroit-approved-set-bankruptcy-plan-action-n243411\"\u003e bankruptcy court ruling\u003c/a\u003e approved a \u003ca href=\"http://www.nbcnews.com/business/economy/detroits-historic-bankruptcy-approval-just-start-healing-n243771\"\u003ecomplex restructuring of the city's $18 billion in accumulated debt\u003c/a\u003e to end a costly and contentious chapter of the city's long-running financial decline. Once among the greatest manufacturing cities in the world with the highest per capita income in the United States, many of its homes and office buildings now sit empty and derelict. Its officials are looking to China help salvage the gutted city.\u003c/p\u003e\u003cp\u003eMichigan Gov. Rick Snyder on Wednesday embarked on a week-long trip to the country, his fourth visit since 2011. The visit underscores the critical role that he hopes Chinese investment can play in the state’s economic recovery program.\u003c/p\u003e\u003cp\u003e\u003cimg src=\"778166\" data-field-file-image-alt-text=\"Image%3A+Gov.+Rick+Snyder\" data-field-file-image-title-text=\"Image%3A+Gov.+Rick+Snyder\" data-field-caption=\"Michigan+Gov.+Rick+Snyder+speaks+in+Detroit+on+Nov.+17.\" data-field-byline=\"David+Coates\" data-field-source=\"AP\" data-field-copyright=\"\" data-field-file-created=\"1416573251\" data-field-half-size-image=\"0\" /\u003e\u003c/p\u003e\u003cp\u003e\"Detroit's coming back,\" Snyder said on the eve of his trade mission to China. \"We’re emerging from the bankruptcy. A lot of things are going on in terms of investments.”\u003c/p\u003e\u003cp\u003eThe governor’s visit is taking him to Shanghai, Beijing and three other cities. China is also Michigan's third-largest export market.\u003c/p\u003e\u003cp\u003eThe country’s investors were responding even before the governor’s whistle-stop tour.\u003c/p\u003e\u003cp\u003eIn Sept. 2013, property developer Dongdu International Group of Shanghai (DDI) shelled out $13.6 million — the price of one of Shanghai's upscale apartments — for three iconic structures in Detroit, including the Detroit Free Press building and a complex built by Kmart founder Sebastian Kresge.\u003c/p\u003e\u003cp\u003e“Detroit is like Shanghai in that it has many classical and iconic buildings,\" the company said on \u003ca href=\"http://en.ddigroup.com.cn/business/index.html\" target=\"_blank\"\u003eits website\u003c/a\u003e. \"DDI through its successful history has had had great experience in bringing these types of buildings back to life.”\u003c/p\u003e\u003cp\u003e\u003cdata data-widget-name=\"mpx_video\" data-mpx-id=\"307894339717\" data-mpx-guid=\"nc_detroit1ye_140718\" data-autoplay=\"0\" data-mpx-title-override=\"Detroit Rebounding One Year After Bankruptcy\" data-mpx-description-override=\"One year after Detroit filed for municipal bankruptcy protection, the city's crime rate is down by double digits, amid other signs that the city is coming back. WDIV's Mara MacDonald reports.\" data-meta-info=\"mpx-id | mpx-guid | mpx-description-override | mpx-title-override\"\u003e\u003c/data\u003e\u003c/p\u003e\u003cp\u003eAs well as wanting want to own a bit of classic Americana, Chinese investors also want to be part of Detroit’s recovery, according to DDI's branding senior manager Mica Shi.\u003c/p\u003e\u003cp\u003e“We feel very proud if we could contribute to the revival of Detroit,” she said. “We believe that Detroit will be back, the local government will support foreign investors, we are optimistic about it.”\u003c/p\u003e\u003cp\u003eHer firm is optimistic about the U.S. in general, she added, citing the country’s educational system and stable economy.\u003c/p\u003e\u003cp\u003e\u003cimg src=\"778161\" data-field-file-image-alt-text=\"Image%3A+Ford+Field%2C+home+of+the+Detroit+Lions%2C+is+seen+near+an+abandoned+building+in+September+2013.\" data-field-file-image-title-text=\"Image%3A+Ford+Field%2C+home+of+the+Detroit+Lions%2C+is+seen+near+an+abandoned+building+in+September+2013.\" data-field-caption=\"Ford+Field%2C+home+of+the+Detroit+Lions%2C+is+seen+near+an+abandoned+building+in+September+2013.\" data-field-byline=\"MIRA+OBERMAN\" data-field-source=\"AFP+-+Getty+Images+file\" data-field-copyright=\"\" data-field-file-created=\"1416573251\" data-field-half-size-image=\"0\" /\u003e\u003c/p\u003e\u003cp\u003eAnother selling point are the \u003ca href=\"http://www.cnbc.com/id/102170430\" target=\"_blank\"\u003enew 10-year visas \u003c/a\u003efor the Chinese announced by President Barack Obama during a recent visit. This is obviously not lost on Snyder, who is also lobbying for\u003ca href=\"http://michaelsnyder.mensnewsdaily.com/2014/05/will-detroit-be-the-first-major-chinese-city-in-the-united-states/\" target=\"_blank\"\u003e 50,000 special federal immigration visas \u003c/a\u003eto entice even more investors.\u003c/p\u003e\u003cp\u003eSo with half of China’s millionaires planning to emigrate abroad, and Detroit hoping for a share of \u003ca href=\"http://www.cnbc.com/id/101225781\" target=\"_blank\"\u003e“one of the largest and most rapid wealth migrations of our time,”\u003c/a\u003e it is unlikely China’s interest in Detroit will die down soon.\u003c/p\u003e\u003cp\u003e\u003cem\u003eThe Associated Press and NBC News r\u003c/em\u003e\u003cem\u003eesearcher Zhou Chaojie contributed to this report\u003c/em\u003e\u003c/p\u003e","cover_headline":"Why Are Chinese Investors Buying Up Detroit?","cover_image":null,"curated_list":[],"editorial_notes":null,"external_link":null,"first_publication_date":"1416653340","hidden":0,"labels":[],"linked_sections":["77","7"],"linked_topics":["42","17706","61","66","8"],"main_art":{"alt_text":"Image: An abandoned home in Detroit. ","byline":"John Brecher","caption":"An abandoned home in Detroit. ","copyright":"Copyright © 2013 John Brecher / NBC News","crop_rect":"","fid":"778201","focus_rect":"3,122,2487,1288","height":"1667","source":"NBC News","title":null,"url":"141121-detroit-abandoned-mn-740.jpg","width":"2500"},"native_ad":0,"nid":"253186","publication_date":1416682910,"revision_timestamp":1416682910,"search_enabled":1,"section":["7"],"show_on_cover":1,"slideshow":null,"source":[],"source_site_name":null,"sponsor_label":null,"storyline":[],"summary":"Detroit’s thousands of empty buildings are being flogged — and Chinese investors are answering the siren call of unbeatable deals.","tags":[],"tease_image":null,"title":"Chinese Investors Snap Up Property in Bankrupt Detroit","topic":["49"],"type":"news_entry","video_art_url":null},"externalId":"253186","externalSource":"NewsCMS","type":"news_entry"}