{"action":"save","entry":{"ads_enabled":1,"article_type":"photo","breaking_news":0,"breaking_news_alert":0,"breaking_news_alert_title":null,"breaking_news_headline":null,"byline_id":[],"comments_enabled":1,"content":"\u003cp\u003eAs protesters took to the streets of Ferguson Monday night, one image, showing a protester standing alone in in an attempt to block police vehicles, was compared by some Twitter users to the iconic 1989 photographs of the \u003ca href=\"http://www.nbcnews.com/news/world/moment-time-courage-tiananmen-squares-tank-man-n122131\"\u003eTiananmen Square 'Tank Man'\u003c/a\u003e.\u003c/p\u003e\u003cp\u003eA night of unrest followed a grand jury’s decision that Officer Darren Wilson would not be charged in the shooting death of unarmed teenager Michael Brown.\u003c/p\u003e\u003cp\u003e\u003cimg src=\"http://newscms.nbcnews.com/sites/newscms/files/tweet_embed.png\" alt=\"desktop:\u0026lt;blockquote class=\\twitter-tweet\\ lang=\\en\\\u0026gt;\u0026lt;p\u0026gt;The modern-day Tiananmen \u0026quot;Tank Man.\u0026quot; This is history. \u0026lt;a href=\\http://t.co/ioNQRISEJl\\\u0026gt;pic.twitter.com/ioNQRISEJl\u0026lt;/a\u0026gt;\u0026lt;/p\u0026gt;- andrea grace (@ag_sutl) \u0026lt;a href=\\https://twitter.com/ag_sutl/status/537092667503804416\\\u0026gt;November 25 |  2014\u0026lt;/a\u0026gt;\u0026lt;/blockquote\u0026gt; \u0026lt;script async src=\\//platform.twitter.com/widgets.js\\ charset=\\utf-8\\\u0026gt;\u0026lt;/script\u0026gt;\" title=\"desktop:\u0026lt;blockquote class=\\twitter-tweet\\ lang=\\en\\\u0026gt;\u0026lt;p\u0026gt;The modern-day Tiananmen \u0026quot;Tank Man.\u0026quot; This is history. \u0026lt;a href=\\http://t.co/ioNQRISEJl\\\u0026gt;pic.twitter.com/ioNQRISEJl\u0026lt;/a\u0026gt;\u0026lt;/p\u0026gt;- andrea grace (@ag_sutl) \u0026lt;a href=\\https://twitter.com/ag_sutl/status/537092667503804416\\\u0026gt;November 25 |  2014\u0026lt;/a\u0026gt;\u0026lt;/blockquote\u0026gt; \u0026lt;script async src=\\//platform.twitter.com/widgets.js\\ charset=\\utf-8\\\u0026gt;\u0026lt;/script\u0026gt;\" class=\"news-widget\" id=\"widget_0\" data-widget-name=\"tweet_embed\" data-widget-id=\"5\" data-widget-image=\"http://newscms.nbcnews.com/sites/newscms/files/tweet_embed.png\" data-desktop=\"%3Cblockquote%20class=%22twitter-tweet%22%20lang=%22en%22%3E%3Cp%3EThe%20modern-day%20Tiananmen%20\u0026quot;Tank%20Man.\u0026quot;%20This%20is%20history.%20%3Ca%20href=%22http://t.co/ioNQRISEJl%22%3Epic.twitter.com/ioNQRISEJl%3C/a%3E%3C/p%3E-%20andrea%20grace%20(@ag_sutl)%20%3Ca%20href=%22https://twitter.com/ag_sutl/status/537092667503804416%22%3ENovember%2025,%202014%3C/a%3E%3C/blockquote%3E%20%3Cscript%20async%20src=%22//platform.twitter.com/widgets.js%22%20charset=%22utf-8%22%3E%3C/script%3E\" data-meta-info=\"desktop\"\u003e\u003c/p\u003e\u003cp\u003e\u003cdata data-widget-name=\"mpx_video\" data-mpx-id=\"363344963587\" data-mpx-guid=\"nbc_ferg_tankman_141125\" data-autoplay=\"0\" data-mpx-title-override=\"Brian Williams: As Obama Spoke, Ferguson Filled With Teargas\" data-mpx-description-override=\"NBC's Brian Williams reports that as President Obama started to speak, the streets of Ferguson, Missouri, began to fill with teargas and police forces.\" data-meta-info=\"mpx-id | mpx-guid | mpx-description-override | mpx-title-override\"\u003e\u003c/data\u003e\u003c/p\u003e","cover_headline":"Defiant Protester Confronts Police in Ferguson","cover_image":null,"curated_list":[],"editorial_notes":null,"external_link":null,"first_publication_date":"1416919054","hidden":0,"labels":[],"linked_sections":[],"linked_topics":["71","67"],"main_art":{"alt_text":"Image: Ferguson Grand Jury decision in Michael Brown shooting","byline":"TANNEN MAURY","caption":"A man attempts to stop police vehicles in Ferguson, Missouri, on Nov. 24, 2014 after a grand jury decided that Officer Darren Wilson would not be charged in the shooting death of unarmed teenager Michael Brown.","copyright":null,"crop_rect":"","fid":"782076","focus_rect":"529,164,1390,938","height":"1102","source":"EPA","title":"Image: Ferguson Grand Jury decision in Michael Brown shooting","url":"141125-ferguson-protester-7a.jpg","width":"2500"},"native_ad":0,"nid":"255611","publication_date":1416919596,"revision_timestamp":1416919597,"search_enabled":1,"section":["7"],"show_on_cover":1,"slideshow":null,"source":[],"source_site_name":null,"sponsor_label":null,"storyline":["17876"],"summary":"Image of a protester seeming to stand alone in defiance of the police draws comparison with iconic photographs of Tiananmen Square 'Tank Man'.","tags":[],"tease_image":null,"title":"Defiant Protester Confronts Police in Ferguson","topic":["66"],"type":"news_entry","video_art_url":null},"externalId":"255611","externalSource":"NewsCMS","type":"news_entry"}