{"action":"save","entry":{"ads_enabled":1,"article_type":"video","brand":"NBCNews.com","breaking_news":0,"breaking_news_alert":0,"breaking_news_alert_title":null,"breaking_news_headline":null,"byline_id":[],"comments_enabled":1,"content":null,"cover_headline":"Fumbled: These Football Stars Had the Worst Week Ever","cover_image":null,"curated_list":[],"editorial_notes":null,"external_link":null,"first_publication_date":"1409870231","hidden":0,"labels":[],"linked_sections":["7","79"],"linked_topics":["17441","30"],"main_art":{"alt_text":"Image: Wes Welker","byline":"Dustin Bradford","caption":"Denver Broncos wide receiver Wes Welker.","copyright":"2013 Getty Images","crop_rect":"","fid":"651171","focus_rect":"752,0,1706,1501","height":"1738","source":"Getty Images file","title":"Image: Wes Welker","url":"140904-wes-welker-jms-1941.jpg","width":"2500"},"mpx_description":"It's a special NFL kickoff edition of the Week in Schadenfreude as Ray McDonald, Wes Welker and Madden 15 are having a pretty bad week.","mpx_guid":"p_twis_nfl_140904","mpx_id":"325389891547","mpx_title":"This Week in Gridiron Gaffes","native_ad":0,"nid":"196186","publication_date":"1409870231","revision_timestamp":1416442498,"search_enabled":1,"section":["18251"],"show_on_cover":0,"slideshow":null,"source":[],"source_site_name":null,"sponsor_label":null,"storyline":[],"summary":"It's a special NFL kickoff edition of the Week in Schadenfreude as Ray McDonald, Wes Welker and Madden 15 are having a pretty bad week.","tags":[],"tease_image":null,"title":"This Week in Gridiron Gaffes","topic":[],"type":"news_entry","video_art_url":"http://media2.s-nbcnews.com/i/MSNBC/Components/Video/140904/p_twis_nfl_140904.jpg","workbench_id":"55990311"},"externalId":"196186","externalSource":"NewsCMS","type":"news_entry"}