{"action":"save","entry":{"ads_enabled":1,"article_type":"post","breaking_news":0,"breaking_news_alert":0,"breaking_news_alert_title":null,"breaking_news_headline":null,"byline_id":[],"comments_enabled":1,"content":"\u003cp\u003e\u003cdata data-widget-name=\"mpx_video\" data-mpx-id=\"362161219588\" data-mpx-guid=\"tdy_cosbyovation_141122\" data-autoplay=\"1\" data-mpx-title-override=\"Audiences show support for Bill Cosby during Friday performances\" data-mpx-description-override=\"Despite a growing list of women accusing actor and comedian Bill Cosby of sexual assault, he’s still seeing an outpouring of public support. He performed in front of a sold-out crowd in Florida on Friday and received a standing ovation. NBC’s Gabe Gutierrez reports.\" data-meta-info=\"mpx-id | mpx-guid | mpx-description-override | mpx-title-override\"\u003e\u003c/data\u003e\u003c/p\u003e\u003cp\u003eVenues in Washington state and South Carolina are the latest to drop Bill Cosby from their schedules in the wake of more claims that he sexually assaulted women in past decades.\u003c/p\u003e\u003cp\u003eThe Broadway Center in Tacoma cancelled Cosby’s April 15 stop as part of his Cosby 77 tour, while the Florence Civic Center \"indefinitely postponed\" his show — entitled \"Far from Finished\" — for Feb. 20. At least seven shows across six states — including one scheduled in Las Vegas next week — have been scrapped.\u003c/p\u003e\u003cp\u003e\"This decision is not intended to pass judgment on Mr. Cosby — that is not the business of the Broadway Center,\" David Fischer, the Broadway Center's executive director, said in a \u003ca href=\"http://www.broadwaycenter.org/images/press/2014-15_releases/11.21.14_Broadway_Center_Announces_Bill_Cosby_Cancellation.pdf\"\u003estatement\u003c/a\u003e. \"In making this decision, the Broadway Center also took into consideration the financial harm we will suffer by cancelling, and the even greater financial risk of moving forward with the performance,\" Fischer added. Both venues in Washington and South Carolina are allowing those who have bought tickets to Cosby’s shows to request an exchange or refund.\u003c/p\u003e\u003cp\u003eWomen have been speaking out publicly in recent weeks to claim that Cosby — as far back as the 1970s — gave them pills that made them feel groggy before he forced himself on them sexually. Actress Angela Leslie, 52, the latest woman to come forward, \u003ca href=\"http://www.today.com/news/actress-angela-leslie-accuses-bill-cosby-sexual-assault-1D80311458\"\u003esaid on TODAY that Cosby assaulted her\u003c/a\u003e, but she was able to push him off of her and was never \"physically hurt.\" The allegations resurfaced a scandal from 2005 in which Andrea Constand, a staffer with the basketball team at Temple University, sued the comedian for allegedly giving her pills and touching her inappropriately. Cosby settled the case, and has never been charged with any crime.\u003c/p\u003e\u003cp\u003eCosby’s attorney, Martin Singer, said the allegations “have escalated far past the point of absurdity.” In a statement, he added, it is “completely illogical that so many people would have said nothing, done nothing, and made no reports to law enforcement or asserted civil claims if they thought they had been assaulted over a span of so many years.”\u003c/p\u003e\u003cp\u003eWhile several appearances and projects associated with Cosby have been cancelled or postponed, the funnyman received a standing ovation Friday night during a sold-out performance in Melbourne, Florida.\u003c/p\u003e\u003cp\u003e\u003cdata data-widget-name=\"mpx_video\" data-mpx-id=\"362162755609\" data-mpx-guid=\"tdy_cosbyaccuser_141122\" data-autoplay=\"0\" data-mpx-title-override=\"Actress Angela Leslie claims Bill Cosby sexually assaulted her\" data-mpx-description-override=\"In a TODAY exclusive, actress Angela Leslie has stepped forward as the eighth woman accusing Bill Cosby of sexually assaulting her, saying she was assaulted 25 years ago. “I just want him to acknowledge what he did, take responsibility and apologize to these women,” Leslie said. She sits down to discuss the allegations against Cosby with TODAY’s Erica Hill.\" data-meta-info=\"mpx-id | mpx-guid | mpx-description-override | mpx-title-override\"\u003e\u003c/data\u003e\u003c/p\u003e\u003ch2\u003eIN-DEPTH\u003c/h2\u003e\u003cul\u003e\u003cli\u003e\u003ca href=\"http://www.nbcnews.com/pop-culture/celebrity/bill-cosby-gets-standing-ovation-florida-theater-n253996\"\u003eBill Cosby Gets Standing Ovation at Florida Theater\u003c/a\u003e\u003c/li\u003e\u003cli\u003e\u003ca href=\"http://www.nbcnews.com/pop-culture/pop-culture-news/bill-cosby-stage-says-nothing-about-assault-allegations-n253076\"\u003eBill Cosby, on Stage, Says Nothing About Assault Allegations\u003c/a\u003e\u003c/li\u003e\u003cli\u003e\u003ca href=\"http://www.nbcnews.com/pop-culture/celebrity/why-are-old-assault-claims-against-bill-cosby-back-n250161\"\u003eWhy Are Old Assault Claims Against Bill Cosby Back?\u003c/a\u003e\u003c/li\u003e\u003c/ul\u003e\u003ch2\u003eSOCIAL\u003c/h2\u003e\u003cp\u003e\u003cimg src=\"http://newscms.nbcnews.com/sites/newscms/files/tweet_embed.png\" alt=\"desktop:\u0026lt;blockquote class=\\twitter-tweet\\ lang=\\en\\\u0026gt;\u0026lt;p\u0026gt;\u0026lt;a href=\\https://twitter.com/hashtag/Tacoma?src=hash\\\u0026gt;#Tacoma\u0026lt;/a\u0026gt;'s \u0026lt;a href=\\https://twitter.com/BroadwayCenter\\\u0026gt;@BroadwayCenter\u0026lt;/a\u0026gt; has officially cancelled Bill Cosby's appearance. Press release: \u0026lt;a href=\\http://t.co/MbnVyoA9VG\\\u0026gt;http://t.co/MbnVyoA9VG\u0026lt;/a\u0026gt; \u0026lt;a href=\\http://t.co/q0DVQYwFCb\\\u0026gt;pic.twitter.com/q0DVQYwFCb\u0026lt;/a\u0026gt;\u0026lt;/p\u0026gt;— BroadwayCenter (@BroadwayCenter) \u0026lt;a href=\\https://twitter.com/BroadwayCenter/status/535910918199070720\\\u0026gt;November 21 |  2014\u0026lt;/a\u0026gt;\u0026lt;/blockquote\u0026gt; \u0026lt;script async src=\\//platform.twitter.com/widgets.js\\ charset=\\utf-8\\\u0026gt;\u0026lt;/script\u0026gt;\" title=\"desktop:\u0026lt;blockquote class=\\twitter-tweet\\ lang=\\en\\\u0026gt;\u0026lt;p\u0026gt;\u0026lt;a href=\\https://twitter.com/hashtag/Tacoma?src=hash\\\u0026gt;#Tacoma\u0026lt;/a\u0026gt;'s \u0026lt;a href=\\https://twitter.com/BroadwayCenter\\\u0026gt;@BroadwayCenter\u0026lt;/a\u0026gt; has officially cancelled Bill Cosby's appearance. Press release: \u0026lt;a href=\\http://t.co/MbnVyoA9VG\\\u0026gt;http://t.co/MbnVyoA9VG\u0026lt;/a\u0026gt; \u0026lt;a href=\\http://t.co/q0DVQYwFCb\\\u0026gt;pic.twitter.com/q0DVQYwFCb\u0026lt;/a\u0026gt;\u0026lt;/p\u0026gt;— BroadwayCenter (@BroadwayCenter) \u0026lt;a href=\\https://twitter.com/BroadwayCenter/status/535910918199070720\\\u0026gt;November 21 |  2014\u0026lt;/a\u0026gt;\u0026lt;/blockquote\u0026gt; \u0026lt;script async src=\\//platform.twitter.com/widgets.js\\ charset=\\utf-8\\\u0026gt;\u0026lt;/script\u0026gt;\" class=\"news-widget\" id=\"widget_0\" data-widget-name=\"tweet_embed\" data-widget-id=\"5\" data-widget-image=\"http://newscms.nbcnews.com/sites/newscms/files/tweet_embed.png\" data-desktop=\"%3Cblockquote%20class=%22twitter-tweet%22%20lang=%22en%22%3E%3Cp%3E%3Ca%20href=%22https://twitter.com/hashtag/Tacoma?src=hash%22%3E#Tacoma%3C/a%3E's%20%3Ca%20href=%22https://twitter.com/BroadwayCenter%22%3E@BroadwayCenter%3C/a%3E%20has%20officially%20cancelled%20Bill%20Cosby's%20appearance.%20Press%20release:%20%3Ca%20href=%22http://t.co/MbnVyoA9VG%22%3Ehttp://t.co/MbnVyoA9VG%3C/a%3E%20%3Ca%20href=%22http://t.co/q0DVQYwFCb%22%3Epic.twitter.com/q0DVQYwFCb%3C/a%3E%3C/p%3E—%20BroadwayCenter%20(@BroadwayCenter)%20%3Ca%20href=%22https://twitter.com/BroadwayCenter/status/535910918199070720%22%3ENovember%2021,%202014%3C/a%3E%3C/blockquote%3E%20%3Cscript%20async%20src=%22//platform.twitter.com/widgets.js%22%20charset=%22utf-8%22%3E%3C/script%3E\" data-meta-info=\"desktop\"\u003e\u003c/p\u003e\u003cp\u003e\u003cimg src=\"http://newscms.nbcnews.com/sites/newscms/files/tweet_embed.png\" alt=\"desktop:\u0026lt;blockquote class=\\twitter-tweet\\ lang=\\en\\\u0026gt;\u0026lt;p\u0026gt;We have just confirmed the Bill Cosby 'Far From Finished' event has been indefinitely postponed. Refunds will be honored @ point of purchase\u0026lt;/p\u0026gt;— FlorenceCivicCenter (@flocivicctr) \u0026lt;a href=\\https://twitter.com/flocivicctr/status/535907170114887681\\\u0026gt;November 21 |  2014\u0026lt;/a\u0026gt;\u0026lt;/blockquote\u0026gt; \u0026lt;script async src=\\//platform.twitter.com/widgets.js\\ charset=\\utf-8\\\u0026gt;\u0026lt;/script\u0026gt;\" title=\"desktop:\u0026lt;blockquote class=\\twitter-tweet\\ lang=\\en\\\u0026gt;\u0026lt;p\u0026gt;We have just confirmed the Bill Cosby 'Far From Finished' event has been indefinitely postponed. Refunds will be honored @ point of purchase\u0026lt;/p\u0026gt;— FlorenceCivicCenter (@flocivicctr) \u0026lt;a href=\\https://twitter.com/flocivicctr/status/535907170114887681\\\u0026gt;November 21 |  2014\u0026lt;/a\u0026gt;\u0026lt;/blockquote\u0026gt; \u0026lt;script async src=\\//platform.twitter.com/widgets.js\\ charset=\\utf-8\\\u0026gt;\u0026lt;/script\u0026gt;\" class=\"news-widget\" id=\"widget_0\" data-widget-name=\"tweet_embed\" data-widget-id=\"5\" data-widget-image=\"http://newscms.nbcnews.com/sites/newscms/files/tweet_embed.png\" data-desktop=\"%3Cblockquote%20class=%22twitter-tweet%22%20lang=%22en%22%3E%3Cp%3EWe%20have%20just%20confirmed%20the%20Bill%20Cosby%20'Far%20From%20Finished'%20event%20has%20been%20indefinitely%20postponed.%20Refunds%20will%20be%20honored%20@%20point%20of%20purchase%3C/p%3E—%20FlorenceCivicCenter%20(@flocivicctr)%20%3Ca%20href=%22https://twitter.com/flocivicctr/status/535907170114887681%22%3ENovember%2021,%202014%3C/a%3E%3C/blockquote%3E%20%3Cscript%20async%20src=%22//platform.twitter.com/widgets.js%22%20charset=%22utf-8%22%3E%3C/script%3E\" data-meta-info=\"desktop\"\u003e\u003c/p\u003e\u003cp\u003e\u003cstrong\u003e— Elisha Fieldstadt\u003c/strong\u003e\u003c/p\u003e","cover_headline":"Two More Venues Cancel Bill Cosby's Shows","cover_image":null,"curated_list":[],"editorial_notes":null,"external_link":null,"first_publication_date":"1416671791","hidden":0,"labels":[],"linked_sections":[],"linked_topics":[],"main_art":{"alt_text":null,"byline":"Phelan M. Ebenhack","caption":"Comedian Bill Cosby performs during a show at the Maxwell C. King Center for the Performing Arts in Melbourne, Fla., on Nov. 21.","copyright":null,"crop_rect":"","fid":"779536","focus_rect":"56,35,1835,877","height":"1080","source":null,"title":null,"url":"tdy_cosbyovation_141122.jpg","width":"1920"},"native_ad":0,"nid":"254096","publication_date":"1416689141","revision_timestamp":1416693213,"search_enabled":1,"section":["79"],"show_on_cover":1,"slideshow":null,"source":[],"source_site_name":null,"sponsor_label":null,"storyline":["18271"],"summary":"Women have been speaking out one by one to claim the comedian gave them pills that made them feel groggy and then sexually forced himself onto them.","tags":[],"tease_image":null,"title":"More Venues Cancel Bill Cosby Shows Amid Rape Accusations","topic":["32"],"type":"news_entry","video_art_url":null},"externalId":"254096","externalSource":"NewsCMS","type":"news_entry"}