{"action":"save","entry":{"ads_enabled":1,"article_type":"video","brand":"NBC News Channel","breaking_news":0,"breaking_news_alert":0,"breaking_news_alert_title":null,"breaking_news_headline":null,"byline_id":[],"comments_enabled":1,"content":null,"cover_headline":"A Daily Aspirin May Stave off Second Heart Attack","cover_image":null,"curated_list":[],"editorial_notes":null,"external_link":null,"first_publication_date":"1416359771","hidden":0,"labels":[],"linked_sections":[],"linked_topics":["62","9","30"],"main_art":null,"mpx_description":"New study suggests daily aspirin may do nothing to stop a first heart attack, even though it may help avoid a second. Erika Edwards reports.","mpx_guid":"nc_hearthealt_141118","mpx_id":"360452163927","mpx_title":"A Daily Aspirin May Stave off Second Heart Attack","native_ad":0,"nid":"251311","publication_date":1416359771,"revision_timestamp":1416359771,"search_enabled":1,"section":["7"],"show_on_cover":0,"slideshow":null,"source":[],"source_site_name":null,"sponsor_label":null,"storyline":[],"summary":"New study suggests daily aspirin may do nothing to stop a first heart attack, even though it may help avoid a second. Erika Edwards reports.","tags":[],"tease_image":null,"title":"A Daily Aspirin May Stave off Second Heart Attack","topic":["66"],"type":"news_entry","video_art_url":"http://media2.s-nbcnews.com/i/MSNBC/Components/Video/__NEW/_News%20Channel/nc_hearthealt_141118.jpg","workbench_id":"56451284"},"externalId":"251311","externalSource":"NewsCMS","type":"news_entry"}