{"action":"save","entry":{"ads_enabled":1,"article_type":"video","brand":"Nightly News","breaking_news":0,"breaking_news_alert":0,"breaking_news_alert_title":null,"breaking_news_headline":null,"byline_id":["169906"],"comments_enabled":1,"content":null,"cover_headline":null,"cover_image":null,"curated_list":[],"editorial_notes":null,"external_link":null,"first_publication_date":"1416270106","hidden":0,"labels":[],"linked_sections":["79"],"linked_topics":["43","32","82"],"main_art":null,"mpx_description":"Long-standing allegations against Bill Cosby are resurfacing as another woman comes forward accusing the iconic TV star of rape.","mpx_guid":"nn_cyn_cosby_141117","mpx_id":"360000579724","mpx_title":"Bill Cosby Silent as Sexual Assault Allegations Resurface","native_ad":0,"nid":"250441","publication_date":"1416264545","revision_timestamp":1416688963,"search_enabled":1,"section":["19"],"show_on_cover":0,"slideshow":null,"source":[],"source_site_name":null,"sponsor_label":null,"storyline":["18271"],"summary":"Long-standing allegations against Bill Cosby are resurfacing as another woman comes forward accusing the iconic TV star of rape.","tags":[],"tease_image":null,"title":"Bill Cosby Silent as Sexual Assault Allegations Resurface","topic":[],"type":"news_entry","video_art_url":"http://media1.s-nbcnews.com/i/MSNBC/Components/Video/__NEW/2014-11-18T00-16-47-1Z--1280x720.jpg","workbench_id":null},"externalId":"250441","externalSource":"NewsCMS","type":"news_entry"}