{"action":"save","entry":{"ads_enabled":1,"article_type":"video","brand":"Dateline","breaking_news":0,"breaking_news_alert":0,"breaking_news_alert_title":null,"breaking_news_headline":null,"byline_id":[],"comments_enabled":1,"content":null,"cover_headline":null,"cover_image":{"alt_text":null,"byline":null,"caption":null,"copyright":null,"crop_rect":null,"fid":"774771","focus_rect":null,"height":"1080","source":null,"title":null,"url":"x_30_dtl_snmsistersearchweb_141118.jpg","width":"1920"},"curated_list":[],"editorial_notes":null,"external_link":null,"first_publication_date":"1416416724","hidden":0,"labels":[],"linked_sections":[],"linked_topics":[],"main_art":{"alt_text":null,"byline":null,"caption":null,"copyright":null,"crop_rect":null,"fid":"774771","focus_rect":null,"height":"1080","source":null,"title":null,"url":"x_30_dtl_snmsistersearchweb_141118.jpg","width":"1920"},"mpx_description":"Actress Aasha Davis and her sister Lesley move to Hollywood. Life is good until one of them goes missing.","mpx_guid":"x_30_dtl_snmsistersearchweb2_141118","mpx_id":"360821315677","mpx_title":"Saturday Night Mystery: 'A Sister's Search'","native_ad":0,"nid":"251776","publication_date":1416416723,"revision_timestamp":1416416724,"search_enabled":1,"section":["15"],"show_on_cover":0,"slideshow":null,"source":[],"source_site_name":null,"sponsor_label":null,"storyline":[],"summary":"Actress Aasha Davis and her sister Lesley move to Hollywood. Life is good until one of them goes missing.","tags":[],"tease_image":null,"title":"Saturday Night Mystery: 'A Sister's Search'","topic":[],"type":"news_entry","video_art_url":"http://media2.s-nbcnews.com/i/MSNBC/Components/Video/__NEW/X_30_dtl_snmsistersearchweb_141118.jpg","workbench_id":"56456159"},"externalId":"251776","externalSource":"NewsCMS","type":"news_entry"}