{"action":"save","entry":{"ads_enabled":1,"article_type":"video","brand":"Nightly News","breaking_news":0,"breaking_news_alert":0,"breaking_news_alert_title":null,"breaking_news_headline":null,"byline_id":["8426"],"comments_enabled":1,"content":null,"cover_headline":null,"cover_image":null,"curated_list":[],"editorial_notes":null,"external_link":null,"first_publication_date":"1416355708","hidden":0,"labels":[],"linked_sections":[],"linked_topics":["66"],"main_art":null,"mpx_description":"The dome of the U.S. Capitol, now wrapped in a net of scaffolding, is undergoing extensive repairs, including the removal of 14 layers of paint.","mpx_guid":"nn_kod_dome_141118","mpx_id":"360508996002","mpx_title":"Inside the $60 Million Restoration of the U.S. Capitol Dome","native_ad":0,"nid":"251286","publication_date":1416355707,"revision_timestamp":1416355708,"search_enabled":1,"section":["19"],"show_on_cover":0,"slideshow":null,"source":[],"source_site_name":null,"sponsor_label":null,"storyline":[],"summary":"The dome of the U.S. Capitol, now wrapped in a net of scaffolding, is undergoing extensive repairs, including the removal of 14 layers of paint.","tags":[],"tease_image":null,"title":"Inside the $60 Million Restoration of the U.S. Capitol Dome","topic":[],"type":"news_entry","video_art_url":"http://media1.s-nbcnews.com/i/MSNBC/Components/Video/__NEW/2014-11-18T23-41-18-866Z--1280x720.jpg","workbench_id":null},"externalId":"251286","externalSource":"NewsCMS","type":"news_entry"}