{"action":"save","entry":{"ads_enabled":1,"article_type":"video","brand":"NBC News","breaking_news":0,"breaking_news_alert":0,"breaking_news_alert_title":null,"breaking_news_headline":null,"byline_id":[],"comments_enabled":1,"content":null,"cover_headline":"Obama Tells America 'Tune in' for Immigration Announcement","cover_image":null,"curated_list":[],"editorial_notes":null,"external_link":null,"first_publication_date":"1416424147","hidden":0,"labels":[],"linked_sections":[],"linked_topics":["17746","53","30"],"main_art":null,"mpx_description":"President Obama previews his announcement on immigration reform Wednesday at the white House.","mpx_guid":"f_dc_obamaannounce_141119","mpx_id":"360870979628","mpx_title":"Obama Tells America 'Tune in' for Immigration Announcement","native_ad":0,"nid":"251896","publication_date":"1416424147","revision_timestamp":1416424268,"search_enabled":1,"section":["64"],"show_on_cover":1,"slideshow":null,"source":[],"source_site_name":null,"sponsor_label":null,"storyline":[],"summary":"President Obama previews his announcement on immigration reform Wednesday at the white House.","tags":[],"tease_image":null,"title":"Obama Tells America 'Tune in' for Immigration Announcement","topic":["80"],"type":"news_entry","video_art_url":"http://media2.s-nbcnews.com/i/MSNBC/Components/Video/__NEW/f_dc_obamaannounce_141119.jpg","workbench_id":"56457025"},"externalId":"251896","externalSource":"NewsCMS","type":"news_entry"}