{"action":"save","entry":{"ads_enabled":1,"article_type":"video","brand":"NBC News","breaking_news":0,"breaking_news_alert":0,"breaking_news_alert_title":null,"breaking_news_headline":null,"byline_id":[],"comments_enabled":1,"content":null,"cover_headline":"Sen. Landrieu Disappointed with Keystone Vote","cover_image":null,"curated_list":[],"editorial_notes":null,"external_link":null,"first_publication_date":"1416356124","hidden":0,"labels":[],"linked_sections":[],"linked_topics":["37","24","18","30"],"main_art":null,"mpx_description":"Louisiana Senator Mary Landrieu says despite the Senate's vote against the Keystone XL Pipeline Bill her leadership on the issue is valuable to Louisiana.","mpx_guid":"f_landrieukeystone_141118","mpx_id":"360517699567","mpx_title":"Sen. Landrieu Disappointed with Keystone Vote","native_ad":0,"nid":"251291","publication_date":1416356124,"revision_timestamp":1416356222,"search_enabled":1,"section":["7"],"show_on_cover":0,"slideshow":null,"source":[],"source_site_name":null,"sponsor_label":null,"storyline":[],"summary":"Louisiana Senator Mary Landrieu says despite the Senate's vote against the Keystone XL Pipeline Bill her leadership on the issue is valuable to Louisiana.","tags":[],"tease_image":null,"title":"Sen. Landrieu Disappointed with Keystone Vote","topic":["66"],"type":"news_entry","video_art_url":"http://media2.s-nbcnews.com/i/MSNBC/Components/Video/__NEW/f_landrieukeystone_141118.jpg","workbench_id":"56451967"},"externalId":"251291","externalSource":"NewsCMS","type":"news_entry"}