{"action":"save","entry":{"ads_enabled":1,"article_type":"video","brand":"Nightly News","breaking_news":0,"breaking_news_alert":0,"breaking_news_alert_title":null,"breaking_news_headline":null,"byline_id":["3561"],"comments_enabled":1,"content":null,"cover_headline":null,"cover_image":null,"curated_list":[],"editorial_notes":null,"external_link":null,"first_publication_date":"1416355808","hidden":0,"labels":[],"linked_sections":[],"linked_topics":["66"],"main_art":null,"mpx_description":"Josephine Smith graduated from the New York City Fire Academy Tuesday, 13 years after her father died when the North Tower fell on 9/11.","mpx_guid":"nn_rel_fdny_141118","mpx_id":"360517187997","mpx_title":"Daughter of Firefighter Killed on 9/11 Joins Ranks of FDNY","native_ad":0,"nid":"251251","publication_date":"1416351921","revision_timestamp":1416364366,"search_enabled":1,"section":["19"],"show_on_cover":0,"slideshow":null,"source":[],"source_site_name":null,"sponsor_label":null,"storyline":[],"summary":"Josephine Smith graduated from the New York City Fire Academy Tuesday, 13 years after her father died when the North Tower fell on 9/11.","tags":[],"tease_image":null,"title":"Daughter of Firefighter Killed on 9/11 Joins Ranks of FDNY","topic":[],"type":"news_entry","video_art_url":"http://media1.s-nbcnews.com/i/MSNBC/Components/Video/__NEW/2014-11-18T23-57-49-0Z--1280x720.jpg","workbench_id":null},"externalId":"251251","externalSource":"NewsCMS","type":"news_entry"}