{"action":"save","entry":{"ads_enabled":1,"article_type":"video","brand":"NBCNews.com","breaking_news":0,"breaking_news_alert":0,"breaking_news_alert_title":null,"breaking_news_headline":null,"byline_id":["9241"],"comments_enabled":1,"content":null,"cover_headline":null,"cover_image":null,"curated_list":[],"editorial_notes":null,"external_link":null,"first_publication_date":"1416340143","hidden":0,"labels":[],"linked_sections":["75"],"linked_topics":["17","84","30"],"main_art":{"alt_text":"Image: A person points at an iPhone","byline":"Justin Sullivan","caption":"A person points at an iPhone","copyright":"2014 Getty Images","crop_rect":"","fid":"773546","focus_rect":"118,94,2382,1083","height":"1735","source":"Getty Images file","title":"Image: A person points at an iPhone","url":"141118-cellphone-jms-1906.jpg","width":"2500"},"mpx_description":"Bricking is something that could happen to your mobile devices and it could be a major headache.","mpx_guid":"p_30stk_bricking_140925","mpx_id":"333842499640","mpx_title":"What Is Bricking?","native_ad":0,"nid":"251021","publication_date":"1416340143","revision_timestamp":1416356706,"search_enabled":1,"section":["23"],"show_on_cover":0,"slideshow":null,"source":[],"source_site_name":null,"sponsor_label":null,"storyline":[],"summary":"Bricking is something that could happen to your mobile devices and it could be a major headache.","tags":[],"tease_image":null,"title":"What Is Bricking?","topic":[],"type":"news_entry","video_art_url":"http://media2.s-nbcnews.com/i/MSNBC/Components/Video/2014/09_September/140926/p_30stk_bricking2_141031.jpg","workbench_id":"56122787"},"externalId":"251021","externalSource":"NewsCMS","type":"news_entry"}