{"action":"save","entry":{"ads_enabled":1,"article_type":"photo","breaking_news":0,"breaking_news_alert":0,"breaking_news_alert_title":null,"breaking_news_headline":null,"byline_id":[],"comments_enabled":1,"content":"\u003cp\u003eAn outbreak of a highly infectious strain of bird flu at a Dutch farm forced an evangelical church to hold a drive-in service Sunday. Earlier in the week hundreds of hens, chickens, pigeons, rabbits and guinea pigs had taken up residence in the church hall in Veenendaal for the annual exhibition of a local rabbit and poultry breeders' association. After the government \u003ca href=\"http://www.nbcnews.com/news/world/sitting-ducks-british-dutch-kill-poultry-fight-bird-flu-n249966\"\u003eimposed a lockdown on the transport of all poultry\u003c/a\u003e to prevent the spread of bird flu, the animals could not be moved. The church, which receives more than a thousand visitors each week, asked its followers to come to the parking lot outside the church hall to follow the service via a local radio broadcast.\u003c/p\u003e\u003cp\u003e\u003cimg src=\"780551\" data-field-file-image-alt-text=\"Image%3A+Bird+Flu+Transport+Ban+Forces+Church+Service+To+The+Street\" data-field-file-image-title-text=\"Image%3A+Bird+Flu+Transport+Ban+Forces+Church+Service+To+The+Street\" data-field-caption=\"Birds+sit+in+their+cages+inside+a+church+hall+in+the+Dutch+town+of+Veenendaal%2C+where+they+got+stuck+after+taking+part+in+the+annual+exhibition+of+the+Veenendaalse+rabbit+and+poultry+breeders%27+association.+\" data-field-byline=\"Jasper+Juinen\" data-field-source=\"Getty+Images\" data-field-copyright=\"2014+Getty+Images\" data-field-file-created=\"1416827697\" data-field-half-size-image=\"0\" /\u003e\u003c/p\u003e\u003ch3\u003e— Getty Images, Reuters\u003c/h3\u003e","cover_headline":"Bird Flu Forces Church to Hold Drive-In Service","cover_image":null,"curated_list":[],"editorial_notes":null,"external_link":null,"first_publication_date":"1416832740","hidden":0,"labels":[],"linked_sections":["65"],"linked_topics":["47","62","35"],"main_art":{"alt_text":"Image: Bird Flu Transport Ban Forces Church Service To The Street","byline":"Jasper Juinen","caption":"Churchgoers sit inside their cars during a drive-in church service at the Mosaic evangelical church in Veenendaal, the Netherlands on November 23, 2014.","copyright":"2014 Getty Images","crop_rect":"","fid":"780546","focus_rect":"268,251,1919,1226","height":"1477","source":"Getty Images","title":"Image: Bird Flu Transport Ban Forces Church Service To The Street","url":"pc-141124-bird-flu-church-01.jpg","width":"2500"},"native_ad":0,"nid":"254756","publication_date":1416832740,"revision_timestamp":1416832740,"search_enabled":1,"section":["7"],"show_on_cover":1,"slideshow":null,"source":[],"source_site_name":null,"sponsor_label":null,"storyline":[],"summary":"An outbreak of a highly infectious strain of bird flu at a Dutch farm forced an evangelical church to hold a drive-in service Sunday.","tags":[],"tease_image":null,"title":"Bird Flu Forces Dutch Church to Hold Drive-In Service","topic":["67"],"type":"news_entry","video_art_url":null},"externalId":"254756","externalSource":"NewsCMS","type":"news_entry"}