{"action":"save","entry":{"ads_enabled":1,"article_type":"video","brand":"NBC News","breaking_news":0,"breaking_news_alert":0,"breaking_news_alert_title":null,"breaking_news_headline":null,"byline_id":[],"comments_enabled":1,"content":null,"cover_headline":null,"cover_image":null,"curated_list":[],"editorial_notes":null,"external_link":null,"first_publication_date":"1416323951","hidden":0,"labels":[],"linked_sections":[],"linked_topics":["17351","30","8"],"main_art":null,"mpx_description":"Co-founder Sara Wolf described what made the supermarket attractive to its wide range of customers.","mpx_guid":"x_lon_berlinshop_141118","mpx_id":"360280643765","mpx_title":"Sara Wolf Explains Concept Behind 'Original Unverpackt'","native_ad":0,"nid":"250801","publication_date":"1416323951","revision_timestamp":1416389328,"search_enabled":1,"section":["7"],"show_on_cover":0,"slideshow":null,"source":[],"source_site_name":null,"sponsor_label":null,"storyline":[],"summary":"Co-founder Sara Wolf described what made the supermarket attractive to its wide range of customers.","tags":[],"tease_image":null,"title":"Sara Wolf Explains Concept Behind 'Original Unverpackt'","topic":["47"],"type":"news_entry","video_art_url":"http://media2.s-nbcnews.com/i/MSNBC/Components/Video/__NEW/x_lon_berlinshop_141118.jpg","workbench_id":"56448710"},"externalId":"250801","externalSource":"NewsCMS","type":"news_entry"}