{"action":"save","entry":{"ads_enabled":1,"article_type":"slideshow","breaking_news":0,"breaking_news_alert":0,"breaking_news_alert_title":null,"breaking_news_headline":null,"byline_id":[],"comments_enabled":1,"content":null,"cover_headline":"Artistic Outsiders Shine Light on Subconscious","cover_image":null,"curated_list":[],"editorial_notes":null,"external_link":null,"first_publication_date":"1416947039","hidden":0,"labels":[],"linked_sections":[],"linked_topics":["53"],"main_art":{"alt_text":"Image:Cuban Artist Misleidys Castillo","byline":"Roberto Leon","caption":"Misleidys Castillo, 29, paints at home. She has autism and is deaf. Misleidy has shown her work in París, next month in Miami and next year she will exhibit in New York","copyright":null,"crop_rect":"","fid":"782891","focus_rect":"0,198,2489,1165","height":"1667","source":"NBC News","title":null,"url":"ss-141125-art-brut-misleidyscastillo-02.jpg","width":"2500"},"native_ad":0,"nid":"256016","publication_date":1416947504,"revision_timestamp":1416947504,"search_enabled":1,"section":["7"],"show_on_cover":0,"slideshow":"56496880","source":[],"source_site_name":null,"sponsor_label":null,"storyline":[],"summary":"A new exhibit for Art Brut or Outsider Art is open in Havana, Cuba. Outsider Artists have no artistic training and are often mentally impaired.","tags":[],"tease_image":null,"title":"Artistic Outsiders Shine a Light on the Subconscious","topic":["67"],"type":"news_entry","video_art_url":null},"externalId":"256016","externalSource":"NewsCMS","type":"news_entry"}