{"action":"save","entry":{"ads_enabled":1,"article_type":"video","brand":"Live Video","breaking_news":0,"breaking_news_alert":0,"breaking_news_alert_title":null,"breaking_news_headline":null,"byline_id":[],"comments_enabled":1,"content":null,"cover_headline":null,"cover_image":null,"curated_list":[],"editorial_notes":null,"external_link":null,"first_publication_date":"1416405096","hidden":0,"labels":[],"linked_sections":[],"linked_topics":["62","17741","30"],"main_art":null,"mpx_description":"Jeh Johnson, James Comey and Dr. Kent Brantley speak at homeland security event at the State Department.","mpx_guid":"nbcnewslive_nyc2","mpx_id":"322485827772","mpx_title":"Watch Live:  DHS’s Johnson, FBI’s Comey  and Dr. Brantly Speak at Homeland Security Event","native_ad":0,"nid":"251516","publication_date":1416405347,"revision_timestamp":1416405348,"search_enabled":1,"section":["7"],"show_on_cover":1,"slideshow":null,"source":[],"source_site_name":null,"sponsor_label":null,"storyline":[],"summary":"Jeh Johnson, James Comey and Dr. Kent Brantley speak at homeland security event at the State Department.","tags":[],"tease_image":null,"title":"Watch Live: DHS's Johnson, FBI's Comey  and Dr. Brantly Speak at Homeland Security Event","topic":["66"],"type":"news_entry","video_art_url":"http://media1.s-nbcnews.com/i/MSNBC/Components/Video/__NEW/DefaultImage_NBCNews_1920x1080__094069.jpg","workbench_id":null},"externalId":"251516","externalSource":"NewsCMS","type":"news_entry"}