{"action":"save","entry":{"ads_enabled":1,"article_type":"video","brand":"NBCNews.com","breaking_news":0,"breaking_news_alert":0,"breaking_news_alert_title":null,"breaking_news_headline":null,"byline_id":[],"comments_enabled":1,"content":null,"cover_headline":"Make The Case: Should Congress Have Term Limits?","cover_image":{"alt_text":"Image: The United States Capitol building","byline":"Win McNamee","caption":"The United States Capitol building is seen in September 2013 in Washington.","copyright":"2013 Getty Images","crop_rect":"","fid":"749461","focus_rect":"463,550,1515,989","height":"1539","source":null,"title":null,"url":"141103-capitol-building-jms-2230.jpg","width":"2500"},"curated_list":[],"editorial_notes":null,"external_link":null,"first_publication_date":"1415312919","hidden":0,"labels":[],"linked_sections":["40","64"],"linked_topics":["37","24","63","30"],"main_art":{"alt_text":"Image:  The sun begins to rise behind the U.S. Capitol building","byline":"Mark Wilson","caption":"The sun begins to rise behind the U.S. Capitol building on the morning after a bipartisan bill was passed by the House and the Senate to reopened the government and raise the debt limit, on October 17, 2013 in Washington, DC. President Obama signed the bill into law, that will fund the government until January 15, 2014 and allow the government to pay bills until February 7, 2014.","copyright":"2013 Getty Images","crop_rect":"","fid":"755421","focus_rect":"0,192,2470,807","height":"1918","source":"Getty Images file","title":"Image:  The sun begins to rise behind the U.S. Capitol building","url":"141106-capitol-building-jms-1753.jpg","width":"2500"},"mpx_description":"Although approval of Congress remains low and an overwhelming amount of Americans support term limits, not everyone thinks they would be a good idea. David Boaz and David King debate.","mpx_guid":"a_mtc_termlimites_141106","mpx_id":"354658371832","mpx_title":"Make The Case: Should Congress Have Term Limits?","native_ad":0,"nid":"243096","publication_date":"1415312919","revision_timestamp":1416431595,"search_enabled":1,"section":["17401"],"show_on_cover":0,"slideshow":null,"source":[],"source_site_name":null,"sponsor_label":null,"storyline":[],"summary":"Although approval of Congress remains low and an overwhelming amount of Americans support term limits, not everyone thinks they would be a good idea. David Boaz and David King debate.\r\n","tags":[],"tease_image":null,"title":"Make The Case: Should Congress Have Term Limits?","topic":[],"type":"news_entry","video_art_url":null,"workbench_id":"56376531"},"externalId":"243096","externalSource":"NewsCMS","type":"news_entry"}