{"action":"save","entry":{"ads_enabled":1,"article_type":"video","brand":"NBC News","breaking_news":0,"breaking_news_alert":0,"breaking_news_alert_title":null,"breaking_news_headline":null,"byline_id":[],"comments_enabled":1,"content":null,"cover_headline":null,"cover_image":null,"curated_list":[],"editorial_notes":null,"external_link":null,"first_publication_date":"1416412095","hidden":0,"labels":[],"linked_sections":[],"linked_topics":["30","90","8"],"main_art":{"alt_text":"Image: Lucky Pedestrian Barely Escapes With Life","byline":null,"caption":"Surveillance camera capture a person who is very lucky to be alive after narrowly avoiding becoming a part of a collision between a truck and a car, in Anji, China.\r\n","copyright":null,"crop_rect":null,"fid":"774596","focus_rect":null,"height":"1080","source":null,"title":"Image: Lucky Pedestrian Barely Escapes With Life","url":"f_os_luckyped_141119.jpg","width":"1920"},"mpx_description":"Surveillance camera capture a person who is very lucky to be alive after narrowly avoiding becoming a part of a collision between a truck and a car, in Anji, China.","mpx_guid":"f_os_luckyped_141119","mpx_id":"360778307699","mpx_title":"Lucky Pedestrian Barely Escapes With Life","native_ad":0,"nid":"251671","publication_date":"1416412095","revision_timestamp":1416413465,"search_enabled":1,"section":["7"],"show_on_cover":1,"slideshow":null,"source":[],"source_site_name":null,"sponsor_label":null,"storyline":[],"summary":"Surveillance camera capture a person who is very lucky to be alive after narrowly avoiding becoming a part of a collision between a truck and a car, in Anji, China.","tags":[],"tease_image":null,"title":"Lucky Pedestrian Barely Escapes With Life","topic":["49"],"type":"news_entry","video_art_url":"http://media2.s-nbcnews.com/i/MSNBC/Components/Video/__NEW/f_os_luckyped_141119.jpg","workbench_id":"56455372"},"externalId":"251671","externalSource":"NewsCMS","type":"news_entry"}