{"action":"save","entry":{"ads_enabled":1,"article_type":"video","brand":"NBC News","breaking_news":0,"breaking_news_alert":0,"breaking_news_alert_title":null,"breaking_news_headline":null,"byline_id":[],"comments_enabled":1,"content":null,"cover_headline":"8-Foot Great White Shark Caught off Famous Beach","cover_image":null,"curated_list":[],"editorial_notes":null,"external_link":null,"first_publication_date":"1416392410","hidden":0,"labels":[],"linked_sections":[],"linked_topics":["30"],"main_art":null,"mpx_description":"Routine patrol of shark nets guarding Australia's famous tourist and surf beach found a dead Great White shark more than 8 feet long.","mpx_guid":"x_lon_shark_141119","mpx_id":"360705091999","mpx_title":"8-Foot Great White Shark Caught in Nets off Sydney's Bondi Beach","native_ad":0,"nid":"251441","publication_date":"1416392410","revision_timestamp":1416397580,"search_enabled":1,"section":["7"],"show_on_cover":0,"slideshow":null,"source":[],"source_site_name":null,"sponsor_label":null,"storyline":[],"summary":"Routine patrol of shark nets guarding Australia's famous tourist and surf beach found a dead Great White shark more than 8 feet long.","tags":[],"tease_image":null,"title":"8-Foot Great White Shark Caught in Nets off Sydney's Bondi Beach","topic":["8"],"type":"news_entry","video_art_url":"http://media2.s-nbcnews.com/i/MSNBC/Components/Video/__NEW/x_lon_shark_141119.jpg","workbench_id":"56454541"},"externalId":"251441","externalSource":"NewsCMS","type":"news_entry"}