{"action":"save","entry":{"ads_enabled":1,"article_type":"video","brand":"TODAY","breaking_news":0,"breaking_news_alert":0,"breaking_news_alert_title":null,"breaking_news_headline":null,"byline_id":[],"comments_enabled":1,"content":null,"cover_headline":null,"cover_image":null,"curated_list":[],"editorial_notes":null,"external_link":null,"first_publication_date":"1415278157","hidden":0,"labels":["17981"],"linked_sections":[],"linked_topics":[],"main_art":null,"mpx_description":"President Obama says he’ll bypass Congress with an executive order on immigration reform – a move Republicans say will poison the well for other deals. NBC’s senior White House correspondent Chris Jansing reports.","mpx_guid":"tdy_odonnell_obama_141106","mpx_id":"354244163728","mpx_title":"Obama vows to move forward on immigration","native_ad":0,"nid":"242581","publication_date":"1415278157","revision_timestamp":1416579041,"search_enabled":1,"section":["7"],"show_on_cover":0,"slideshow":null,"source":[],"source_site_name":null,"sponsor_label":null,"storyline":["18266"],"summary":"President Obama says he’ll bypass Congress with an executive order on immigration reform – a move Republicans say will poison the well for other deals. NBC’s senior White House correspondent Chris Jansing reports.","tags":[],"tease_image":null,"title":"Obama vows to move forward on immigration","topic":["53"],"type":"news_entry","video_art_url":"http://media2.s-nbcnews.com/i/MSNBC/Components/Video/141106/tdy_odonnell_obama_141106.jpg","workbench_id":"56372863"},"externalId":"242581","externalSource":"NewsCMS","type":"news_entry"}