{"action":"save","entry":{"ads_enabled":1,"article_type":"slideshow","breaking_news":0,"breaking_news_alert":0,"breaking_news_alert_title":null,"breaking_news_headline":null,"byline_id":[],"comments_enabled":1,"content":null,"cover_headline":"Floodwaters and Fighters: The Week in Pictures","cover_image":{"alt_text":"Image: Floodwaters caused by heavy rains surround a farm near the village of Magadino in Ticino, Switzerland","byline":"GABRIELE PUTZU","caption":"Floodwaters caused by heavy rains surround a farm near the village of Magadino in Ticino, Switzerland, on Nov. 16.","copyright":null,"crop_rect":"","fid":"777501","focus_rect":"0,192,2500,1211","height":"1599","source":null,"title":"Image: Floodwaters caused by heavy rains surround a farm near the village of Magadino in Ticino, Switzerland","url":"ss-141120-twip-06.jpg","width":"2500"},"curated_list":[],"editorial_notes":null,"external_link":null,"first_publication_date":"1416516435","hidden":0,"labels":[],"linked_sections":[],"linked_topics":["54","42","51","47","20","53","26","67","35","17441","13","66","28","8"],"main_art":{"alt_text":"Image: Residents and tourists push a whale to try to return it to the ocean from Popoyo beach in Rivas, Nicaragua","byline":"Esteban Felix","caption":"Residents and tourists push a whale to try to return it to the ocean from Popoyo beach in Rivas, Nicaragua, Friday, Nov. 14, 2014. They were unable to help the beached whale discovered Friday morning. (AP Photo/Esteban Felix)","copyright":null,"crop_rect":"","fid":"777456","focus_rect":"0,345,2500,1089","height":"1667","source":"AP","title":"Image: Residents and tourists push a whale to try to return it to the ocean from Popoyo beach in Rivas, Nicaragua","url":"ss-141120-twip-07.jpg","width":"2500"},"native_ad":0,"nid":"252871","publication_date":"1416518364","revision_timestamp":1416715493,"search_enabled":1,"section":["7"],"show_on_cover":1,"slideshow":"56463778","source":[],"source_site_name":null,"sponsor_label":null,"storyline":[],"summary":"A whale of an effort in Nicaragua, blizzard buries Buffalo, Jerusalem mourns slain rabbis, smoke rings in Syria and more.","tags":[],"tease_image":null,"title":"The Week in Pictures: Nov. 13 - 20","topic":["17466"],"type":"news_entry","video_art_url":null},"externalId":"252871","externalSource":"NewsCMS","type":"news_entry"}