{"action":"save","entry":{"ads_enabled":1,"article_type":"video","brand":"Dateline","breaking_news":0,"breaking_news_alert":0,"breaking_news_alert_title":null,"breaking_news_headline":null,"byline_id":[],"comments_enabled":1,"content":null,"cover_headline":null,"cover_image":{"alt_text":null,"byline":null,"caption":null,"copyright":null,"crop_rect":null,"fid":"774701","focus_rect":null,"height":"1080","source":null,"title":null,"url":"dooley_promo_friday_8-7c.jpg","width":"1920"},"curated_list":[],"editorial_notes":null,"external_link":null,"first_publication_date":"1416415521","hidden":0,"labels":[],"linked_sections":[],"linked_topics":[],"main_art":{"alt_text":null,"byline":null,"caption":null,"copyright":null,"crop_rect":null,"fid":"774701","focus_rect":null,"height":"1080","source":null,"title":null,"url":"dooley_promo_friday_8-7c.jpg","width":"1920"},"mpx_description":"When a wife and mother is found dead in a Kentucky warehouse where she worked, investigators discover a small number of employees on site at the time of the murder. Detectives soon zero in on one person of interest, but can they connect him to the crime? The final suspect after the investigation speaks out for the first time on Dateline.","mpx_guid":"x_30_dtl_dooleysocialtease_141119","mpx_id":"360802883820","mpx_title":"PREVIEW: Mystery on the Early Shift","native_ad":0,"nid":"251741","publication_date":1416415521,"revision_timestamp":1416415522,"search_enabled":1,"section":["15"],"show_on_cover":0,"slideshow":null,"source":[],"source_site_name":null,"sponsor_label":null,"storyline":[],"summary":"When a wife and mother is found dead in a Kentucky warehouse where she worked, detectives soon zero in on one person of interest. ","tags":[],"tease_image":null,"title":"PREVIEW: Mystery on the Early Shift","topic":[],"type":"news_entry","video_art_url":"http://media2.s-nbcnews.com/i/MSNBC/Components/Video/__NEW/x_30_dtl_dooleysocialtease_141119.jpg","workbench_id":"56455958"},"externalId":"251741","externalSource":"NewsCMS","type":"news_entry"}