{"action":"save","entry":{"ads_enabled":1,"article_type":"slideshow","breaking_news":0,"breaking_news_alert":0,"breaking_news_alert_title":null,"breaking_news_headline":null,"byline_id":[],"comments_enabled":1,"content":null,"cover_headline":"'We are Family Now': Faces of the Ferguson Protests","cover_image":null,"curated_list":[],"editorial_notes":null,"external_link":null,"first_publication_date":"1416910336","hidden":0,"labels":[],"linked_sections":[],"linked_topics":["67"],"main_art":{"alt_text":"Ferguson","byline":"John Brecher","caption":"Clay, from St. Louis, who preferred not to give his last name, said he visits Ferguson's protests once or twice a week to \"make sure everything's peaceful and show support with the numbers. A lot of people tell me 'you don't look like the kind of guy who might be out here.' A middle class black guy doesn't fit the profile of a protester. I want to show support. Keep it peaceful, don't loot. It goes a lot further if it's a peaceful message.\"","copyright":null,"crop_rect":"","fid":"782026","focus_rect":"484,230,1546,943","height":"1666","source":"NBC News","title":"Ferguson","url":"ss-141124-ferguson-faces-08.jpg","width":"2500"},"native_ad":0,"nid":"255566","publication_date":1416910336,"revision_timestamp":1416910336,"search_enabled":1,"section":["7"],"show_on_cover":1,"slideshow":"56491566","source":[],"source_site_name":null,"sponsor_label":null,"storyline":["17876"],"summary":"NBC News spoke to protesters gathered in Ferguson in the days before a grand jury decision on the shooting of Michael Brown by a white police officer.","tags":[],"tease_image":null,"title":"'We are Family Now': Faces of the Ferguson Protests","topic":["66"],"type":"news_entry","video_art_url":null},"externalId":"255566","externalSource":"NewsCMS","type":"news_entry"}