{"action":"save","entry":{"ads_enabled":1,"article_type":"photo","breaking_news":0,"breaking_news_alert":0,"breaking_news_alert_title":null,"breaking_news_headline":null,"byline_id":[],"comments_enabled":1,"content":"\u003cp\u003eA Russian spaceship delivered three astronauts from Russia, the United States and Italy to the International Space Station on Sunday after an orbital ride lasting less than six hours.\u003c/p\u003e\u003cp\u003eThe Soyuz capsule roared into the darkness just after 4 p.m. ET Sunday (3 a.m. local time Monday) from Russia's Baikonur Cosmodrome in Kazakhstan. Inside the capsule were Russia's Anton Shkaplerov, NASA's Terry Virts and Italian astronaut Samantha Cristoforetti.\u003c/p\u003e\u003cp\u003eFour orbits later, the craft docked with the space station at 9:49 p.m. ET. The freshly arrived trio is joining three other spacefliers who have been living aboard the station for weeks: NASA astronaut Butch Wilmore and Russian cosmonauts Alexander Samokutyaev and Elena Serova.\u003c/p\u003e\u003cp\u003e\u003cimg src=\"http://newscms.nbcnews.com/sites/newscms/files/tweet_embed.png\" alt=\"desktop:\u0026lt;blockquote class=\\twitter-tweet\\ lang=\\en\\\u0026gt;\u0026lt;p\u0026gt;\u0026lt;a href=\\https://twitter.com/hashtag/Soyuz?src=hash\\\u0026gt;#Soyuz\u0026lt;/a\u0026gt; shines golden in the fading sunlight as it nears \u0026lt;a href=\\https://twitter.com/hashtag/ISS?src=hash\\\u0026gt;#ISS\u0026lt;/a\u0026gt; \u0026lt;a href=\\http://t.co/V3cHlJRrAm\\\u0026gt;http://t.co/V3cHlJRrAm\u0026lt;/a\u0026gt; \u0026lt;a href=\\http://t.co/p3DQZC6afh\\\u0026gt;pic.twitter.com/p3DQZC6afh\u0026lt;/a\u0026gt;\u0026lt;/p\u0026gt;— NASA (@NASA) \u0026lt;a href=\\https://twitter.com/NASA/status/536712562109595648\\\u0026gt;November 24 |  2014\u0026lt;/a\u0026gt;\u0026lt;/blockquote\u0026gt; \u0026lt;script async src=\\//platform.twitter.com/widgets.js\\ charset=\\utf-8\\\u0026gt;\u0026lt;/script\u0026gt;\" title=\"desktop:\u0026lt;blockquote class=\\twitter-tweet\\ lang=\\en\\\u0026gt;\u0026lt;p\u0026gt;\u0026lt;a href=\\https://twitter.com/hashtag/Soyuz?src=hash\\\u0026gt;#Soyuz\u0026lt;/a\u0026gt; shines golden in the fading sunlight as it nears \u0026lt;a href=\\https://twitter.com/hashtag/ISS?src=hash\\\u0026gt;#ISS\u0026lt;/a\u0026gt; \u0026lt;a href=\\http://t.co/V3cHlJRrAm\\\u0026gt;http://t.co/V3cHlJRrAm\u0026lt;/a\u0026gt; \u0026lt;a href=\\http://t.co/p3DQZC6afh\\\u0026gt;pic.twitter.com/p3DQZC6afh\u0026lt;/a\u0026gt;\u0026lt;/p\u0026gt;— NASA (@NASA) \u0026lt;a href=\\https://twitter.com/NASA/status/536712562109595648\\\u0026gt;November 24 |  2014\u0026lt;/a\u0026gt;\u0026lt;/blockquote\u0026gt; \u0026lt;script async src=\\//platform.twitter.com/widgets.js\\ charset=\\utf-8\\\u0026gt;\u0026lt;/script\u0026gt;\" class=\"news-widget\" id=\"widget_0\" data-widget-name=\"tweet_embed\" data-widget-id=\"5\" data-widget-image=\"http://newscms.nbcnews.com/sites/newscms/files/tweet_embed.png\" data-desktop=\"%3Cblockquote%20class=%22twitter-tweet%22%20lang=%22en%22%3E%3Cp%3E%3Ca%20href=%22https://twitter.com/hashtag/Soyuz?src=hash%22%3E#Soyuz%3C/a%3E%20shines%20golden%20in%20the%20fading%20sunlight%20as%20it%20nears%20%3Ca%20href=%22https://twitter.com/hashtag/ISS?src=hash%22%3E#ISS%3C/a%3E%20%3Ca%20href=%22http://t.co/V3cHlJRrAm%22%3Ehttp://t.co/V3cHlJRrAm%3C/a%3E%20%3Ca%20href=%22http://t.co/p3DQZC6afh%22%3Epic.twitter.com/p3DQZC6afh%3C/a%3E%3C/p%3E—%20NASA%20(@NASA)%20%3Ca%20href=%22https://twitter.com/NASA/status/536712562109595648%22%3ENovember%2024,%202014%3C/a%3E%3C/blockquote%3E%20%3Cscript%20async%20src=%22//platform.twitter.com/widgets.js%22%20charset=%22utf-8%22%3E%3C/script%3E\" data-meta-info=\"desktop\"\u003e\u003c/p\u003e\u003cp\u003eSerova is the first Russian woman to live aboard the International Space Station, and Cristoforetti's arrival marks only the second time in the station's 16-year history that two women have been conducting long-term missions simultaneously. The first time came in 2010, when \u003ca href=\"http://www.nasa.gov/mission_pages/station/expeditions/expedition24/\"\u003eTracy Caldwell Dyson and Shannon Walker\u003c/a\u003e were on the station for Expedition 24.\u003c/p\u003e\u003cp\u003eDuring a pre-launch news conference, Cristoforetti, a 37-year-old Italian Air Force pilot, deflected questions about her status as Italy’s first female astronaut. When asked by a reporter if she planned to wear cosmetics in space, Cristoforetti looked confused, then replied, “Maybe you should ask Terry. Maybe he wants to take some makeup with him.”\u003c/p\u003e\u003cp\u003eThe new crew's six-month tour of duty is also expected to mark the first taste test of fresh-brewed espresso in space. The \u003ca href=\"http://www.lavazza.com/en/media-center/pressreleasedetail/58dae66d-f246-11e3-b615-c90c8a507add/\"\u003eISSpresso coffeemaker\u003c/a\u003e was designed to work in zero gravity by Italy's Lavazza coffee company and Argotec engineering firm. It's due to be sent up to the station next year on a cargo craft, and will be tested under the terms of a private-public partnership associated with Cristoforetti's mission.\u003c/p\u003e\u003ch5\u003e— The Associated Press, Reuters and NBC News Staff\u003c/h5\u003e","cover_headline":"Russian Craft Brings New Crew Members to Space Station","cover_image":null,"curated_list":[],"editorial_notes":null,"external_link":null,"first_publication_date":"1416779039","hidden":0,"labels":[],"linked_sections":[],"linked_topics":["67"],"main_art":{"alt_text":"Image: Soyuz launch","byline":null,"caption":"A Russian Soyuz rocket rises from its launch pad at the Baikonur Cosmodrome in Kazakhstan early Monday, sending spacefliers from the United States and Russia toward the International Space Station.","copyright":null,"crop_rect":"","fid":"780231","focus_rect":"63,6,1537,483","height":"893","source":"Roscosmos","title":"Image: Soyuz launch","url":"141123-launch4.jpg","width":"1600"},"native_ad":0,"nid":"254526","publication_date":"1416800503","revision_timestamp":1416800695,"search_enabled":1,"section":["73"],"show_on_cover":1,"slideshow":null,"source":["51"],"source_site_name":null,"sponsor_label":null,"storyline":[],"summary":"A Russian Soyuz craft delivered astronauts from the United States, Russia and Italy to the International Space Station after a six-hour trip.","tags":[],"tease_image":null,"title":"Russian Craft Brings New Crew Members to Space Station","topic":["83"],"type":"news_entry","video_art_url":null},"externalId":"254526","externalSource":"NewsCMS","type":"news_entry"}