{"action":"save","entry":{"ads_enabled":1,"article_type":"video","brand":"NBC News Channel","breaking_news":0,"breaking_news_alert":0,"breaking_news_alert_title":null,"breaking_news_headline":null,"byline_id":[],"comments_enabled":1,"content":null,"cover_headline":"The Battle Over Immigration","cover_image":null,"curated_list":[],"editorial_notes":null,"external_link":null,"first_publication_date":"1416281172","hidden":0,"labels":[],"linked_sections":[],"linked_topics":["18","30"],"main_art":null,"mpx_description":"A fight over immigration reform is taking shape in Washington. Steve Handelsman reports.","mpx_guid":"nc_thebattleo_141117","mpx_id":"359899715834","mpx_title":"The Battle Over Immigration","native_ad":0,"nid":"250526","publication_date":"1416281172","revision_timestamp":1416580065,"search_enabled":1,"section":["7"],"show_on_cover":0,"slideshow":null,"source":[],"source_site_name":null,"sponsor_label":null,"storyline":["18266"],"summary":"A fight over immigration reform is taking shape in Washington. Steve Handelsman reports.","tags":[],"tease_image":null,"title":"The Battle Over Immigration","topic":["66"],"type":"news_entry","video_art_url":"http://media2.s-nbcnews.com/i/MSNBC/Components/Video/__NEW/_News%20Channel/nc_thebattleo_141117.jpg","workbench_id":"56444549"},"externalId":"250526","externalSource":"NewsCMS","type":"news_entry"}