{"action":"save","entry":{"ads_enabled":1,"article_type":"video","brand":"NBC News","breaking_news":0,"breaking_news_alert":0,"breaking_news_alert_title":null,"breaking_news_headline":null,"byline_id":[],"comments_enabled":1,"content":null,"cover_headline":null,"cover_image":null,"curated_list":[],"editorial_notes":null,"external_link":null,"first_publication_date":"1416355601","hidden":0,"labels":[],"linked_sections":[],"linked_topics":[],"main_art":null,"mpx_description":"Protesters are heard chanting after the Senate votes down the Keystone XL Pipeline.","mpx_guid":"f_senate_protest_141118","mpx_id":"360514627846","mpx_title":"Protesters Chant After Keystone XL Pipeline Vote","native_ad":0,"nid":"251281","publication_date":1416355600,"revision_timestamp":1416355681,"search_enabled":1,"section":["64"],"show_on_cover":0,"slideshow":null,"source":[],"source_site_name":null,"sponsor_label":null,"storyline":[],"summary":"Protesters are heard chanting after the Senate votes down the Keystone XL Pipeline.","tags":[],"tease_image":null,"title":"Protesters Chant After Keystone XL Pipeline Vote","topic":["37"],"type":"news_entry","video_art_url":"http://media2.s-nbcnews.com/i/MSNBC/Components/Video/__NEW/f_senate_protest_141118.jpg","workbench_id":"56451969"},"externalId":"251281","externalSource":"NewsCMS","type":"news_entry"}