{"action":"save","entry":{"ads_enabled":1,"article_type":"spread","breaking_news":0,"breaking_news_alert":0,"breaking_news_alert_title":null,"breaking_news_headline":null,"byline_id":["276"],"comments_enabled":1,"content":"\u003cp\u003eDrug reformers always dreamed of a world where users were safe and dealers were free. Then that world arrived, at least in the states where marijuana is legal. Now they see a new nightmare on the horizon: Big Pot.\u003c/p\u003e\u003cp\u003eThe specter of corporate cannabis loomed large on Tuesday, when the family of Bob Marley appeared on NBC’s Today Show, \u003ca href=\"http://www.nbcnews.com/storyline/legal-pot/stir-it-bob-marley-headline-corporate-cannabis-brand-n250286\"\u003eannouncing the creation\u003c/a\u003e of Marley Natural. The world’s first global brand of marijuana launched with the support of $50 million dollars in private equity and the same marketing machine that took Starbucks to the masses.\u003c/p\u003e\u003cp\u003e“We see the inevitability of large, well-run companies to sell cannabis,” said Brendan Kennedy, the CEO of Privateer Holding, the Seattle-based company that’s behind the Marley brand. “That train left the station a long time ago.”\u003c/p\u003e\u003cp\u003e\u003cdata data-widget-name=\"mpx_video\" data-mpx-id=\"360239683590\" data-mpx-guid=\"tdy_snow_marley_141118\" data-autoplay=\"0\" data-mpx-title-override=\"Bob Marley brand marijuana goes global\" data-mpx-description-override=\"Wealthy investors raised $50 million to launch Marley Natural, and are determined to start sales next year, with the voice of Bob Marley backing them. NBC's national correspondent Kate Snow reports.\" data-meta-info=\"mpx-id | mpx-guid | mpx-description-override | mpx-title-override\"\u003e\u003c/data\u003e\u003c/p\u003e\u003cp\u003eLess than a year after Colorado and Washington state opened the first commercial pot markets, and less than a month after two more states voted to follow suit, such frank capitalism has shocked the smiling wise-men of weed and their crusading friends in the legalization movement. Most hoped the market would remain a cottage industry of small-scale growers, collectives and dispensaries. \u003ca href=\"http://www.nbcnews.com/storyline/legal-pot/pot-legalizations-push-u-s-closer-weed-business-boom-n243861\"\u003eFew expect\u003c/a\u003e it will.\u003c/p\u003e\u003cp\u003e“My concern is the Marlboro-ization or Budweiser-ization of marijuana,” said Ethan Nadelmann, executive director of the Drug Policy Alliance. “That’s not what I’m fighting for.”\u003c/p\u003e\u003cp\u003e“It’s a cultural thing,” said Keith Stroup, founder of the National Organization for the Reform of Marijuana Laws, the country’s oldest consumer pot lobby. “All of us have at least a little bit of discomfort with the corporate stuff.”\u003c/p\u003e\u003cp\u003eBut they’re not the only ones who are worried. Alcohol and tobacco interests are also keeping an eye on the burgeoning market. The alcohol industry in particular has been communicating with representatives of NORML, DPA, and the Marijuana Policy Project, according to sources on both sides of the table.\u003c/p\u003e\u003cp\u003eThey want to know whether pot will be a friend or a foe—a complement to their products, or, as some marijuana reformers have argued, an alternative that could sap America’s love of drinking. The marijuana lobby accepts these overtures out of a combination of curiosity, realism, and smart strategy. If a takeover is inevitable, they figure, it’s better to be prepared.\u003c/p\u003e\u003cp\u003e“Beer, wine and tobacco people—I’ve met with them all,” said Allen St. Pierre, the executive director of NORML, which is above all a consumer rights organization. He doesn’t love the idea of Big Pot, but he believes it will help guarantee that users get a quality product at a fair price.\u003c/p\u003e\u003cp\u003eHe recalled two lunches in Washington, D.C., (one at DC Noodles, the other at Pizza Paradiso); several office visits; and a grand tour through Savor, the district’s popular beer and food conference.\u003c/p\u003e\u003cp\u003e“It’s been so surreal,” he said, reflecting on more than two decades as a marijuana lobbyist, all of it spent outside the warm circle of the other vice industries.\u003c/p\u003e\u003cp\u003e“I always dreamed of these meetings,” he added. \"I pictured balding guys, with comb-overs, red suspenders, eating in quiet restaurants—and lo-and-behold that’s what they’ve been.”\u003c/p\u003e\u003cp\u003eSt. Pierre hopes to create a “Dionysus lobby,” built on the shared interests of alcohol, tobacco and pot. All three industries want low taxes, the right to advertise freely, and the ability to make convenient sales, he said.\u003c/p\u003e\u003cp\u003eBut so far the legal marijuana markets in Colorado and Washington are plainly over-regulated, he added, prejudiced against pot consumers, who should be allowed to buy marijuana as easily and safely as they do beer or wine or a pack of smokes.\u003c/p\u003e\u003cp\u003e“I’ve tried to say, ‘look, none of us should be hiding,’” he said. “All of us are involved in a problematic adult consumer product and all of us enjoy using one or more of these products,” he continued. “What do we want? We can get it down to four words, almost a Wal-Mart bumper sticker: ‘Best product, lowest cost.’”\u003c/p\u003e\u003cp\u003eHe said that one of his warmest receptions came from the Distilled Spirits Council, or Discus, which represents the leading producers and marketers of liquor in the United States. One day last July a senior member of Discus called St. Pierre, according to an account of the conversation that St. Pierre emailed to a colleague.\u003c/p\u003e\u003cp\u003eThat account along with a follow-up interview with St. Pierre illustrates how marijuana has sent a twinned-bolt of fear and excitement through the spines of alcohol executives. The Discus executive congratulated the industry on its wins at the ballot box, St. Pierre recalled.\u003c/p\u003e\u003cblockquote class=\"pullquote\"\u003e\u003cp\u003e“What do we want? We can get it down to four words: ‘Best product, lowest cost.’”\u003c/p\u003e\u003c/blockquote\u003e\u003cp\u003eThe executive also assured the marijuana lobby that the nation’s largest liquor makers would not fight legalization as long as the public supported it.\u003c/p\u003e\u003cp\u003eHe estimated that a third of Discus board want to get into the marijuana business, a third oppose legalization, and a third believe that the industry should take a neutral position, according to St. Pierre’s recollections.\u003c/p\u003e\u003cp\u003eBut Discus conveyed a threat as well, a complaint against the way marijuana advocates were demonizing alcohol in their campaigns. “Marijuana is safer than alcohol,” is perhaps MPP’s most used slogan in fact, and the group relentlessly argues that America would be a healthier place if we put down our tumblers and decided to toke.\u003c/p\u003e\u003cp\u003eIf such talk continued, the Discus rep said, according to St. Pierre’s recollection, the liquor industry would have no choice but to launch a counter-attack. That, St. Pierre agreed, wouldn’t be good for anyone.\u003c/p\u003e\u003cp\u003eFrank Coleman, Discus's vice president of public affairs, acknowledged the industry’s frustration with the claim that “marijuana is safer than alcohol,” and confirmed contact with NORML. However, he strongly denied that a third of America’s distillers want to get into the marijuana business.\u003c/p\u003e\u003cp\u003e\"What others in our organization have repeatedly and publicly stated is that the distilled spirits industry takes no position on the issue of legalization,\" he wrote in an email. \"Our major concern is that groups—such as MPP—not demonize the alcohol industry as part of their strategy.\"\u003c/p\u003e\u003cp\u003eHe then fired back at MPP's line of argument, which is often picked up in the press. He attached a copy of \"Adverse Health Effects of Marijuana,\" a study published this summer in the New England Journal of Medicine, authored by the head of the National Institute on Drug Abuse.\u003c/p\u003e\u003cp\u003e\"You might focus on the memory loss issues,\" he wrote. \"As with everything we work on, we want to be sure that accurate science is used. That has not always been the case in media.\"\u003c/p\u003e\u003cp\u003eThe Beer Institute, which represents the nation’s 2,800 breweries, and the Wine \u0026amp; Spirit Wholesalers of America also confirmed meetings and calls with the marijuana lobby but denied wanting to get into the business.\u003c/p\u003e\u003cp\u003eAll three show signs of the same double vision of marijuana as both opportunity and threat. Earlier this year, Brown-Forman Corp., which owns Jack Daniel's, told investors that the spread of legalization could hurt its sales. The Beer Institute is officially neutral on the question of marijuana legalization. But Chris Thorne, the vice president of communications, seemed to take a shot at the new industry and its claim as a safe alternative to booze.\u003c/p\u003e\u003cp\u003e“We believe that it’s misleading to compare marijuana to beer,” he said in a phone interview. “We are committed to responsible advertising, working with public officials and law enforcement, and supporting communities in the countries where we operate. I don’t think any of that is true for marijuana. There are a lot of unanswered questions about marijuana—questions about its effect on the brain, and on young people—and we think legislators would be wise to look at these questions as they consider the legalization of marijuana.”\u003c/p\u003e\u003cp\u003eBut at the same time, the Wine \u0026amp; Spirit Wholesalers of America may be ready to make marijuana work for it. Earlier this year, in a letter sent to all fifty U.S. attorneys general and governors, the president of the WSWA argued that if a state decides to legalize marijuana, it should regulate it with the same three-tiered distribution system set up for alcohol after prohibition—a move some analysts interpreted as a sign that alcohol companies would be open to moving pot as well.\u003c/p\u003e\u003cp\u003e“The question of marijuana legalization and decriminalization is a question best left to state legislatures,” said WSWA president Craig Wolf, in a statement to NBC News. “But the three-tier regulatory system enacted after repeal of Prohibition does offer a model that we believe has proven remarkably successful.”\u003c/p\u003e\u003cp\u003eTobacco executives, meanwhile, have been studying the marijuana industry for years, according to Stanton Glantz, a professor of medicine at the University of California, San Francisco. His research has drawn an 80-million page archive of tobacco industry documents, spanning the 1960s to the late 1990s. Many of the documents reference softening pot laws, rising use, and the dual threat/opportunity of a third major vice industry.\u003c/p\u003e\u003cp\u003eIn early 1970, for example, an unsigned memorandum distributed to Philip Morris’ top management read, “We are in the business of relaxing people who are tense and providing a pick up for people who are bored or depressed. The human needs that our product fills will not go away. Thus, the only real threat to our business is that society will find other means of satisfying these needs.”\u003c/p\u003e\u003cp\u003e“These documents reveal that since at least 1970, despite fervent denials, three multinational tobacco companies, Phillip Morris, British American Tobacco, and RJ Reynolds, all have considered manufacturing cannabis cigarettes,” according to an investigation by Glantz and two colleagues, published this summer in Milbank Quarterly, a peer-reviewed journal of public health.\u003c/p\u003e\u003cp\u003e\u003cdata data-widget-name=\"mpx_video\" data-mpx-id=\"301550659810\" data-mpx-guid=\"p_mtc_marijuanaa_140710\" data-autoplay=\"0\" data-mpx-title-override=\"Make the Case: Should Marijuana Be Legalized?\" data-mpx-description-override=\"Kevin A. Sabet, from Smart Approaches to Marijuana, and Allen St. Pierre, from NORML, debate the health effects of widespread marijuana use.\" data-meta-info=\"mpx-id | mpx-guid | mpx-description-override | mpx-title-override\"\u003e\u003c/data\u003e\u003c/p\u003e\u003cp\u003eAs they have for years, Phillip Morris, RJ Reynolds and British American Tobacco said that these documents no longer reflect their focus, which is entirely on tobacco products. Glantz and many others, however, remain convinced that tobacco companies are watchful and waiting, especially since about 2005 when marijuana use overtook tobacco use among American teenagers.\u003c/p\u003e\u003cp\u003e“They all have a plan for marijuana,” said Gerry Sullivan, who manages the popular Barrier Fund, formerly known as the Vice Fund, a collection stocks tied to guns, booze, and tobacco companies. “If they don’t have a plan they should all be fired.”\u003c/p\u003e\u003cp\u003eJust a few years ago the threat of corporate pot was a distant concern. At the first marijuana business conferences, for example, organizers saw poor turn-out at panels that conflicted with 4:20pm, the daily happy hour of weed. They watched agog as attendees picked up their name tags wearing flannel pajama pants or a Cheech-n-Chong t-shirt.\u003c/p\u003e\u003cp\u003e“It was a cavalcade of crazy,” remembers Kennedy of Privateer. “Four years ago those conferences had everything you would imagine in a bad Hollywood movie about cannabis.”\u003c/p\u003e\u003cp\u003eBy contrast Las Vegas hosted two massive pot gathering this month, the Marijuana Business Conference \u0026amp; Expo and a “pitch forum” run by The ArcView Group, one of the field’s new investment firms. At both events men and women wore suits and sipped San Pellegrino.\u003c/p\u003e\u003cp\u003eBut despite their new corporate clothes, many remained afraid of a corporate takeover, according to Chris Walsh, who founded the expo three years ago.\u003c/p\u003e\u003cp\u003eOne fear is that the capitalists will go too far as the laws soften. They’ll flip a switch to produce Marlboro Greens (or, for that matter, Marley Natural), and turn a cherished plant into a cheap commodity. There’s an old joke about marijuana: if it’s legal, it won’t get you high.\u003c/p\u003e\u003cp\u003eKnowing all this, Walsh added a new panel to this year’s conference, a special session on tobacco and alcohol companies, and their potential interest in pot.\u003c/p\u003e\u003cp\u003eThe name says it all: “I called it, The Pending Invasion,” said Walsh. “That reflects how a lot people feel.”\u003c/p\u003e","cover_headline":"Vice Wars: Tobacco, Alcohol and the Rise of Big Marijuana","cover_image":{"alt_text":"Image: Marijuana ","byline":"JASON REDMOND","caption":"Bob Leeds, co-owner of Sea of Green Farms, shows some of the marijuana he produces during a tour of his company's facility in Seattle, Washington in this June 30 file photo.","copyright":null,"crop_rect":"","fid":"751081","focus_rect":"96,544,2362,1014","height":"1709","source":null,"title":"Image: Marijuana ","url":"141104-marijuana-2010.jpg","width":"2500"},"curated_list":[],"editorial_notes":null,"external_link":null,"first_publication_date":"1416682011","hidden":0,"labels":[],"linked_sections":["77"],"linked_topics":[],"main_art":{"alt_text":"Image:  Medical Marijuana Dispensary","byline":"David McNew","caption":"A budtender pours marijuana from a jar at Perennial Holistic Wellness Center medical marijuana dispensary, which opened in 2006, on July 25, 2012 in Los Angeles, California. ","copyright":"2012 Getty Images","crop_rect":"","fid":"756921","focus_rect":"12,282,2488,1083","height":"1667","source":"Getty Images","title":"Image:  Medical Marijuana Dispensary","url":"141107-marijuana-recreational-kns-01.jpg","width":"2500"},"native_ad":0,"nid":"253801","publication_date":1416682741,"revision_timestamp":1416682802,"search_enabled":1,"section":["7"],"show_on_cover":1,"slideshow":null,"source":[],"source_site_name":null,"sponsor_label":null,"storyline":["14256"],"summary":"Many supporters of legal marijuana hope for a cottage industry of scrappy growers, collectives and dispensaries. Few expect to get it.","tags":[],"tease_image":null,"title":"Vice Wars: Tobacco, Alcohol and the Rise of Big Marijuana","topic":["66"],"type":"news_entry","video_art_url":null},"externalId":"253801","externalSource":"NewsCMS","type":"news_entry"}