{"action":"save","entry":{"ads_enabled":1,"article_type":"video","brand":"NBC News","breaking_news":0,"breaking_news_alert":0,"breaking_news_alert_title":null,"breaking_news_headline":null,"byline_id":[],"comments_enabled":1,"content":null,"cover_headline":null,"cover_image":null,"curated_list":[],"editorial_notes":null,"external_link":null,"first_publication_date":"1416387297","hidden":0,"labels":[],"linked_sections":[],"linked_topics":["30"],"main_art":null,"mpx_description":"Businesses in Clayton have taken precautions ahead of Grand Jury decision in the Michael Brown shooting case, as Casey Nolen from KSDK discovered.","mpx_guid":"x_lon_clayton_141119","mpx_id":"360686147899","mpx_title":"Shops in Clayton Missouri Prepare for Grand Jury Decision","native_ad":0,"nid":"251411","publication_date":"1416387296","revision_timestamp":1416389094,"search_enabled":1,"section":["7"],"show_on_cover":0,"slideshow":null,"source":[],"source_site_name":null,"sponsor_label":null,"storyline":["17876"],"summary":"Businesses in Clayton have taken precautions ahead of Grand Jury decision in the Michael Brown shooting case, as Casey Nolen from KSDK discovered.","tags":[],"tease_image":null,"title":"Shops in Clayton, Missouri, Prepare for Grand Jury Decision","topic":["66"],"type":"news_entry","video_art_url":"http://media2.s-nbcnews.com/i/MSNBC/Components/Video/__NEW/x_lon_clayton_141119.jpg","workbench_id":"56454405"},"externalId":"251411","externalSource":"NewsCMS","type":"news_entry"}