{"action":"save","entry":{"ads_enabled":1,"article_type":"slideshow","breaking_news":0,"breaking_news_alert":0,"breaking_news_alert_title":null,"breaking_news_headline":null,"byline_id":[],"comments_enabled":1,"content":null,"cover_headline":"From Actors to Activists: Medal of Freedom Recipients","cover_image":null,"curated_list":[],"editorial_notes":null,"external_link":null,"first_publication_date":"1416872168","hidden":0,"labels":[],"linked_sections":[],"linked_topics":["66"],"main_art":{"alt_text":"Image: US President Barack Obama awards the the Presidential Medal of Freedom to nineteen recipients","byline":"MICHAEL REYNOLDS","caption":"Actress Meryl Streep is awarded the Presidential Medal of Freedom by President Barack Obama, during a ceremony in the East Room of the White House, in Washington DC, on Nov. 24.","copyright":null,"crop_rect":"","fid":"781546","focus_rect":"0,164,2500,1159","height":"1664","source":"EPA","title":"Image: US President Barack Obama awards the the Presidential Medal of Freedom to nineteen recipients","url":"141124-medals-of-freedom-tease.jpg","width":"2500"},"native_ad":0,"nid":"255296","publication_date":1416872363,"revision_timestamp":1416872364,"search_enabled":1,"section":["7"],"show_on_cover":1,"slideshow":"56491323","source":[],"source_site_name":null,"sponsor_label":null,"storyline":[],"summary":"President Obama presented the nation's highest civilian honor to 18 artists, activists and public servants, among others.","tags":[],"tease_image":null,"title":"From Actors to Activists: Medal of Freedom Recipients","topic":["67"],"type":"news_entry","video_art_url":null},"externalId":"255296","externalSource":"NewsCMS","type":"news_entry"}