{"action":"save","entry":{"ads_enabled":1,"article_type":"post","breaking_news":0,"breaking_news_alert":0,"breaking_news_alert_title":null,"breaking_news_headline":null,"byline_id":[],"comments_enabled":1,"content":"\u003cp\u003eA strong earthquake in the mountainous area of central Japan that hosted the 1998 Winter Olympics destroyed more than half a dozen homes in a ski resort town and injured at least 30 people, officials said.\u003c/p\u003e\u003cp\u003eThe magnitude-6.8 earthquake struck Saturday near Nagano city shortly after 10 p.m. at a depth of 6 miles, the Japan Meteorological Agency said. The U.S. Geological Survey measured the quake's magnitude at 6.2. Since the quake occurred inland, there was no possibility of a tsunami.\u003c/p\u003e\u003cp\u003eRyo Nishino, a restaurant owner in Hakuba, a ski town west of Nagano, told Japanese broadcaster NHK that he had \"never experienced a quake that shook so hard. The sideways shaking was enormous.\" He said he was in the restaurant's wine cellar when the quake struck, and that nothing broke there.\u003c/p\u003e\u003cp\u003eThirty people were injured, at least two seriously, the Federal Disaster Management Agency said Sunday. \"We are trying to assess the situation as quickly as possible, and we'll do our utmost for the rescue of the injured people,\" Japan's top government spokesman, Yoshihide Suga, told reporters.\u003c/p\u003e\u003cp\u003eOne of the hardest-hit areas appeared to be Hakuba, which hosted events in the 1998 games. At least seven homes collapsed, and other buildings were also severely damaged, local and national disaster agencies said. Seventeen people were injured. The National Police Agency told Japan's Kyodo news agency that 21 people were trapped underneath the collapsed houses, but they all were rescued, with two of them injured. \u003c/p\u003e\u003cp\u003e\u003cimg src=\"779566\" data-field-file-image-alt-text=\"Image%3A\" data-field-file-image-title-text=\"Image%3A\" data-field-caption=\"A+house+in+Hakbua%2C+Nagano+Prefecture%2C+collapsed+after+a+strong+earthquake+hit+central+Japan+on+Saturday.\" data-field-byline=\"\" data-field-source=\"AP\" data-field-copyright=\"\" data-field-file-created=\"1416674434\" data-field-half-size-image=\"0\" /\u003e\u003c/p\u003e\u003cp\u003e\u003cstrong\u003e— Reuters\u003c/strong\u003e\u003c/p\u003e","cover_headline":"Magnitude 6.8 Quake Hits Central Japan","cover_image":{"alt_text":"Image:","byline":null,"caption":"A house in Hakbua, Nagano Prefecture, collapsed after a strong earthquake hit central Japan on Saturday.","copyright":null,"crop_rect":"","fid":"779566","focus_rect":"17,160,2483,1285","height":"1656","source":"AP","title":"Image:","url":"141122-japan-earthquake-mn-1140.jpg","width":"2500"},"curated_list":[],"editorial_notes":null,"external_link":null,"first_publication_date":"1416673762","hidden":0,"labels":[],"linked_sections":[],"linked_topics":[],"main_art":{"alt_text":"Image: Magnitude-6.8 quake hits central Japan","byline":"USGS ","caption":"A shakemap released by the U.S. Geological Survey (USGS) on 22 November 2014 with a yellow star indicates the site of an earthquake in Eastern Honshu, Japan, at 10:08 pm local time (13:08:18 UTC) on 22 November 2014. ","copyright":null,"crop_rect":"","fid":"779551","focus_rect":"366,707,1459,762","height":"2500","source":"EPA","title":"Image: Magnitude-6.8 quake hits central Japan","url":"141122-japan-earthquake-mn-1120.jpg","width":"2131"},"native_ad":0,"nid":"254101","publication_date":1416704879,"revision_timestamp":1416704879,"search_enabled":1,"section":["7"],"show_on_cover":1,"slideshow":null,"source":["61"],"source_site_name":null,"sponsor_label":null,"storyline":[],"summary":"The earthquake was felt across much of northern Japan and in Tokyo, about 125 miles southeast of Hakuba. ","tags":[],"tease_image":null,"title":"Magnitude 6.8 Quake Hits Central Japan, Injuring 30","topic":["8"],"type":"news_entry","video_art_url":null},"externalId":"254101","externalSource":"NewsCMS","type":"news_entry"}