{"action":"save","entry":{"ads_enabled":1,"article_type":"slideshow","breaking_news":0,"breaking_news_alert":0,"breaking_news_alert_title":null,"breaking_news_headline":null,"byline_id":[],"comments_enabled":1,"content":null,"cover_headline":"National Outrage: U.S. Protests Ferguson Decision","cover_image":null,"curated_list":[],"editorial_notes":null,"external_link":null,"first_publication_date":"1416945094","hidden":0,"labels":[],"linked_sections":[],"linked_topics":["66"],"main_art":{"alt_text":"Image: Activists In New York Respond To Ferguson Grand Jury Decision","byline":"Andrew Burton","caption":"People protest against the death of Michael Brown before learning that Ferguson police officer Darren Wilson, who fatally shot teenager Michael Brown on Aug. 9, would not be indicted by a grand jury on Nov. 24, in New York City. ","copyright":"2014 Getty Images","crop_rect":"","fid":"782881","focus_rect":"0,253,2500,945","height":"1667","source":"Getty Images","title":"Image: Activists In New York Respond To Ferguson Grand Jury Decision","url":"ss-141125-nationwide-protests-tease.jpg","width":"2500"},"native_ad":0,"nid":"255986","publication_date":1416945287,"revision_timestamp":1416945287,"search_enabled":1,"section":["7"],"show_on_cover":1,"slideshow":"56497036","source":[],"source_site_name":null,"sponsor_label":null,"storyline":["17876"],"summary":"Protests erupted nationwide late Monday after a grand jury decided not to indict Ferguson police officer Darren Wilson.","tags":[],"tease_image":null,"title":"National Outrage: U.S. Protests Ferguson Decision","topic":["67"],"type":"news_entry","video_art_url":null},"externalId":"255986","externalSource":"NewsCMS","type":"news_entry"}