{"action":"save","entry":{"ads_enabled":1,"article_type":"video","brand":"Nightly News","breaking_news":0,"breaking_news_alert":0,"breaking_news_alert_title":null,"breaking_news_headline":null,"byline_id":["4756"],"comments_enabled":1,"content":null,"cover_headline":null,"cover_image":null,"curated_list":[],"editorial_notes":null,"external_link":null,"first_publication_date":"1416355880","hidden":0,"labels":[],"linked_sections":[],"linked_topics":["43","32"],"main_art":null,"mpx_description":"Comedian Tracy Morgan still faces a long road to recovery after a June car accident that killed one passenger and injured three others.","mpx_guid":"nn_bwi_morgan_141118","mpx_id":"360516163990","mpx_title":"Tracy Morgan Suffered Traumatic Brain Injury in Car Crash","native_ad":0,"nid":"251246","publication_date":"1416351894","revision_timestamp":1416355981,"search_enabled":1,"section":["19"],"show_on_cover":0,"slideshow":null,"source":[],"source_site_name":null,"sponsor_label":null,"storyline":[],"summary":"Comedian Tracy Morgan still faces a long road to recovery after a June car accident that killed one passenger and injured three others.","tags":[],"tease_image":null,"title":"Tracy Morgan Suffered Traumatic Brain Injury in Car Crash","topic":[],"type":"news_entry","video_art_url":"http://media1.s-nbcnews.com/i/MSNBC/Components/Video/__NEW/2014-11-18T23-51-56-5Z--1280x720.jpg","workbench_id":null},"externalId":"251246","externalSource":"NewsCMS","type":"news_entry"}