{"action":"save","entry":{"ads_enabled":1,"article_type":"video","brand":"NBCNews.com","breaking_news":0,"breaking_news_alert":0,"breaking_news_alert_title":null,"breaking_news_headline":null,"byline_id":[],"comments_enabled":1,"content":null,"cover_headline":"Car Trouble: A Year in Uber Controversies","cover_image":null,"curated_list":[],"editorial_notes":null,"external_link":null,"first_publication_date":"1416441808","hidden":0,"labels":[],"linked_sections":["7","75"],"linked_topics":["81","30"],"main_art":null,"mpx_description":"The Emil Michael controversy is the latest in a long string of debacles that Uber, the popular ride sharing service, has endured this year.","mpx_guid":"a_lss_uber_141119","mpx_id":"361009219605","mpx_title":"Long Story Short: Uber Controversies","native_ad":0,"nid":"252136","publication_date":"1416441808","revision_timestamp":1416502505,"search_enabled":1,"section":["18261"],"show_on_cover":0,"slideshow":null,"source":[],"source_site_name":null,"sponsor_label":null,"storyline":[],"summary":"The Emil Michael controversy is the latest in a long string of debacles that Uber, the popular ride sharing service, has endured this year.","tags":[],"tease_image":null,"title":"Long Story Short: Uber Controversies","topic":[],"type":"news_entry","video_art_url":"http://media2.s-nbcnews.com/i/MSNBC/Components/Video/141119/a_lss_uber_141119.jpg","workbench_id":"56458520"},"externalId":"252136","externalSource":"NewsCMS","type":"news_entry"}