{"action":"save","entry":{"ads_enabled":1,"article_type":"spread","breaking_news":0,"breaking_news_alert":0,"breaking_news_alert_title":null,"breaking_news_headline":null,"byline_id":["731"],"comments_enabled":1,"content":"\u003cp\u003eThe Food and Drug Administration opened a new front Monday in an ongoing battle about the use of devices called morcellators, which grind up a woman’s uterus so it can be easily removed.\u003c/p\u003e\u003cp\u003eThe FDA issued a revised warning saying the chopping process can spread undetected cancer in women and should only be used in very specific cases. As many as one in every 350 women having the procedure to remove uterine \u003ca href=\"http://www.nbcnews.com/id/16790891/ns/health-womens_health/t/less-invasive-treatment-fibroids-can-be-fine/\"\u003efibroids \u003c/a\u003ehave tumors in the uterus that haven’t been diagnosed, the FDA says. Using the \u003ca href=\"http://www.nbcnews.com/health/womens-health/fda-warns-cancer-risk-fibroid-procedure-n83276\"\u003emorcellators \u003c/a\u003ecan break up and spread the tumors inside the woman’s body.\u003c/p\u003e\u003cp\u003e“We believe that in the vast majority of women, the procedure should not be performed,” Dr. William Maisel of FDA’s Center for Devices and Radiological Health, told reporters.\u003c/p\u003e\u003cblockquote class=\"pullquote\"\u003e\u003cp\u003e“We believe that in the vast majority of women, the procedure should not be performed.\"\u003c/p\u003e\u003c/blockquote\u003e\u003cp\u003eBut the main group representing gynecologists says the FDA’s guidance is confusing and doesn’t take into account all the variables and uncertainties. Morcellators are commonly used to remove fibroids but they can also be used in other procedures, such as removing a \u003ca href=\"http://www.nbcnews.com/id/12288081/ns/health-womens_health/t/just-stitches-can-prevent-bladder-misery/\"\u003eprolapsed uterus\u003c/a\u003e, and those procedures pose a much lower risk.\u003c/p\u003e\u003cp\u003eThe risks have been known for months and one manufacturer even asked doctors to return its device, but they are still being used too commonly, the FDA says. It says the devices need to be more clearly labeled so doctors won’t use them in the women at risk of having undetected cancer.\u003c/p\u003e\u003cp\u003e“Today, the U.S. Food and Drug Administration is taking immediate steps to help reduce the risk of spreading unsuspected cancer in women being treated for uterine fibroids,” the agency said in a statement.\u003c/p\u003e\u003cblockquote class=\"pullquote\"\u003e\u003cp\u003e“Uterine tissue may contain unsuspected cancer.\"\u003c/p\u003e\u003c/blockquote\u003e\u003cp\u003e“Uterine tissue may contain unsuspected cancer. The use of laparoscopic power morcellators during fibroid surgery may spread cancer and decrease the long-term survival of patients,” FDA added.\u003c/p\u003e\u003cp\u003eThere’s only a small group of women who might safely be treated using For example, some younger women who are interested in maintaining their ability to have children or wish to keep their uterus intact after being informed of the risks may be candidates for this procedure.\u003c/p\u003e\u003cp\u003eBut Dr. Hal Lawrence, executive vice president of the American College of Obstetricians and Gynecologists, says FDA didn’t consult his group and says some of what the FDA is saying is confusing.\u003c/p\u003e\u003cp\u003e“I am not saying that we totally disagree with the FDA,” Lawrence told NBC News. “I think the way it’s stated is a little confusing.”\u003c/p\u003e\u003cp\u003eThe problem is that there’s no good test to distinguish between a fibroid — which is almost always a benign growth on the uterus — and a tumor or a pre-cancerous growth, Lawrence says. “The overwhelming majority of fibroids are totally benign fibroids,” he said.\u003c/p\u003e\u003cp\u003eThe FDA guidance suggests that the morcellators should only be used in young women — for example to remove fibroids but allow a surgeon to repair the uterus. But there are also older women who may have had a fibroid for years who are having surgery for another reason, Lawrence says. In those cases, it’s pretty clear the fibroid isn’t a tumor and they could safely be operated on with a morcellator.\u003c/p\u003e\u003cp\u003eThere are some important benefits to using morcellators, Lawrence says. They can help reduce the dangers of more invasive surgery, so women can recover faster.\u003c/p\u003e\u003cp\u003eAn estimated 600,000 U.S women get hysterectomies every year. Maisel said about 40 percent of hysterectomies are done because of fibroids and about 50,000 use morcellators.\u003c/p\u003e","cover_headline":"FDA Warns Against Device It Says Can Spread Cancer","cover_image":null,"curated_list":[],"editorial_notes":null,"external_link":null,"first_publication_date":"1416846194","hidden":0,"labels":[],"linked_sections":[],"linked_topics":["72"],"main_art":{"alt_text":"Image: U.S. Food and Drug Administration (FDA) headquarters ","byline":"© Jason Reed / Reuters","caption":"A view shows the U.S. Food and Drug Administration (FDA) headquarters in Silver Spring, Md. taken on Aug. 14, 2012. ","copyright":null,"crop_rect":"","fid":"781001","focus_rect":"10,366,2490,1166","height":"1553","source":null,"title":"Image: U.S. Food and Drug Administration (FDA) headquarters","url":"141124-fda-building-arp-1105a.jpg","width":"2500"},"native_ad":0,"nid":"254961","publication_date":1416846194,"revision_timestamp":1416846194,"search_enabled":1,"section":["65"],"show_on_cover":1,"slideshow":null,"source":[],"source_site_name":null,"sponsor_label":null,"storyline":[],"summary":"Doctors must cut sharply back on using devices called morcellators, which grind up a woman’s uterus so it can be easily removed, the FDA says.","tags":[],"tease_image":null,"title":"FDA Warns Against Device It Says Can Spread Cancer in Women","topic":["62"],"type":"news_entry","video_art_url":null},"externalId":"254961","externalSource":"NewsCMS","type":"news_entry"}