{"action":"save","entry":{"ads_enabled":1,"article_type":"spread","breaking_news":0,"breaking_news_alert":0,"breaking_news_alert_title":null,"breaking_news_headline":null,"byline_id":["57721"],"comments_enabled":1,"content":"\u003cp\u003eMONTEVIDEO, URUGUAY -- As an American expat, one gets used to abuse.\u003c/p\u003e\u003cp\u003eNot long ago I found myself outside a shabby corner bar in Montevideo being shouted at by a couple of bearded communists, to whom I’d dared suggest that the United States occasionally does things right.\u003c/p\u003e\u003cp\u003eDear Americans, please understand, the US government is widely reviled. I’ve found seething hatred against the stars and stripes in many corners of the world, from dugout canoes in the Solomon Islands, to Calcutta traffic jams, to remote Patagonian steppes.\u003c/p\u003e\u003cp\u003eMuch of the world doesn’t like us, and it loathes our government.\u003c/p\u003e\u003cp\u003eWhat a glorious moment, then, Friday morning in the checkout line at my local supermarket, Devoto on Avenida Italia in the Carrasco neighborhood of Montevideo.\u003c/p\u003e\u003cp\u003e\u003cimg src=\"780626\" data-field-file-image-alt-text=\"\" data-field-file-image-title-text=\"\" data-field-caption=\"The+Devoto+supermarket+in+Montevideo%2C+Uruguay%2C+where+GlobalPost+correspondent+Will+Carless+was+asked+about+-+and+thanked+for+-+President+Obama%27s+immigration+executive+action.+++\" data-field-byline=\"\" data-field-source=\"\" data-field-copyright=\"\" data-field-file-created=\"1416833236\" data-field-half-size-image=\"0\" /\u003e\u003c/p\u003e\u003cp\u003eI live right across the street. I’m the neighborhood “gringo” (though there are a few others), and I’m in there just about every day. The checkout ladies always say hi.\u003c/p\u003e\u003cp\u003eIt was Friday morning, hours after President Barack Obama had announced an executive action to shield millions of immigrants from deportation. That move is winning \u003ca href=\"http://www.globalpost.com/dispatch/news/afp/141121/mexico-central-america-hail-obama-immigration-plan\" target=\"_blank\"\u003eapplause especially in places like Mexico, Guatemala and Honduras\u003c/a\u003e — but also, apparently, at this Uruguayan supermarket.\u003c/p\u003e\u003cp\u003eThis time, cashier engaged me in a conversation that began something like this:\u003c/p\u003e\u003cp\u003eCashier: “You’re from the United States, aren’t you?”\u003c/p\u003e\u003cp\u003eMe (cautiously): “Yes.”\u003c/p\u003e\u003cp\u003eCashier: “This law that Obama wants to pass – this immigration thing – can you tell me how it works?”\u003c/p\u003e\u003cp\u003eMe (caught off guard): “Well, the president wants to give amnesty to certain immigrants living illegally in the United States.”\u003c/p\u003e\u003cp\u003eCashier (grinning with joy): “How wonderful!”\u003c/p\u003e\u003cp\u003eWe spoke a little more and I stumbled to explain the policy. (It was early). It turns out the cashier’s brother lives in the United States. She said he’s a resident, so Obama’s move won’t impact him, but she said this law was great news for her other friends and family all over the US.\u003c/p\u003e\u003cp\u003e“My family are everywhere, all over North America!” she said.\u003c/p\u003e\u003cp\u003eAs I paid for my groceries, she thanked me. Not just for the transaction, but also for the actions of my president, thousands of miles away in Washington, who had done a courageous thing, she said.\u003c/p\u003e\u003cp\u003eI left the store with a curious feeling.\u003c/p\u003e\u003cp\u003eWhat was this? Could it be? Pride in being from the United States? A feeling of being part of an empire that’s capable of both policies that make people smile, as well as carpet-bombing \u003ca href=\"http://www.thenation.com/article/177684/us-has-bombed-least-eight-wedding-parties-2001#\" target=\"_blank\"\u003eweddings\u003c/a\u003e?\u003c/p\u003e\u003cp\u003eIt was a nice feeling. Nice enough for me to write a quick \u003ca href=\"https://twitter.com/willcarless/status/535759190917410816\" target=\"_blank\"\u003etweet\u003c/a\u003e about the experience.\u003c/p\u003e\u003cp\u003eI just wish it happened more often.\u003c/p\u003e\u003cp\u003e\u003ca href=\"http://www.globalpost.com/dispatch/news/regions/americas/141122/obama-immigration-action-uruguay\"\u003eThis was originally published in GlobalPost.\u003c/a\u003e\u003c/p\u003e\u003cp\u003eOther stories on GlobalPost:\u003c/p\u003e\u003cp\u003e\u003ca href=\"http://www.globalpost.com/dispatch/news/regions/americas/141120/miss-honduras-homicides\"\u003eMiss Honduras is a data point in her country's horrific homicide statistics \u003c/a\u003e\u003c/p\u003e\u003cp\u003e\u003ca href=\"http://www.globalpost.com/dispatch/news/regions/americas/mexico/141121/watch-video-rival-mexican-lawmakers-get-physical-congress\"\u003eWatch Mexican lawmakers get physical over the 43 missing students\u003c/a\u003e\u003c/p\u003e\u003cp\u003e\u003ca href=\"http://www.globalpost.com/dispatch/news/regions/americas/141030/us-attends-ebola-meeting-cuba-called-leftist-bloc\"\u003eU.S. attends Ebola meeting in Cuba \u003c/a\u003e\u003c/p\u003e\u003cp\u003e\u003c/p\u003e","cover_headline":"American Abroad: 'Popular' After Obama Immigration Move","cover_image":{"alt_text":"Image: Joselyn Vargas, 7, of Hyattsville, Md., waves a U.S. flag during a rally across from the White House","byline":"Jacquelyn Martin","caption":"Joselyn Vargas, 7, of Hyattsville, Md., waves a U.S. flag during a rally in Lafayette Park across from the White House in Washington, Friday, Nov. 21, 2014, thanking President Obama for his executive action on illegal immigration. Vargas' parents are eligible under the executive action as the girl and her younger sister are U.S. citizens. ","copyright":null,"crop_rect":null,"fid":"780636","focus_rect":null,"height":"3172","source":"AP","title":"Image: Joselyn Vargas, 7, of Hyattsville, Md., waves a U.S. flag during a rally across from the White House","url":"littlegirl-americanflag-rally-thanks-obamaexecaction.jpg","width":"4757"},"curated_list":[],"editorial_notes":null,"external_link":null,"first_publication_date":"1416833599","hidden":0,"labels":[],"linked_sections":[],"linked_topics":["20"],"main_art":{"alt_text":"Image: Joselyn Vargas, 7, of Hyattsville, Md., waves a U.S. flag during a rally across from the White House","byline":"Jacquelyn Martin","caption":"Joselyn Vargas, 7, of Hyattsville, Md., waves a U.S. flag during a rally in Lafayette Park across from the White House in Washington, Friday, Nov. 21, 2014, thanking President Obama for his executive action on illegal immigration. Vargas' parents are eligible under the executive action as the girl and her younger sister are U.S. citizens. ","copyright":null,"crop_rect":null,"fid":"780636","focus_rect":null,"height":"3172","source":"AP","title":"Image: Joselyn Vargas, 7, of Hyattsville, Md., waves a U.S. flag during a rally across from the White House","url":"littlegirl-americanflag-rally-thanks-obamaexecaction.jpg","width":"4757"},"native_ad":0,"nid":"254781","publication_date":1416834395,"revision_timestamp":1416834395,"search_enabled":1,"section":["7"],"show_on_cover":0,"slideshow":null,"source":[],"source_site_name":null,"sponsor_label":null,"storyline":["18266"],"summary":null,"tags":[],"tease_image":null,"title":"American Abroad: Obama Immigration Speech Made Me 'Popular'","topic":["53"],"type":"news_entry","video_art_url":null},"externalId":"254781","externalSource":"NewsCMS","type":"news_entry"}