{"action":"save","entry":{"ads_enabled":1,"article_type":"post","breaking_news":0,"breaking_news_alert":0,"breaking_news_alert_title":null,"breaking_news_headline":null,"byline_id":[],"comments_enabled":1,"content":"\u003cp\u003e\u003cdata data-widget-name=\"mpx_video\" data-mpx-id=\"361528387862\" data-mpx-guid=\"nn_ksn_cosby_141120\" data-autoplay=\"1\" data-mpx-title-override=\"Bill Cosby Refuses to Address Allegations in Previous Interview\" data-mpx-description-override=\"In an interview two weeks ago, Cosby is asked about old allegations, but declines to comment and then asks reporter to keep the recording private.\" data-meta-info=\"mpx-id | mpx-guid | mpx-description-override | mpx-title-override\"\u003e\u003c/data\u003e\u003c/p\u003e\u003cp\u003eBill Cosby declined to respond when an Associated Press reporter asked about sexual-assault allegations that have recently resurfaced and have tarnished his legacy and fatherly image. Footage from the Nov. 6 interview, which was released Wednesday night, shows the legendary comedian sitting with his wife, Camille, after an event at the Smithsonian in Washington. Asked about the allegations brought by 15 women over previous decades, Cosby replied, “No, no. We don’t answer that.” Pressed again, he said, “There’s no response.”\u003c/p\u003e\u003cp\u003eFinally, the AP reporter asked, “With the persona people know of Bill Cosby, should they believe anything differently?” Cosby tells him: “There is no comment about that. And I’ll tell you why. I think you were told — I don’t want to compromise your integrity — but I don’t talk about it.” Cosby ended that part of the interview by asking that their exchange about the allegations be “scuttled.”\u003c/p\u003e\u003cp\u003eThe 77-year-old entertainer has not been criminally charged in response to the allegations. Earlier this week, his attorney blasted the latest allegations from model Janice Dickinson — who claims Cosby drugged and raped her in 1982 — as a “complete lie.” In the wake of the controversy, several projects and appearances associated with Cosby have been postponed or shelved. NBC said Wednesday it is pulling the plug on a sitcom it was developing with Cosby for next year.\u003c/p\u003e\u003ch2\u003eIN-DEPTH\u003c/h2\u003e\u003cul\u003e\u003cli\u003e\u003ca href=\"http://www.nbcnews.com/pop-culture/celebrity/nbc-pulls-plug-bill-cosby-comedy-tv-land-ends-reruns-n251876\"\u003eNBC Pulls Plug on Bill Cosby Comedy, TV Land Ends Reruns\u003c/a\u003e\u003c/li\u003e\u003cli\u003e\u003ca href=\"http://www.nbcnews.com/pop-culture/celebrity/former-model-janice-dickinson-accuses-bill-cosby-sex-assault-n251361\"\u003eFormer Model Janice Dickinson Accuses Bill Cosby of Sex Assault\u003c/a\u003e\u003c/li\u003e\u003cli\u003e\u003ca href=\"http://www.nbcnews.com/pop-culture/celebrity/why-are-old-assault-claims-against-bill-cosby-back-n250161\"\u003eWhy Are Old Assault Claims Against Bill Cosby Back?\u003c/a\u003e\u003c/li\u003e\u003c/ul\u003e\u003ch2\u003eSOCIAL\u003c/h2\u003e\u003cp\u003e\u003cimg src=\"http://newscms.nbcnews.com/sites/newscms/files/tweet_embed.png\" alt=\"desktop:\u0026lt;blockquote class=\\twitter-tweet\\ lang=\\en\\\u0026gt;\u0026lt;p\u0026gt;VIDEO: \u0026lt;a href=\\https://twitter.com/AP\\\u0026gt;@AP\u0026lt;/a\u0026gt;'s on-camera interview earlier this month of Bill Cosby's reaction to questions on sexual assault claims: \u0026lt;a href=\\http://t.co/U1LzfOEzDY\\\u0026gt;http://t.co/U1LzfOEzDY\u0026lt;/a\u0026gt;\u0026lt;/p\u0026gt;— The Associated Press (@AP) \u0026lt;a href=\\https://twitter.com/AP/status/535291173414658048\\\u0026gt;November 20 |  2014\u0026lt;/a\u0026gt;\u0026lt;/blockquote\u0026gt; \u0026lt;script async src=\\//platform.twitter.com/widgets.js\\ charset=\\utf-8\\\u0026gt;\u0026lt;/script\u0026gt;\" title=\"desktop:\u0026lt;blockquote class=\\twitter-tweet\\ lang=\\en\\\u0026gt;\u0026lt;p\u0026gt;VIDEO: \u0026lt;a href=\\https://twitter.com/AP\\\u0026gt;@AP\u0026lt;/a\u0026gt;'s on-camera interview earlier this month of Bill Cosby's reaction to questions on sexual assault claims: \u0026lt;a href=\\http://t.co/U1LzfOEzDY\\\u0026gt;http://t.co/U1LzfOEzDY\u0026lt;/a\u0026gt;\u0026lt;/p\u0026gt;— The Associated Press (@AP) \u0026lt;a href=\\https://twitter.com/AP/status/535291173414658048\\\u0026gt;November 20 |  2014\u0026lt;/a\u0026gt;\u0026lt;/blockquote\u0026gt; \u0026lt;script async src=\\//platform.twitter.com/widgets.js\\ charset=\\utf-8\\\u0026gt;\u0026lt;/script\u0026gt;\" class=\"news-widget\" id=\"widget_0\" data-widget-name=\"tweet_embed\" data-widget-id=\"5\" data-widget-image=\"http://newscms.nbcnews.com/sites/newscms/files/tweet_embed.png\" data-desktop=\"%3Cblockquote%20class=%22twitter-tweet%22%20lang=%22en%22%3E%3Cp%3EVIDEO:%20%3Ca%20href=%22https://twitter.com/AP%22%3E@AP%3C/a%3E's%20on-camera%20interview%20earlier%20this%20month%20of%20Bill%20Cosby's%20reaction%20to%20questions%20on%20sexual%20assault%20claims:%20%3Ca%20href=%22http://t.co/U1LzfOEzDY%22%3Ehttp://t.co/U1LzfOEzDY%3C/a%3E%3C/p%3E—%20The%20Associated%20Press%20(@AP)%20%3Ca%20href=%22https://twitter.com/AP/status/535291173414658048%22%3ENovember%2020,%202014%3C/a%3E%3C/blockquote%3E%20%3Cscript%20async%20src=%22//platform.twitter.com/widgets.js%22%20charset=%22utf-8%22%3E%3C/script%3E\" data-meta-info=\"desktop\"\u003e\u003c/p\u003e\u003ch5\u003e— Erik Ortiz\u003c/h5\u003e\u003cp\u003e\u003c/p\u003e","cover_headline":"Cosby on Rape Allegations: 'There's No Response'","cover_image":null,"curated_list":[],"editorial_notes":null,"external_link":null,"first_publication_date":"1416490236","hidden":0,"labels":[],"linked_sections":[],"linked_topics":[],"main_art":{"alt_text":"Image: Bill Cosby","byline":"Evan Vucci","caption":"Entertainer Bill Cosby pauses during an interview about an upcoming exhibit on Nov. 6, 2014, in Washington. ","copyright":null,"crop_rect":"","fid":"771356","focus_rect":"0,868,3375,1442","height":"4096","source":"AP file","title":"Image: Bill Cosby","url":"141117-bill-cosby-jms-1604.jpg","width":"3375"},"native_ad":0,"nid":"252396","publication_date":"1416490289","revision_timestamp":1416689075,"search_enabled":1,"section":["79"],"show_on_cover":1,"slideshow":null,"source":[],"source_site_name":null,"sponsor_label":null,"storyline":["18271"],"summary":"With sexual assault allegations resurfacing this week against the comedian, the AP has released an interview with Cosby from Nov. 6.","tags":[],"tease_image":null,"title":"Bill Cosby Has 'No Response' About Sexual Assault Allegations","topic":["32"],"type":"news_entry","video_art_url":null},"externalId":"252396","externalSource":"NewsCMS","type":"news_entry"}