{"action":"save","entry":{"ads_enabled":1,"article_type":"video","brand":"NBC News Channel","breaking_news":0,"breaking_news_alert":0,"breaking_news_alert_title":null,"breaking_news_headline":null,"byline_id":[],"comments_enabled":1,"content":null,"cover_headline":"Colorado Man Survives Decapitation","cover_image":null,"curated_list":[],"editorial_notes":null,"external_link":null,"first_publication_date":"1416439130","hidden":0,"labels":[],"linked_sections":[],"linked_topics":["62","30"],"main_art":null,"mpx_description":"A Colorado man somehow survives a rare \"internal decapitation\" after being thrown from vehicle in terrible crash. KUSA's Jonathan Gonzalez reports.","mpx_guid":"nc_survivingd_141119","mpx_id":"360696387780","mpx_title":"Colorado Man Survives Decapitation","native_ad":0,"nid":"252091","publication_date":"1416439130","revision_timestamp":1416439148,"search_enabled":1,"section":["7"],"show_on_cover":0,"slideshow":null,"source":[],"source_site_name":null,"sponsor_label":null,"storyline":[],"summary":"A Colorado man somehow survives a rare \"internal decapitation\" after being thrown from vehicle in terrible crash. KUSA's Jonathan Gonzalez reports.","tags":[],"tease_image":null,"title":"Colorado Man Survives Decapitation","topic":["66"],"type":"news_entry","video_art_url":"http://media2.s-nbcnews.com/i/MSNBC/Components/Video/__NEW/_News%20Channel/nc_survivingd_141119.jpg","workbench_id":"56454473"},"externalId":"252091","externalSource":"NewsCMS","type":"news_entry"}