{"action":"save","entry":{"ads_enabled":1,"article_type":"post","breaking_news":0,"breaking_news_alert":0,"breaking_news_alert_title":null,"breaking_news_headline":null,"byline_id":["3511","146"],"comments_enabled":1,"content":"\u003cp\u003e\u003cdata data-widget-name=\"mpx_video\" data-mpx-id=\"361734211643\" data-mpx-guid=\"tdy_gabe_cosby_141121\" data-autoplay=\"1\" data-mpx-title-override=\"Bill Cosby performs in Bahamas amid rape allegations\" data-mpx-description-override=\"Despite multiple allegations of sexual assault, Bill Cosby took the stage to perform his comedy act. Another accuser has come forward, the fourth in recent weeks. NBC’s Gabe Gutierrez reports.\" data-meta-info=\"mpx-id | mpx-guid | mpx-description-override | mpx-title-override\"\u003e\u003c/data\u003e\u003c/p\u003e\u003cp\u003eBill Cosby said nothing about resurfaced sexual assault allegations against him during a performance Thursday night in the Bahamas, and by and large, that was just fine with his fans.\u003c/p\u003e\u003cp\u003eCosby, seated in a gray sweat suit with \"Hello Friend\" written across the shirt, never addressed the controversy swirling around him in a 90-minute benefit performance at the Atlantis Resort in Nassau in the Bahamas as part of his current tour — in keeping with his refusal to discuss the allegations in any forum.\u003c/p\u003e\u003cp\u003e\"I want to hear the truth,\" Wayne Scherr of Wagner, South Dakota, who attended the performance with his brother, told NBC News on Thursday night, but \"maybe the timing isn't right yet.\"\u003c/p\u003e\u003cp\u003e\"It's happened so quickly, I guess, and maybe with family members, too, he needs to go back and discuss it in detail with them and I think be apologetic to them first,\" Scherr said. Then, perhaps, \"he'll come out and tell the rest of us what's actually happened.\"\u003c/p\u003e\u003cp\u003e\"It's about his humor for me,\" said Scott McNeil, who was in the Bahamas from Ontario. \"I don't care about his personal life. I am here to enjoy what he does on stage. What he does behind closed doors is his business.\"\u003c/p\u003e\u003cp\u003eCosby, 77, hasn't been criminally charged. Earlier this week, his attorney dismissed allegations from model Janice Dickinson — who claims Cosby drugged and raped her in 1982 — as a \"complete lie.\"\u003c/p\u003e\u003cp\u003e\"Nothing's really changed, yet,\" Scherr said, \"I only know him as a really good comedian — he makes you laugh, and there's times, you know, he makes people cry.\"\u003c/p\u003e\u003cp\u003e\"Until it's proven, I don't want to judge the guy,\" said Scherr's brother, Kyle Scherr of Denver. \"From what I've heard, nothing's been proven. I mean, they're allegations.\"\u003c/p\u003e\u003cp\u003eWayne Scherr said he'd like to know the truth, because Cosby is \"considered a dad, and a dad is supposed to tell the truth. And if it did happen, be sorrowful about it, be apologetic and let us know. I guess there's forgiveness, and I think we would, as a society give that forgiveness.\"\u003c/p\u003e\u003cp\u003eIn the wake of the controversy, several projects associated with Cosby have been postponed or shelved — including appearances at the Desert Diamond Casino in Tucson, Arizona, and on \"Late Night With David Letterman.\" NBC said Wednesday it was pulling the plug on a sit-com it was developing with Cosby for next year.\u003c/p\u003e\u003cp\u003eBut the King Center for the Performing Arts in Melbourne, Florida, said in a statement that his sold-out show Friday night would go on as planned.\u003c/p\u003e\u003cp\u003eCalling Cosby \"a well-respected member of the entertainment community and one of America's most beloved performers,\" the center said, \"While we are aware of the allegations reported in the press, we are only in a position to judge him based on his career as an entertainer and humanitarian.\"\u003c/p\u003e\u003ch2\u003eIN-DEPTH\u003c/h2\u003e\u003cul\u003e\u003cli\u003e\u003cp\u003e\u003ca href=\"http://www.nbcnews.com/pop-culture/celebrity/florida-nurse-latest-woman-accuse-bill-cosby-forced-sex-n253111\"\u003eFlorida Nurse Latest Woman to Accuse Bill Cosby of Forced Sex\u003c/a\u003e\u003c/p\u003e\u003c/li\u003e\u003cli\u003e\u003ca href=\"http://www.nbcnews.com/pop-culture/pop-culture-news/bill-cosby-has-no-response-about-sexual-assault-allegations-n252396\"\u003eBill Cosby Has 'No Response' About Sexual Assault Allegations\u003c/a\u003e\u003c/li\u003e\u003cli\u003e\u003ca href=\"http://www.nbcnews.com/pop-culture/celebrity/nbc-pulls-plug-bill-cosby-comedy-tv-land-ends-reruns-n251876\"\u003eNBC Pulls Plug on Bill Cosby Comedy; TV Land Ends Reruns\u003c/a\u003e\u003c/li\u003e\u003c/ul\u003e\u003ch2\u003eSOCIAL\u003c/h2\u003e\u003cp\u003e\u003cimg src=\"http://newscms.nbcnews.com/sites/newscms/files/tweet_embed.png\" alt=\"desktop:\u0026lt;blockquote class=\\twitter-tweet\\ lang=\\en\\\u0026gt;\u0026lt;p\u0026gt;VIDEO: \u0026lt;a href=\\https://twitter.com/AP\\\u0026gt;@AP\u0026lt;/a\u0026gt;'s on-camera interview earlier this month of Bill Cosby's reaction to questions on sexual assault claims: \u0026lt;a href=\\http://t.co/U1LzfOEzDY\\\u0026gt;http://t.co/U1LzfOEzDY\u0026lt;/a\u0026gt;\u0026lt;/p\u0026gt;— The Associated Press (@AP) \u0026lt;a href=\\https://twitter.com/AP/status/535291173414658048\\\u0026gt;November 20 |  2014\u0026lt;/a\u0026gt;\u0026lt;/blockquote\u0026gt;\u0026lt;script async src=\\//platform.twitter.com/widgets.js\\ charset=\\utf-8\\\u0026gt;\u0026lt;/script\u0026gt;\" title=\"desktop:\u0026lt;blockquote class=\\twitter-tweet\\ lang=\\en\\\u0026gt;\u0026lt;p\u0026gt;VIDEO: \u0026lt;a href=\\https://twitter.com/AP\\\u0026gt;@AP\u0026lt;/a\u0026gt;'s on-camera interview earlier this month of Bill Cosby's reaction to questions on sexual assault claims: \u0026lt;a href=\\http://t.co/U1LzfOEzDY\\\u0026gt;http://t.co/U1LzfOEzDY\u0026lt;/a\u0026gt;\u0026lt;/p\u0026gt;— The Associated Press (@AP) \u0026lt;a href=\\https://twitter.com/AP/status/535291173414658048\\\u0026gt;November 20 |  2014\u0026lt;/a\u0026gt;\u0026lt;/blockquote\u0026gt;\u0026lt;script async src=\\//platform.twitter.com/widgets.js\\ charset=\\utf-8\\\u0026gt;\u0026lt;/script\u0026gt;\" class=\"news-widget\" id=\"widget_0\" data-widget-name=\"tweet_embed\" data-widget-id=\"5\" data-widget-image=\"http://newscms.nbcnews.com/sites/newscms/files/tweet_embed.png\" data-desktop=\"%3Cblockquote%20class=%22twitter-tweet%22%20lang=%22en%22%3E%3Cp%3EVIDEO:%20%3Ca%20href=%22https://twitter.com/AP%22%3E@AP%3C/a%3E's%20on-camera%20interview%20earlier%20this%20month%20of%20Bill%20Cosby's%20reaction%20to%20questions%20on%20sexual%20assault%20claims:%20%3Ca%20href=%22http://t.co/U1LzfOEzDY%22%3Ehttp://t.co/U1LzfOEzDY%3C/a%3E%3C/p%3E—%20The%20Associated%20Press%20(@AP)%20%3Ca%20href=%22https://twitter.com/AP/status/535291173414658048%22%3ENovember%2020,%202014%3C/a%3E%3C/blockquote%3E%3Cscript%20async%20src=%22//platform.twitter.com/widgets.js%22%20charset=%22utf-8%22%3E%3C/script%3E\" data-meta-info=\"desktop\"\u003e\u003c/p\u003e\u003cp\u003e\u003cem\u003eAlexis DeRosa contributed to this report. \u003c/em\u003e\u003c/p\u003e","cover_headline":"On Stage, Cosby Keeps Quiet About Sexual Assault Claims","cover_image":null,"curated_list":[],"editorial_notes":null,"external_link":null,"first_publication_date":"1416550388","hidden":0,"labels":[],"linked_sections":[],"linked_topics":[],"main_art":{"alt_text":"Image: Bill Cosby","byline":"Evan Vucci","caption":"Bill Cosby during an interview Nov. 6 in Washington. ","copyright":null,"crop_rect":"","fid":"771356","focus_rect":"0,868,3375,1442","height":"4096","source":"AP file","title":"Image: Bill Cosby","url":"141117-bill-cosby-jms-1604.jpg","width":"3375"},"native_ad":0,"nid":"253076","publication_date":"1416570722","revision_timestamp":1416689090,"search_enabled":1,"section":["79"],"show_on_cover":1,"slideshow":null,"source":[],"source_site_name":null,"sponsor_label":null,"storyline":["18271"],"summary":"Bill Cosby said nothing about sexual assault allegations against him during a show in the Bahamas, and by and large, that was fine with his fans.","tags":[],"tease_image":null,"title":"Bill Cosby, on Stage, Says Nothing About Assault Allegations","topic":["32"],"type":"news_entry","video_art_url":"http://media1.s-nbcnews.com/i/MSNBC/Components/Video/__NEW/2014-11-20T23-41-25-233Z--1280x720.jpg"},"externalId":"253076","externalSource":"NewsCMS","type":"news_entry"}