{"action":"save","entry":{"ads_enabled":1,"article_type":"video","brand":"NBC News","breaking_news":0,"breaking_news_alert":0,"breaking_news_alert_title":null,"breaking_news_headline":null,"byline_id":[],"comments_enabled":1,"content":null,"cover_headline":null,"cover_image":null,"curated_list":[],"editorial_notes":null,"external_link":null,"first_publication_date":"1416412447","hidden":0,"labels":[],"linked_sections":[],"linked_topics":["30","8"],"main_art":null,"mpx_description":"A 1914 watercolor attributed to a then-young artist named Adolph Hitler, is up for auction in Germany. The piece of one of about two thousand works Hitler finished between 1905-1920.","mpx_guid":"f_os_htilertpainting_141119","mpx_id":"360774723556","mpx_title":"Hitler Painted Landscapes","native_ad":0,"nid":"251696","publication_date":"1416412447","revision_timestamp":1416415968,"search_enabled":1,"section":["7"],"show_on_cover":1,"slideshow":null,"source":[],"source_site_name":null,"sponsor_label":null,"storyline":[],"summary":"A 1914 watercolor attributed to a then-young artist named Adolph Hitler, is up for auction in Germany. The piece of one of about two thousand works Hitler finished between 1905-1920.","tags":[],"tease_image":null,"title":"Hitler Painted Landscapes","topic":["47"],"type":"news_entry","video_art_url":"http://media2.s-nbcnews.com/i/MSNBC/Components/Video/__NEW/f_os_htilertpainting_141119.jpg","workbench_id":"56455351"},"externalId":"251696","externalSource":"NewsCMS","type":"news_entry"}