{"action":"save","entry":{"ads_enabled":1,"article_type":"video","brand":"NBC News","breaking_news":0,"breaking_news_alert":0,"breaking_news_alert_title":null,"breaking_news_headline":null,"byline_id":[],"comments_enabled":1,"content":null,"cover_headline":"Obama: I'd Be 'Derelict' in My Duties If I Didn't Improve Immigration System","cover_image":null,"curated_list":[],"editorial_notes":null,"external_link":null,"first_publication_date":"1416143477","hidden":0,"labels":[],"linked_sections":[],"linked_topics":["17746","53"],"main_art":null,"mpx_description":"President Obama talks about whether he would take executive action on immigration reform while speaking in Australia on Sunday.","mpx_guid":"f_dc_obamaimmig_141116","mpx_id":"359341123800","mpx_title":"Obama: I'd Be 'Derelict' in My Duties If I Didn't Improve Immigration System","native_ad":0,"nid":"249491","publication_date":"1416143477","revision_timestamp":1416580022,"search_enabled":1,"section":["64"],"show_on_cover":1,"slideshow":null,"source":[],"source_site_name":null,"sponsor_label":null,"storyline":["18266"],"summary":"President Obama talks about whether he would take executive action on immigration reform while speaking in Australia on Sunday.","tags":[],"tease_image":null,"title":"Obama: I'd Be 'Derelict' in My Duties If I Didn't Improve Immigration System","topic":["80"],"type":"news_entry","video_art_url":"http://media2.s-nbcnews.com/i/MSNBC/Components/Video/__NEW/f_dc_obamaimmig_141116.jpg","workbench_id":"56436508"},"externalId":"249491","externalSource":"NewsCMS","type":"news_entry"}