{"action":"save","entry":{"ads_enabled":1,"article_type":"video","brand":"Nightly News","breaking_news":0,"breaking_news_alert":0,"breaking_news_alert_title":null,"breaking_news_headline":null,"byline_id":["25581"],"comments_enabled":1,"content":null,"cover_headline":null,"cover_image":null,"curated_list":[],"editorial_notes":null,"external_link":null,"first_publication_date":"1416442943","hidden":0,"labels":[],"linked_sections":[],"linked_topics":["17746","37","17741","66","80"],"main_art":null,"mpx_description":"The executive action is expected to allow almost five million undocumented immigrants to stay in the U.S. including the parents of children born here.","mpx_guid":"nn_cja_immigration_141119","mpx_id":"360998467834","mpx_title":"Obama to Bypass Congress on Immigration with Executive Action","native_ad":0,"nid":"252151","publication_date":"1416442135","revision_timestamp":1416442943,"search_enabled":1,"section":["19"],"show_on_cover":0,"slideshow":null,"source":[],"source_site_name":null,"sponsor_label":null,"storyline":[],"summary":"The executive action is expected to allow almost five million undocumented immigrants to stay in the U.S. including the parents of children born here.","tags":[],"tease_image":null,"title":"Obama to Bypass Congress on Immigration with Executive Action","topic":[],"type":"news_entry","video_art_url":"http://media1.s-nbcnews.com/i/MSNBC/Components/Video/__NEW/2014-11-19T23-36-43-8Z--1280x720.jpg","workbench_id":null},"externalId":"252151","externalSource":"NewsCMS","type":"news_entry"}