{"action":"save","entry":{"ads_enabled":1,"article_type":"video","brand":"Live Video","breaking_news":0,"breaking_news_alert":0,"breaking_news_alert_title":null,"breaking_news_headline":null,"byline_id":[],"comments_enabled":1,"content":null,"cover_headline":"Watch Live: House Secret Service Oversight Hearing","cover_image":null,"curated_list":[],"editorial_notes":null,"external_link":null,"first_publication_date":"1416407429","hidden":0,"labels":[],"linked_sections":[],"linked_topics":["30"],"main_art":{"alt_text":"Image: US-POLITICS-SECURITY-WHITEHOUSE-INTRUDER","byline":"JIM WATSON","caption":"A US Secret Service Uniformed Division officer and his K-9 dog patrol the fence line of the White House in Washington, DC, October 23, 2014.  A suspect who climbed over the White House fence on October 22 was nabbed by Secret Service agents and dogs, a spokesman for the elite agency said. \"At approximately 7:16 pm (1116 GMT), an individual climbed the north fence line of the White House,\" the spokesman said. \"The individual was immediately taken into custody on the north lawn of the White House by Secret Service Uniformed Division K-9 teams and Uniformed Division Officers.\" The fence climber was identified as 23-year-old Dominic Adesanya from Marlyand, near the US capital, the spokesman said.   AFP PHOTO/JIM WATSONJIM WATSON/AFP/Getty Images","copyright":"2012 Brendan Smialowski","crop_rect":null,"fid":"774216","focus_rect":null,"height":"1080","source":"AFP - Getty Images","title":"Image: US-POLITICS-SECURITY-WHITEHOUSE-INTRUDER","url":"secserlive_141119.jpg","width":"1920"},"mpx_description":"The House Judiciary Committee holds a hearing on oversight of the United States Secret Service.  Acting Director Joseph Clancy testifies.","mpx_guid":"nbcnewslive_dc1","mpx_id":"322524227825","mpx_title":"Watch Live: House Secret Service Oversight Hearing","native_ad":0,"nid":"251566","publication_date":1416412663,"revision_timestamp":1416412663,"search_enabled":1,"section":["64"],"show_on_cover":1,"slideshow":null,"source":[],"source_site_name":null,"sponsor_label":null,"storyline":[],"summary":"The House Judiciary Committee holds a hearing on oversight of the United States Secret Service.  Acting Director Joseph Clancy testifies.","tags":[],"tease_image":null,"title":"Watch Live: House Secret Service Oversight Hearing","topic":["37"],"type":"news_entry","video_art_url":"http://media1.s-nbcnews.com/i/MSNBC/Components/Video/__NEW/DefaultImage_NBCNews_1920x1080__094069.jpg","workbench_id":null},"externalId":"251566","externalSource":"NewsCMS","type":"news_entry"}