{"action":"save","entry":{"ads_enabled":1,"article_type":"spread","breaking_news":0,"breaking_news_alert":0,"breaking_news_alert_title":null,"breaking_news_headline":null,"byline_id":["731"],"comments_enabled":1,"content":"\u003cp\u003eTwo outbreaks, two entirely different outcomes. The World Health Organization has \u003ca href=\"http://www.nbcnews.com/id/21101431/ns/health-infectious_diseases/t/congo-ebola-outbreak-might-soon-be-over/\"\u003edeclared an outbreak \u003c/a\u003eof Ebola over in the Democratic Republic of Congo after just 66 cases and 49 deaths. It lasted three months.\u003c/p\u003e\u003cp\u003eYet the epidemic in Liberia, Sierra Leone and Guinea’s been going for nine months, with more than 15,000 cases, 5,000 deaths and no end in sight.\u003c/p\u003e\u003cp\u003eWhat’s the difference? Experts say experience matters — it was the seventh outbreak in the former Zaire. But equally important is the fact that the village where it started was extremely remote, and the country has a rudimentary system of healthcare workers who know to look out for \u003ca href=\"http://www.nbcnews.com/storyline/ebola-virus-outbreak\"\u003eEbola\u003c/a\u003e.\u003c/p\u003e\u003cp\u003eThe latest outbreak started when a pregnant woman was preparing game her husband had brought home for the family in Ikanamongo, a village in northwestern Democratic Republic of Congo (DRC).\u003c/p\u003e\u003cblockquote class=\"pullquote\"\u003e\u003cp\u003e“Congolese people have been hearing about Ebola for years and years and years.\"\u003c/p\u003e\u003c/blockquote\u003e\u003cp\u003eAfter she died of an unknown illness, healthcare workers performed a cesarean section to remove her fetus. “It’s local custom — you can’t be buried with a fetus inside,” said Ben Monroe, a Centers for Disease Control and Prevention epidemiologist who’s worked in both the DRC and Liberia.\u003c/p\u003e\u003cp\u003e“All the health care workers involved fell ill.” Within a week of the unfortunate woman’s death on Aug. 11, there were 23 other cases and 13 of them had died.\u003c/p\u003e\u003cp\u003e“That raised a lot of alarm in the system. Someone in … the health authority there recognized what was going on,” said Monroe.\u003c/p\u003e\u003cp\u003e“Congolese people have been hearing about Ebola for years and years and years,” Monroe added. “They put a fair amount of effort into preparing for situations like this.”\u003c/p\u003e\u003cp\u003eNot too far away, the Ebola River flows. \u003ca href=\"http://www.nbcnews.com/storyline/ebola-virus-outbreak/ebola-co-discoverer-peter-piot-says-crisis-was-avoidable-n228371\"\u003eDr. Peter Piot\u003c/a\u003e, who discovered the Ebola virus in 1976, named it after this river.\u003c/p\u003e\u003cp\u003eIt also didn’t hurt that the CDC had been studying monkeypox in the same forests since 2010. “We go every year, and train health care workers on infection control and disease surveillance,” Monroe said. “There’s been a lot of public education in this particular region in addition to training health care workers.”\u003c/p\u003e\u003cp\u003e\u003cdata data-widget-name=\"mpx_video\" data-mpx-id=\"339987523886\" data-mpx-guid=\"x_lon_liberia_141010\" data-autoplay=\"0\" data-mpx-title-override=\"U.S. Marines and Supplies Arrive in Liberia to Fight Ebola\" data-mpx-description-override=\"Six military aircraft have delivered U.S. marines and equipment to Liberia. The air crew's body temperatures were checked by Liberian health workers.\" data-meta-info=\"mpx-id | mpx-guid | mpx-description-override | mpx-title-override\"\u003e\u003c/data\u003e\u003c/p\u003e\u003cp\u003eLocal health experts knew to quickly identify potential cases and isolate them. It doesn’t help the patients much — the death rate is still very high — but it keeps the virus from spreading. Isolation is also not difficult. The area’s very heavily forested and most people live along the rivers. There’s not much travel or trade.\u003c/p\u003e\u003cp\u003eCompare that to the area where Guinea, Liberia and Sierra Leone come together in West Africa. The current boundaries cross over ancient kingdoms, and people travel freely across the borders in trucks, by canoe, on motorcycles and on foot. There’s a lot of informal trade and commerce.\u003c/p\u003e\u003cp\u003eYears of civil war have left little infrastructure and even less trust in government, especially in Liberia.\u003c/p\u003e\u003cp\u003eEbola had never been seen there. When someone shows up with fever at a clinic, health workers usually assume it’s malaria, and if there are more severe symptoms they might suspect another viral hemorrhagic fever, Lassa fever, or yellow fever. Ebola didn't enter anyone’s minds for months as the virus was carried across borders and finally into crowded cities like Monrovia.\u003c/p\u003e\u003cp\u003eMalaria isn’t contagious from person to person. It’s spread by mosquitoes. So is yellow fever. Lassa is spread by rodents but can spread person to person, though it’s not as deadly as Ebola. And when people die of these diseases, their bodies are not hotspots of infection, the way an Ebola victim’s body is. So West Africans were completely unafraid of handling dead bodies.\u003c/p\u003e\u003cp\u003eThey were totally unprepared for Ebola.\u003c/p\u003e\u003cp\u003eUnited Nations, World Bank and World Health Organization officials met in Washington D.C. Friday and warned that the West African epidemic is \u003ca href=\"http://www.nbcnews.com/storyline/ebola-virus-outbreak/ebola-epidemic-not-even-close-over-un-officials-say-n253661\"\u003efar from over.\u003c/a\u003e Volunteers from around the word have been educating local residents about Ebola, about the need to quickly isolate people with potential symptoms so they don’t infect anyone else and about ways to safely bury someone who’s died of Ebola.\u003c/p\u003e\u003cblockquote class=\"pullquote\"\u003e\u003cp\u003e“It can happen anywhere. So long as we have these weak public health systems and the world is not investing in them, this kind of thing can occur.”\u003c/p\u003e\u003c/blockquote\u003e\u003cp\u003eIronically, many of the DRC’s Ebola experts were not even on hand for the recent outbreak there. “They were in Guinea,” Monroe said. “The DRC actually exports their Ebola expertise to other countries.”\u003c/p\u003e\u003cp\u003eSo long as the epidemic continues, the whole world risks seeing at least some Ebola cases.\u003c/p\u003e\u003cp\u003eThere have been 10 in the U.S., four diagnosed in the U.S. and the rest transported for treatment, with two deaths.\u003c/p\u003e\u003cp\u003e\u003ca href=\"http://www.nbcnews.com/storyline/ebola-virus-outbreak/new-ebola-case-mali-confirmed-two-more-suspected-n254126\"\u003eMali \u003c/a\u003eis fighting off an outbreak that started when a religious leader crossed the border from Guinea with what health workers didn’t recognize was Ebola. Five other people became infected and died and experts are now tracking close to 500 people who either treated him, were at two funeral ceremonies in Mali and Guinea, or were in contact with one of the other victims.\u003c/p\u003e\u003cp\u003eIn \u003ca href=\"http://www.nbcnews.com/storyline/ebola-virus-outbreak/who-declares-nigeria-ebola-free-after-42-days-no-cases-n229536\"\u003eNigeria\u003c/a\u003e, authorities stopped an outbreak with contact tracing and isolation.\u003c/p\u003e\u003cp\u003eGenetic testing makes clear the West African outbreak started locally — probably when someone hunted and slaughtered an infected animal. So the virus is in the forest and could pop up again.\u003c/p\u003e\u003cp\u003eThis is why it’s \u003ca href=\"http://www.nbcnews.com/storyline/ebola-virus-outbreak/bases-covered-u-s-africa-need-ebola-ready-hospitals-experts-n251296\"\u003eworth building up health systems\u003c/a\u003e everywhere, say experts from WHO, the CDC and other agencies.\u003c/p\u003e\u003cp\u003e“Anywhere you have marginalized populations that rely on wildlife, this kind of stuff happens,” Monroe said. “It can happen anywhere. So long as we have these weak public health systems and the world is not investing in them, this kind of thing can occur.”\u003c/p\u003e","cover_headline":"A Tale of Two Outbreaks: Why Congo Conquered Ebola","cover_image":null,"curated_list":[],"editorial_notes":null,"external_link":null,"first_publication_date":"1416842219","hidden":0,"labels":[],"linked_sections":[],"linked_topics":[],"main_art":{"alt_text":"Image: Health worker brings a woman suspected of having contracted the Ebola virus to an ambulance in Monrovia","byline":"STRINGER","caption":"A health worker brings a woman suspected of having contracted the Ebola virus to an ambulance in Monrovia, Liberia, September 15, 2014. Airlines have halted many flights into and around West Africa, where governments have closed some borders and imposed travel restrictions in a bid to fight an Ebola outbreak that has killed over 2,400 people. REUTERS/James Giahyue (LIBERIA - Tags: HEALTH DISASTER)","copyright":null,"crop_rect":"","fid":"668986","focus_rect":"565,420,2581,1267","height":"2333","source":"Reuters","title":"Image: Health worker brings a woman suspected of having contracted the Ebola virus to an ambulance in Monrovia","url":"ebola-ejo-91614.jpg","width":"3500"},"native_ad":0,"nid":"253911","publication_date":1416842330,"revision_timestamp":1416842330,"search_enabled":1,"section":["65"],"show_on_cover":1,"slideshow":null,"source":[],"source_site_name":null,"sponsor_label":null,"storyline":["17856"],"summary":"How did Congo get away with a short Ebola outbreak while West Africa faces months of an epidemic? Experience matters, one expert says.","tags":[],"tease_image":null,"title":"A Tale of Two Outbreaks: Why Congo Conquered Ebola","topic":["62"],"type":"news_entry","video_art_url":null},"externalId":"253911","externalSource":"NewsCMS","type":"news_entry"}