{"action":"save","entry":{"ads_enabled":1,"article_type":"post","breaking_news":0,"breaking_news_alert":0,"breaking_news_alert_title":null,"breaking_news_headline":null,"byline_id":["3106"],"comments_enabled":1,"content":"\u003cp\u003ePolice in Boston arrested a man who allegedly stripped naked inside a ladies restroom at Logan International Airport, climbed into a drop ceiling, crashed through that ceiling and then seriously assaulted an 84-year-old man, state police said. A motive for the bizarre rampage is unclear.\u003c/p\u003e\u003cp\u003ePolice said Cameron Shenk, 26, is charged with attempted murder, mayhem, assault and battery on a person over 60, assault on a police officer, committing a lewd and lascivious act and destruction of property in the 11:58 a.m. incident at Logan’s Terminal C Saturday. The 84-year-old victim was seriously injured but expected to survive, police said. A Massachusetts state police trooper was injured during a struggle during Shenk’s arrest.\u003c/p\u003e\u003cp\u003eShenk was taken to Massachusetts General Hospital and will then be booked.\u003c/p\u003e\u003ch2\u003eSOCIAL\u003c/h2\u003e\u003cp\u003e\u003cimg src=\"http://newscms.nbcnews.com/sites/newscms/files/tweet_embed.png\" alt=\"desktop:\u0026lt;blockquote class=\\twitter-tweet\\ lang=\\en\\\u0026gt;\u0026lt;p\u0026gt;State Police Arrest Two Suspects In Two Separate Incidents At Logan: \u0026lt;a href=\\http://t.co/LviC1O7kEv\\\u0026gt;http://t.co/LviC1O7kEv\u0026lt;/a\u0026gt; via \u0026lt;a href=\\https://twitter.com/MassStatePolice\\\u0026gt;@MassStatePolice\u0026lt;/a\u0026gt;\u0026lt;/p\u0026gt;— Daniel Richard (@DGR2564) \u0026lt;a href=\\https://twitter.com/DGR2564/status/536255355861233664\\\u0026gt;November 22 |  2014\u0026lt;/a\u0026gt;\u0026lt;/blockquote\u0026gt; \u0026lt;script async src=\\//platform.twitter.com/widgets.js\\ charset=\\utf-8\\\u0026gt;\u0026lt;/script\u0026gt;\" title=\"desktop:\u0026lt;blockquote class=\\twitter-tweet\\ lang=\\en\\\u0026gt;\u0026lt;p\u0026gt;State Police Arrest Two Suspects In Two Separate Incidents At Logan: \u0026lt;a href=\\http://t.co/LviC1O7kEv\\\u0026gt;http://t.co/LviC1O7kEv\u0026lt;/a\u0026gt; via \u0026lt;a href=\\https://twitter.com/MassStatePolice\\\u0026gt;@MassStatePolice\u0026lt;/a\u0026gt;\u0026lt;/p\u0026gt;— Daniel Richard (@DGR2564) \u0026lt;a href=\\https://twitter.com/DGR2564/status/536255355861233664\\\u0026gt;November 22 |  2014\u0026lt;/a\u0026gt;\u0026lt;/blockquote\u0026gt; \u0026lt;script async src=\\//platform.twitter.com/widgets.js\\ charset=\\utf-8\\\u0026gt;\u0026lt;/script\u0026gt;\" class=\"news-widget\" id=\"widget_0\" data-widget-name=\"tweet_embed\" data-widget-id=\"5\" data-widget-image=\"http://newscms.nbcnews.com/sites/newscms/files/tweet_embed.png\" data-desktop=\"%3Cblockquote%20class=%22twitter-tweet%22%20lang=%22en%22%3E%3Cp%3EState%20Police%20Arrest%20Two%20Suspects%20In%20Two%20Separate%20Incidents%20At%20Logan:%20%3Ca%20href=%22http://t.co/LviC1O7kEv%22%3Ehttp://t.co/LviC1O7kEv%3C/a%3E%20via%20%3Ca%20href=%22https://twitter.com/MassStatePolice%22%3E@MassStatePolice%3C/a%3E%3C/p%3E—%20Daniel%20Richard%20(@DGR2564)%20%3Ca%20href=%22https://twitter.com/DGR2564/status/536255355861233664%22%3ENovember%2022,%202014%3C/a%3E%3C/blockquote%3E%20%3Cscript%20async%20src=%22//platform.twitter.com/widgets.js%22%20charset=%22utf-8%22%3E%3C/script%3E\" data-meta-info=\"desktop\"\u003e\u003c/p\u003e","cover_headline":"Man Arrested in Naked Rampage at Boston Airport","cover_image":null,"curated_list":[],"editorial_notes":null,"external_link":null,"first_publication_date":"1416692233","hidden":0,"labels":[],"linked_sections":[],"linked_topics":["71"],"main_art":null,"native_ad":0,"nid":"254186","publication_date":1416692233,"revision_timestamp":1416692402,"search_enabled":1,"section":["7"],"show_on_cover":1,"slideshow":null,"source":[],"source_site_name":null,"sponsor_label":null,"storyline":[],"summary":"Police said a man stripped naked in a ladies restroom, climbed into a drop ceiling, crashed through that ceiling, then attacked an 84-year-old man.","tags":[],"tease_image":null,"title":"Man Arrested in Bizarre Naked Rampage at Boston Airport","topic":["66"],"type":"news_entry","video_art_url":null},"externalId":"254186","externalSource":"NewsCMS","type":"news_entry"}