{"action":"save","entry":{"ads_enabled":1,"article_type":"video","brand":"Meet the Press","breaking_news":0,"breaking_news_alert":0,"breaking_news_alert_title":null,"breaking_news_headline":null,"byline_id":[],"comments_enabled":1,"content":null,"cover_headline":null,"cover_image":null,"curated_list":[],"editorial_notes":null,"external_link":null,"first_publication_date":"1416416498","hidden":0,"labels":[],"linked_sections":["40"],"linked_topics":[],"main_art":null,"mpx_description":"Chuck Todd talks immigration with Indiana Governor, and potential GOP 2016 candidate, Mike Pence at the Republican Governors Association annual conference in Florida.","mpx_guid":"x_dc_mtp_penceimmigration_20141119","mpx_id":"360807491814","mpx_title":"Pence on Immigration: Congress Should Block President with 'Power of Purse'","native_ad":0,"nid":"251771","publication_date":1416416497,"revision_timestamp":1416416498,"search_enabled":1,"section":["17401"],"show_on_cover":0,"slideshow":null,"source":[],"source_site_name":null,"sponsor_label":null,"storyline":[],"summary":"Chuck Todd talks immigration with Indiana Governor, and potential GOP 2016 candidate, Mike Pence at the Republican Governors Association annual conference in Florida.","tags":[],"tease_image":null,"title":"Pence on Immigration: Congress Should Block President with 'Power of Purse'","topic":[],"type":"news_entry","video_art_url":"http://media2.s-nbcnews.com/i/MSNBC/Components/Video/__NEW/x_dc_mtp_penceimmigration_20141119.jpg","workbench_id":"56455979"},"externalId":"251771","externalSource":"NewsCMS","type":"news_entry"}