{"action":"save","entry":{"ads_enabled":1,"article_type":"video","brand":"NBC News Channel","breaking_news":0,"breaking_news_alert":0,"breaking_news_alert_title":null,"breaking_news_headline":null,"byline_id":[],"comments_enabled":1,"content":null,"cover_headline":null,"cover_image":null,"curated_list":[],"editorial_notes":null,"external_link":null,"first_publication_date":"1416423977","hidden":0,"labels":[],"linked_sections":[],"linked_topics":["66","30","8"],"main_art":null,"mpx_description":"The Colorado relatives of Rabbi slain in the Jerusalem synagogue attack say he was a \"gentle man\" who was there that day to help someone. KUSA's Steve Staeger reports.","mpx_guid":"nc_familymour_141119","mpx_id":"360793155769","mpx_title":"Family Mourns Rabbi's Murder in Israel","native_ad":0,"nid":"251891","publication_date":1416423977,"revision_timestamp":1416423978,"search_enabled":1,"section":["7"],"show_on_cover":1,"slideshow":null,"source":[],"source_site_name":null,"sponsor_label":null,"storyline":["17836"],"summary":"The Colorado relatives of Rabbi slain in the Jerusalem synagogue attack say he was a \"gentle man\" who was there that day to help someone. KUSA's Steve Staeger reports.","tags":[],"tease_image":null,"title":"Family Mourns Rabbi's Murder in Israel","topic":["26"],"type":"news_entry","video_art_url":"http://media2.s-nbcnews.com/i/MSNBC/Components/Video/__NEW/_News%20Channel/nc_familymourns_141119.jpg","workbench_id":"56455759"},"externalId":"251891","externalSource":"NewsCMS","type":"news_entry"}