{"action":"save","entry":{"ads_enabled":1,"article_type":"video","brand":"NBC News","breaking_news":0,"breaking_news_alert":0,"breaking_news_alert_title":null,"breaking_news_headline":null,"byline_id":[],"comments_enabled":1,"content":null,"cover_headline":"Watch Drone Footage of Snow-Covered NY Suburb","cover_image":null,"curated_list":[],"editorial_notes":null,"external_link":null,"first_publication_date":"1416430606","hidden":0,"labels":[],"linked_sections":[],"linked_topics":[],"main_art":{"alt_text":null,"byline":null,"caption":null,"copyright":null,"crop_rect":"","fid":"775546","focus_rect":"300,119,1569,955","height":"1080","source":null,"title":null,"url":"f_snow_drone_141119.jpg","width":"1920"},"mpx_description":"Drone video shot by Jim Grimaldi of West Seneca, N.Y., shows the wake of the epic snowstorm that struck near Buffalo.","mpx_guid":"f_snow_drone_141119","mpx_id":"360910915714","mpx_title":"Drone Captures Aerial View of Snow-Covered Buffalo Burbs","native_ad":0,"nid":"251956","publication_date":"1416430606","revision_timestamp":1416437402,"search_enabled":1,"section":["7"],"show_on_cover":0,"slideshow":null,"source":[],"source_site_name":null,"sponsor_label":null,"storyline":[],"summary":"Drone video shot by Jim Grimaldi of West Seneca, N.Y., shows the wake of the epic snowstorm that struck near Buffalo.","tags":[],"tease_image":null,"title":"Drone Captures Aerial View of Snow-Covered Buffalo Burbs","topic":["28"],"type":"news_entry","video_art_url":"http://media2.s-nbcnews.com/i/MSNBC/Components/Video/__NEW/f_snow_drone_141119.jpg","workbench_id":"56457538"},"externalId":"251956","externalSource":"NewsCMS","type":"news_entry"}