{"action":"save","entry":{"ads_enabled":1,"article_type":"slideshow","breaking_news":0,"breaking_news_alert":0,"breaking_news_alert_title":null,"breaking_news_headline":null,"byline_id":[],"comments_enabled":1,"content":null,"cover_headline":"Demonstrators React to Michael Brown Shooting Decision","cover_image":null,"curated_list":[],"editorial_notes":null,"external_link":null,"first_publication_date":"1416887861","hidden":0,"labels":[],"linked_sections":[],"linked_topics":["67","66"],"main_art":{"alt_text":"Image: Ferguson Grand Jury decision in Michael Brown shooting","byline":"LARRY W. SMITH","caption":"A woman treats her face for possible tear gas exposure in Ferguson Mo., on Nov. 24.","copyright":null,"crop_rect":"","fid":"781941","focus_rect":"424,0,1861,1874","height":"1933","source":null,"title":"Image: Ferguson Grand Jury decision in Michael Brown shooting","url":"141125-ferguson-reacts-0112.jpg","width":"2500"},"native_ad":0,"nid":"255481","publication_date":1416896224,"revision_timestamp":1416896281,"search_enabled":1,"section":["7"],"show_on_cover":1,"slideshow":"56492892","source":[],"source_site_name":null,"sponsor_label":null,"storyline":["17876"],"summary":"Demonstrators react after a grand jury chose not to indict Darren Wilson, the police officer who shot and killed Michael Brown, in Ferguson, Missouri.","tags":[],"tease_image":null,"title":"Ferguson Demonstrators React to Michael Brown Grand Jury Decision","topic":["66"],"type":"news_entry","video_art_url":null},"externalId":"255481","externalSource":"NewsCMS","type":"news_entry"}