{"action":"save","entry":{"ads_enabled":1,"article_type":"spread","breaking_news":0,"breaking_news_alert":0,"breaking_news_alert_title":null,"breaking_news_headline":null,"byline_id":["253721"],"comments_enabled":1,"content":"\u003cp\u003eIt's been 14 years, but the memory still haunts my sleep.\u003c/p\u003e\u003cp\u003e\"Please take care of my little girl,\" my mother cries to the smuggler carrying one of my baby sisters across the Rio Grande. \"Mama, Mama please don't leave me,\" I hear her cry.\u003c/p\u003e\u003cp\u003eIt was the year 2000. I was only 7 years old when I was brought to America on my father's shoulders. I was only 7 years old when I witnessed the most impactful act of love as my parents risked our lives to get us to the land of dreams, to America. It has been 14 years, yet I still remember like it was yesterday, my mother's trembling hand as she held on to my father, the fear in her eyes as she carried my other sister in her arms. It is burnt deeply into my memories.\u003c/p\u003e\u003cp\u003eFor my parents, it was all or nothing. Separating our family was never a choice. They could not fathom sending us to America alone, or worse, leaving us behind in Mexico. This decision resulted in a chain reaction of struggles for our family. But the land of dreams, to them, was absolutely worth every sacrifice.\u003c/p\u003e\u003cp\u003eAt the time, I was the oldest of my sisters, yet I was too little to understand the significance of the gargantuan move. It was not until I was thrown into a world in English when I started elementary school that the change hit me like a bucket of ice water to the face.\u003c/p\u003e\u003cblockquote class=\"pullquote\"\u003e\u003cp\u003e\"In the shadows or not, America became home. The Pledge of Allegiance and the Star Spangled Banner became the hymns of my soul and my existence. Red, white, and blue were my colors.\"\u003c/p\u003e\u003c/blockquote\u003e\u003cp\u003eAlthough not easy, I picked up the new language and before long English competed with my Spanish. Little by little, memories of the country where I was born faded as new ones from the country raising me moved in.\u003c/p\u003e\u003cp\u003eIn the shadows or not, America became home. Soon I became entwined in the fine threads of the American culture. The Pledge of Allegiance and the Star Spangled Banner became the hymns of my soul and my existence. Red, white, and blue were my colors. I did more than my best in school and made college my ultimate dream.\u003c/p\u003e\u003cp\u003eFor many years, I believed I was just like the other kids. I, like my friends and classmates, was an American. Unfortunately, that illusion collapsed before my eyes when college application time came around my junior year in high school. For the first time, I asked my parents for my Social Security number. \u003cem\u003eDéjalo libre\u003c/em\u003e, leave it blank, they told me. Quickly, I realized what not having a Social Security number meant: no college applications, no financial aid, no ID, no driver's license. \u003cem\u003eNada\u003c/em\u003e.\u003c/p\u003e\u003cp\u003eThe world \"illegal\" had never read so real or mean.The darkness of the shadows looked darker than ever. I wanted the light. I cried for the light every night. But no tears could change the fact that I was undocumented, that I was an \"illegal.\"\u003c/p\u003e\u003cp\u003eI now realized why my parents earned the little they earned all along and why my father worked long hours in the sun mowing lawns and trimming people's gardens for such little pay. Now I realized why we spent Sunday after Sunday, rain or shine, selling trinkets at local flea markets to boost our income.\u003c/p\u003e\u003cp\u003eI understood why my father had looked so pained every time I suggested jobs for him to apply to; it's not that he didn't want to, it's that he couldn't. To earn a living the right way, he and my mother had to work in the only jobs they could. Our family's unlawful status became my deep dark secret and one that consumed me for many months after. \u003cem\u003eLa Migra - \u003c/em\u003eBorder Patrol - became my biggest nightmare. Every day I feared coming home from school to find my parents gone.\u003c/p\u003e\u003cp\u003eDespite fearing I would never live my dream of going to college, I got accepted into the University of Texas-Pan American in 2012 and received scholarships for my academic merits. Thanks to President Barack Obama's \u003ca href=\"http://www.dhs.gov/deferred-action-childhood-arrivals\"\u003eDeferred Action for Childhood Arrivals\u003c/a\u003e (DACA), I was able to obtain a work authorization permit and ID to get a job. I got one, with fair hours and normal pay. I was able to obtain proper identification and a driver's license. I was able to travel past the imprisoning check point in Falfurrias and experienced life beyond the Rio Grande Valley. I was able to step out of the shadows and into the light for the first time. But my parents, whose sacrifices led to my liberation, remained in the dark.\u003c/p\u003e\u003cp\u003eIt has been two years since I first obtained my DACA and I recently went through the process of renewing it. It's amazing how in these two years my life has completely changed. Today, my career as a journalist is just beginning to bloom. I went from Mexico, to South Texas, to Washington, D.C., where I'm doing a fellowship and interning at NBC.\u003c/p\u003e\u003cp\u003eI am a semester away from graduating with a bachelor's degree and soon I'll pursue a graduate education. My life has changed for the better, and in turn I know I have helped changed my family's future. Yet in the back of my mind, it has always killed me to think that my parents' lives will remain the same because a long-awaited immigration reform has not yet come.\u003c/p\u003e\u003cp\u003eThat changed Thursday night. After 14 years of struggling in the shadows, my parents - whose younger children were born in the U.S. - will finally have a chance to step into the light thanks to the executive actions President Obama announced.\u003c/p\u003e\u003cblockquote class=\"pullquote\"\u003e\u003cp\u003e\"I had a dream that my family could live the American dream in the light, and together, give back to the country that’s given us so much. Fourteen years after waiting - those dreams became a reality.\"\u003c/p\u003e\u003c/blockquote\u003e\u003cp\u003eFor the first in a long time, my father will be able to get a real job and perhaps pursue the higher education he has always dreamed of. For the first time in a long time, my family will no longer live in fear of being separated at any moment.\u003c/p\u003e\u003cp\u003eFor many years, I had a dream that one day my siblings and I would not live with the fear of coming home to find our parents gone and our family fall apart.\u003c/p\u003e\u003cp\u003eI had a dream that one day my family could feel safe and secure in the presence of law enforcement instead of feeling threatened by men in uniform.\u003c/p\u003e\u003cp\u003eI had a dream that my family could live the American dream in the light, and together, give back to the country that’s given us so much.\u003c/p\u003e\u003cp\u003eFourteen years after waiting and believing in the greatness of America, thanks to President Obama and all those who listened to our shadowed cries, those dreams will soon become a reality.\u003c/p\u003e\u003cp\u003eGracias, President Obama.\u003c/p\u003e\u003cp\u003e\u003c/p\u003e\u003cp\u003e\u003c/p\u003e\u003cp\u003e\u003c/p\u003e\u003cp\u003e\u003c/p\u003e","cover_headline":"Voices: Our Immigration Journey Out of the Shadows ","cover_image":{"alt_text":"Claudia Victoria Lemus","byline":null,"caption":"Claudia Victoria Lemus, a University of Texas student who is interning at NBC News Washington.","copyright":null,"crop_rect":"","fid":"778836","focus_rect":"411,84,1863,692","height":"1917","source":"Courtesy of Claudia Victoria Lemus","title":"Claudia Victoria Lemus","url":"141121-claudia-lemus-kns-1230.jpg","width":"2500"},"curated_list":[],"editorial_notes":null,"external_link":null,"first_publication_date":"1416759434","hidden":0,"labels":[],"linked_sections":[],"linked_topics":[],"main_art":{"alt_text":"Claudia Victoria Lemus","byline":null,"caption":"Claudia Victoria Lemus, a University of Texas student, is interning at NBC News Washington.","copyright":null,"crop_rect":"","fid":"778836","focus_rect":"411,84,1863,692","height":"1917","source":"Courtesy of Claudia Victoria Lemus","title":"Claudia Victoria Lemus","url":"141121-claudia-lemus-kns-1230.jpg","width":"2500"},"native_ad":0,"nid":"253461","publication_date":"1416584666","revision_timestamp":1416821580,"search_enabled":1,"section":["7"],"show_on_cover":0,"slideshow":null,"source":[],"source_site_name":null,"sponsor_label":null,"storyline":[],"summary":"It has been 14 years since we got to the U.S. The memory still haunts my sleep. This week, our lives were changed.        ","tags":[],"tease_image":null,"title":"Voices: Our Immigration Journey Out of the Shadows ","topic":["53"],"type":"news_entry","video_art_url":null},"externalId":"253461","externalSource":"NewsCMS","type":"news_entry"}