{"action":"save","entry":{"ads_enabled":1,"article_type":"spread","breaking_news":0,"breaking_news_alert":0,"breaking_news_alert_title":null,"breaking_news_headline":null,"byline_id":["3476"],"comments_enabled":1,"content":"\u003cp\u003eBOGOTA, Colombia — The peaks of the Andes broke through the mist and clouds as a Blackhawk helicopter carried the Colombian national police toward a remote, rugged area often patrolled by insurgent guerrillas.\u003c/p\u003e\u003cp\u003eThe mission: Visit a colorful poppy field on a steep mountainside about 300 miles south of Bogota — the place where much of the white heroin flooding American cities along the Eastern Seaboard originates.\u003c/p\u003e\u003cp\u003eAs the chopper approached the landing zone on a grassy mountaintop, Colombian police in military-style uniforms before waved it into position. Peasant farmers, some with faces covered, watched suspiciously.\u003c/p\u003e\u003cp\u003e\u003cstrong\u003eWatch Mark Potter's full piece on NBC Nightly News on Sunday at 6:30 p.m. ET\u003c/strong\u003e\u003c/p\u003e\u003cp\u003eColombian police and officials from the U.S. Drug Enforcement Administration, along with a crew from NBC News that they had invited along, climbed out of the helicopter and made their way down a rough, muddy trail, huffing and puffing in thin air.\u003c/p\u003e\u003cp\u003eAround the corner was a stunning sight — a four-acre field of multi-colored poppies awaiting processing early next year, enough to make about a kilogram of heroin bound for the United States.\u003c/p\u003e\u003cp\u003e“This is ground zero for heroin production in Colombia,” said Jay Bergman, the DEA’s Andean regional director.\u003c/p\u003e\u003cp\u003e\u003cimg src=\"772401\" data-field-file-image-alt-text=\"Image%3A+Columbia+National+Policeman\" data-field-file-image-title-text=\"Image%3A+Columbia+National+Policeman\" data-field-caption=\"A+Colombian+policeman+shows+where+farmers+are+illegally+growing+heroin.\" data-field-byline=\"Mark+Potter%2FNBC+News\" data-field-source=\"\" data-field-copyright=\"\" data-field-file-created=\"1416323581\" data-field-half-size-image=\"0\" /\u003e\u003c/p\u003e\u003cp\u003eThe poppies are grown in terraced fields on mountainsides and are often hidden in such remote areas that they are extremely hard to find.\u003c/p\u003e\u003cp\u003e“If there’s anything to protect these plots more than anything else, it’s geography,” Bergman said.\u003c/p\u003e\u003cp\u003eOnce the poppy plants mature, the bulbs are scored, or sliced, carefully to extract the milky substance known as “latex.” It is collected plant by plant in a laborious process, and taken to a clandestine homemade lab for processing into heroin.\u003c/p\u003e\u003cp\u003eFederal authorities say Colombian heroin is smuggled into the United States either through Central America or Mexico, or by air and maritime routes in the Caribbean Sea and the Atlantic.\u003c/p\u003e\u003ch2\u003eThe Maryland connection\u003c/h2\u003e\u003cp\u003eThe NBC News crew was accompanied by three police chiefs and a sheriff from Maryland — a state with a long history of heroin abuse that has been hit even harder by the recent heroin surge plaguing the Atlantic coast and much of the United States.\u003c/p\u003e\u003cp\u003eThe Maryland law enforcement officials wanted to see with their own eyes the starting point for most of the heroin on their streets. To them, the poppy field represents an ominous threat.\u003c/p\u003e\u003cp\u003e“Those beautiful flowers of Colombia absolutely wreak havoc on Maryland’s Eastern Shore,” said Sheriff Michael Lewis, of Wicomico County. “They’ve destroyed and decimated families all up and down the East Coast.”\u003c/p\u003e\u003cp\u003eWhile the heroin used in most of the United States is processed in Mexico, the historical source for heroin along the U.S. East Coast has been Colombia.\u003c/p\u003e\u003cp\u003eIn and around Baltimore, heroin is so prevalent now that purity levels for the illegal drug have skyrocketed and prices have fallen by more than half.\u003c/p\u003e\u003cblockquote class=\"pullquote\"\u003e\u003cp\u003e“Those beautiful flowers of Colombia absolutely wreak havoc ... They’ve destroyed and decimated families all up and down the East Coast.”\u003c/p\u003e\u003c/blockquote\u003e\u003cp\u003e“Fifteen years ago, purity levels were between 3 and 5 percent, with 5 percent on the high side,” said Gary Tuggle, assistant special agent in charge of the DEA’s Baltimore district office. “(Now) we’re seeing purity levels about 80 percent, and that’s scary.”\u003c/p\u003e\u003cp\u003eThe price for a kilogram of heroin, he said, has dropped from about $160,000 to $65,000 during the same time period, and the average street dosage costs $10 to $15.\u003c/p\u003e\u003cp\u003eIn Baltimore, NBC News saw numerous street-corner drug deals being conducted, one of them in the parking lot of a drug rehabilitation center.\u003c/p\u003e\u003cp\u003e\u003cimg src=\"772381\" data-field-file-image-alt-text=\"Image%3A+Columbia+National+Police+Helicopter\" data-field-file-image-title-text=\"Image%3A+Columbia+National+Police+Helicopter\" data-field-caption=\"The+Colombian+National+Police+helicopter+delivers+Maryland+authorities+and+DEA+agents+to+the+mountain+top+near+the+poppy+field+we+visited.\" data-field-byline=\"Mark+Potter%2FNBC+News\" data-field-source=\"\" data-field-copyright=\"\" data-field-file-created=\"1416323581\" data-field-half-size-image=\"0\" /\u003e\u003c/p\u003e\u003cp\u003eTuggle said a crew of heroin dealers often involves four people — a lookout to watch for police, a runner to get the drugs, a “touter” to serve them and a money person to collect from the customer.\u003c/p\u003e\u003cp\u003eA two-hour drive away, in Salisbury, Maryland, Sheriff Michael Lewis said that in the last three to four years, “we (have seen) an increase of probably 500 to 600 percent of heroin addiction in our country.”\u003c/p\u003e\u003cp\u003eAlmost all of that heroin, Lewis said, is of Colombian origin.\u003c/p\u003e\u003ch2\u003eAn increase in supply\u003c/h2\u003e\u003cp\u003eThe Colombian authorities and U.S. drug agents work together to try to disrupt the heroin distribution networks.\u003c/p\u003e\u003cp\u003eAccording to DEA statistics, the Colombian national police and the Colombian military destroyed 1,270 acres of poppy fields in 2013. So far this year, they have destroyed almost 2,000 acres.\u003c/p\u003e\u003cp\u003e“They are heroes,\" said Bergman, the DEA director. \"They should have a Macy’s Day parade for the Colombian national police and the things they do for the United States.”\u003c/p\u003e\u003cblockquote class=\"pullquote\"\u003e\u003cp\u003e“Every time we lock up four or five (heroin dealers) there are another 40 or 50 to take their place.”\u003c/p\u003e\u003c/blockquote\u003e\u003cp\u003eBut agents admitted there are still Colombian fields hidden so well they will never be found. Another threat to the United States: Mexican heroin production is believed to be expanding rapidly, with smugglers bringing record amounts of the illegal drug across the U.S. southwest border in trucks, cars and backpacks.\u003c/p\u003e\u003cp\u003eA new complication, agents said, is that criminal Mexican chemists are now creating a style of heroin similar to that produced in Colombia, making it harder for agents and police to pinpoint the source of the heroin on their streets.\u003c/p\u003e\u003cp\u003eThe Maryland authorities who traveled to the Colombian poppy fields said they see no sign of any slowdown in U.S. heroin trafficking.\u003c/p\u003e\u003cp\u003e“Every time we lock up four or five (heroin dealers) there are another 40 or 50 to take their place,” said Lewis. “It’s epidemic proportions right now. We can’t even get a grasp.”\u003c/p\u003e","cover_headline":"'Ground Zero': Tracking Heroin From Colombia to America's Streets","cover_image":{"alt_text":"Image: Columbia National Policeman","byline":null,"caption":"A Colombian policeman shows where farmers are illegally growing heroin.","copyright":null,"crop_rect":"","fid":"772401","focus_rect":"24,191,2473,1226","height":"1875","source":null,"title":null,"url":"141118-columbia-heroin-police-arp-1007a.jpg","width":"2500"},"curated_list":[],"editorial_notes":null,"external_link":null,"first_publication_date":"1416776351","hidden":0,"labels":[],"linked_sections":[],"linked_topics":[],"main_art":{"alt_text":"Image: Heroin Poppy","byline":null,"caption":"Another closeup of a heroin poppy flower in bloom.","copyright":null,"crop_rect":"","fid":"772406","focus_rect":"17,463,2455,1153","height":"1875","source":null,"title":"Image: Heroin Poppy","url":"141118-columbia-heroin-poppy-arp-1007a.jpg","width":"2500"},"native_ad":0,"nid":"250791","publication_date":1416777303,"revision_timestamp":1416777303,"search_enabled":1,"section":["7"],"show_on_cover":1,"slideshow":null,"source":[],"source_site_name":null,"sponsor_label":null,"storyline":[],"summary":"Heroin is flooding American cities along the Eastern Seaboard starting from a remote, rugged area in Colombia's Andes Mountains.","tags":[],"tease_image":null,"title":"Tracking Heroin From Colombia to America's Streets","topic":["8"],"type":"news_entry","video_art_url":null},"externalId":"250791","externalSource":"NewsCMS","type":"news_entry"}