{"action":"save","entry":{"ads_enabled":1,"article_type":"video","brand":"Meet the Press","breaking_news":0,"breaking_news_alert":0,"breaking_news_alert_title":null,"breaking_news_headline":null,"byline_id":[],"comments_enabled":1,"content":null,"cover_headline":"Eric Cantor on MTP: Immigration Move Would Be 'Incendiary'","cover_image":null,"curated_list":[],"editorial_notes":null,"external_link":null,"first_publication_date":"1415548549","hidden":0,"labels":[],"linked_sections":[],"linked_topics":["37"],"main_art":null,"mpx_description":"Former House Majority Leader explains the Republican resistance to possible executive action coming from President Obama on immigration.","mpx_guid":"mtp_05cantor_141109","mpx_id":"355721283521","mpx_title":"Eric Cantor on MTP: Immigration Move Would Be 'Incendiary'","native_ad":0,"nid":"244546","publication_date":"1415548549","revision_timestamp":1416579372,"search_enabled":1,"section":["40"],"show_on_cover":1,"slideshow":null,"source":[],"source_site_name":null,"sponsor_label":null,"storyline":["18266"],"summary":"Former House Majority Leader explains the Republican resistance to possible executive action coming from President Obama on immigration.","tags":[],"tease_image":null,"title":"Eric Cantor on MTP: Immigration Move Would Be 'Incendiary'","topic":[],"type":"news_entry","video_art_url":"http://media1.s-nbcnews.com/i/MSNBC/Components/Video/__NEW/2014-11-09T14-25-25-1Z--1280x720.jpg","workbench_id":null},"externalId":"244546","externalSource":"NewsCMS","type":"news_entry"}