{"action":"save","entry":{"ads_enabled":1,"article_type":"video","brand":"NBC News Channel","breaking_news":0,"breaking_news_alert":0,"breaking_news_alert_title":null,"breaking_news_headline":null,"byline_id":[],"comments_enabled":1,"content":null,"cover_headline":null,"cover_image":null,"curated_list":[],"editorial_notes":null,"external_link":null,"first_publication_date":"1416410019","hidden":0,"labels":[],"linked_sections":[],"linked_topics":["66","30"],"main_art":null,"mpx_description":"A Florida judge grants a temporary injunction that will stop any sort of coin toss or drawing of names to decide who will win a city council seat in Mount Dora. WESH's Dave McDaniel reports.","mpx_guid":"nc_quotcointo_141118","mpx_id":"360398915954","mpx_title":"Judge Halts Florida 'Coin Toss' Election","native_ad":0,"nid":"251616","publication_date":1416410019,"revision_timestamp":1416410020,"search_enabled":1,"section":["64"],"show_on_cover":1,"slideshow":null,"source":[],"source_site_name":null,"sponsor_label":null,"storyline":[],"summary":"A Florida judge grants a temporary injunction that will stop any sort of coin toss or drawing of names to decide who will win a city council seat in Mount Dora. WESH's Dave McDaniel reports.","tags":[],"tease_image":null,"title":"Judge Halts Florida 'Coin Toss' Election","topic":["18"],"type":"news_entry","video_art_url":"http://media2.s-nbcnews.com/i/MSNBC/Components/Video/__NEW/_News%20Channel/nc_quotcointo2_141118.jpg","workbench_id":"56450479"},"externalId":"251616","externalSource":"NewsCMS","type":"news_entry"}