{"action":"save","entry":{"ads_enabled":1,"article_type":"photo","breaking_news":0,"breaking_news_alert":0,"breaking_news_alert_title":null,"breaking_news_headline":null,"byline_id":[],"comments_enabled":1,"content":"\u003cp\u003eThousands of Buddhist monks participated in a mass alms-offering ceremony in Bangkok's shopping district on Sunday. They helped collect supplies and dried foods for Buddhist monks and civil servants working in the troubled southern provinces of Pattani, Yala, Narathiwat and Songkhla.\u003c/p\u003e\u003cp\u003e\u003cimg src=\"780016\" data-field-file-image-alt-text=\"Image%3A+Buddhist+monks+walk+past+people+to+collect+donations+from+them+during+a+mass+alms-offering+ceremony+in+Bangkok%27s+shopping+district\" data-field-file-image-title-text=\"Image%3A+Buddhist+monks+walk+past+people+to+collect+donations+from+them+during+a+mass+alms-offering+ceremony+in+Bangkok%27s+shopping+district\" data-field-caption=\"Buddhist+monks++collect+donations+from+during+a+mass+alms-offering+ceremony+in+Bangkok%27s+shopping+district+on+Nov.+23%2C+2014.\" data-field-byline=\"ATHIT+PERAWONGMETHA\" data-field-source=\"Reuters\" data-field-copyright=\"\" data-field-file-created=\"1416754948\" data-field-half-size-image=\"0\" /\u003e\u003c/p\u003e\u003ch3\u003e— Reuters, The Associated Press\u003c/h3\u003e","cover_headline":"Thousands of Monks Flood Bangkok Streets","cover_image":null,"curated_list":[],"editorial_notes":null,"external_link":null,"first_publication_date":"1416756607","hidden":0,"labels":[],"linked_sections":[],"linked_topics":["42","17706","67","35"],"main_art":{"alt_text":"Image: Thousands of Buddhist monks attend a mass alms-offering ceremony in Bangkok's shopping district","byline":"ATHIT PERAWONGMETHA","caption":"Thousands of Buddhist monks attend a mass alms-offering ceremony in Bangkok's shopping district November 23, 2014.","copyright":null,"crop_rect":"","fid":"780011","focus_rect":"0,62,2500,1092","height":"1667","source":"Reuters","title":"Image: Thousands of Buddhist monks attend a mass alms-offering ceremony in Bangkok's shopping district","url":"141123-bangkok-monks-10a.jpg","width":"2500"},"native_ad":0,"nid":"254371","publication_date":1416756619,"revision_timestamp":1416756662,"search_enabled":1,"section":["7"],"show_on_cover":1,"slideshow":null,"source":[],"source_site_name":null,"sponsor_label":null,"storyline":[],"summary":"Thousands of Buddhist monks participated in a mass alms-offering ceremony in Bangkok's shopping district on Sunday.","tags":[],"tease_image":null,"title":"Thousands of Monks Flood Bangkok Streets for Alms Giving","topic":["8"],"type":"news_entry","video_art_url":null},"externalId":"254371","externalSource":"NewsCMS","type":"news_entry"}