{"action":"save","entry":{"ads_enabled":1,"article_type":"video","brand":"NBC News","breaking_news":0,"breaking_news_alert":0,"breaking_news_alert_title":null,"breaking_news_headline":null,"byline_id":[],"comments_enabled":1,"content":null,"cover_headline":"Secret Service Head Details Fence Jumper's 'Hatchet Interview'","cover_image":null,"curated_list":[],"editorial_notes":null,"external_link":null,"first_publication_date":"1416413940","hidden":0,"labels":[],"linked_sections":[],"linked_topics":["30"],"main_art":null,"mpx_description":"Acting Director of the U.S. Secret Service Joseph Clancy talks about an interview that agents conducted with White House fence jumper Omar Gonzalez during a House hearing Wednesday.","mpx_guid":"f_dc_clancy_hatchet_141119","mpx_id":"360799299889","mpx_title":"Secret Service Head Details Fence Jumper's 'Hatchet Interview'","native_ad":0,"nid":"251726","publication_date":1416413940,"revision_timestamp":1416413940,"search_enabled":1,"section":["64"],"show_on_cover":1,"slideshow":null,"source":[],"source_site_name":null,"sponsor_label":null,"storyline":[],"summary":"Acting Director of the U.S. Secret Service Joseph Clancy talks about an interview that agents conducted with White House fence jumper Omar Gonzalez during a House hearing Wednesday.","tags":[],"tease_image":null,"title":"Secret Service Head Details Fence Jumper's 'Hatchet Interview'","topic":["80"],"type":"news_entry","video_art_url":"http://media2.s-nbcnews.com/i/MSNBC/Components/Video/__NEW/f_dc_clacy_hatchet_141119.jpg","workbench_id":"56455874"},"externalId":"251726","externalSource":"NewsCMS","type":"news_entry"}