{"action":"save","entry":{"ads_enabled":1,"article_type":"video","brand":"Nightly News","breaking_news":0,"breaking_news_alert":0,"breaking_news_alert_title":null,"breaking_news_headline":null,"byline_id":[],"comments_enabled":1,"content":null,"cover_headline":null,"cover_image":null,"curated_list":[],"editorial_notes":null,"external_link":null,"first_publication_date":"1416354350","hidden":0,"labels":[],"linked_sections":[],"linked_topics":["66","28"],"main_art":null,"mpx_description":"Bitter cold continues to wreak havoc across the country, while the National Guard has been called in to help Buffalo, New York, dig out of the snow.","mpx_guid":"nn_wx_arctic_141118","mpx_id":"360507971603","mpx_title":"It’s Below Freezing in All 50 States","native_ad":0,"nid":"251216","publication_date":"1416351702","revision_timestamp":1416354350,"search_enabled":1,"section":["19"],"show_on_cover":0,"slideshow":null,"source":[],"source_site_name":null,"sponsor_label":null,"storyline":[],"summary":"Bitter cold continues to wreak havoc across the country, while the National Guard has been called in to help Buffalo, New York, dig out of the snow.","tags":[],"tease_image":null,"title":"It's Below Freezing in All 50 States","topic":[],"type":"news_entry","video_art_url":"http://media1.s-nbcnews.com/i/MSNBC/Components/Video/__NEW/2014-11-18T23-34-04-266Z--1280x720.jpg","workbench_id":null},"externalId":"251216","externalSource":"NewsCMS","type":"news_entry"}