{"action":"save","entry":{"ads_enabled":1,"article_type":"video","brand":"NBC News","breaking_news":1,"breaking_news_alert":0,"breaking_news_alert_title":null,"breaking_news_headline":"BREAKING","byline_id":[],"comments_enabled":1,"content":null,"cover_headline":"Boehner Warns Obama: Don't 'Play With Matches' and Get Burned on Immigration","cover_image":null,"curated_list":[],"editorial_notes":null,"external_link":null,"first_publication_date":"1415300043","hidden":0,"labels":[],"linked_sections":[],"linked_topics":["17746","17756","53","30"],"main_art":null,"mpx_description":"House Speaker John Boehner talks about President Obama hinting at executive action on immigration reform Thursday.","mpx_guid":"f_dc_immigration_141106","mpx_id":"354500163924","mpx_title":"Boehner Warns Obama: Don’t 'Play With Matches' and Get Burned on Immigration","native_ad":0,"nid":"242876","publication_date":"1415300043","revision_timestamp":1416579091,"search_enabled":1,"section":["64"],"show_on_cover":1,"slideshow":null,"source":[],"source_site_name":null,"sponsor_label":null,"storyline":["17821"],"summary":"House Speaker John Boehner talks about President Obama hinting at executive action on immigration reform Thursday.","tags":[],"tease_image":null,"title":"Boehner Warns Obama: Don't 'Play With Matches' and Get Burned on Immigration","topic":["37"],"type":"news_entry","video_art_url":"http://media2.s-nbcnews.com/i/MSNBC/Components/Video/__NEW/f_dc_immigration_141106.jpg","workbench_id":"56375062"},"externalId":"242876","externalSource":"NewsCMS","type":"news_entry"}