{"action":"save","entry":{"ads_enabled":1,"article_type":"photo","breaking_news":0,"breaking_news_alert":0,"breaking_news_alert_title":null,"breaking_news_headline":null,"byline_id":[],"comments_enabled":1,"content":"\u003cp\u003eA reprocessed picture shows off the amazing colors of Europa, a mysterious ice-covered moon of Jupiter, as they have never been seen before.\u003c/p\u003e\u003cp\u003eThe \u003ca href=\"http://www.space.com/13624-photos-europa-mysterious-moon-jupiter.html\"\u003eoriginal observations \u003c/a\u003ewere collected by the Galileo spacecraft, which explored Jupiter and its moons from orbit in the 1990s. NASA officials reprocessed Galileo's data using modern imaging techniques that improved on an enhanced-color view of Europa the agency created in 2001.\u003c/p\u003e\u003cp\u003eThe new photo, released on Nov. 21, shows the largest proportion of Europa's surface at the highest image resolution, NASA said.\u003c/p\u003e\u003cp\u003e\u003cdata data-widget-name=\"mpx_video\" data-mpx-id=\"131113539659\" data-mpx-guid=\"p_nerd_europa_140130\" data-autoplay=\"0\" data-mpx-title-override=\"Jupiter’s Frozen Ocean Moon Could Hide Life\" data-mpx-description-override=\"Nerdwatch: NASA researcher, Robert Pappalardo, believes that our closest cosmic neighbors could be hiding under the frozen surface of Europa, one of Jupiter's many moons. He's working on a plan to send a satellite to the distant moon, but it could be years before we get a better picture.\" data-meta-info=\"mpx-id | mpx-guid | mpx-description-override | mpx-title-override\"\u003e\u003c/data\u003e\u003c/p\u003e\u003cp\u003eNASA released the picture as the agency pushes forward with plans to explore Europa in the coming decades, based on the theory that there is water lurking underneath the moon's icy shell. That water could host life under the right conditions, scientists say. [\u003ca href=\"http://www.space.com/22207-jupiter-moon-europa-water-ocean-infographic.html\"\u003eInfographic: Europa Explained\u003c/a\u003e]\u003c/p\u003e\u003cp\u003e\"The story of life on Earth may have begun in our oceans, and that's because — of course — if we've learned anything about life on Earth, it's that where you find the liquid water, you generally find life,\" Kevin Hand, an astrobiologist at the NASA Jet Propulsion Laboratory, said in a \u003ca href=\"http://www.space.com/27846-europa-may-harbor-simple-life-forms-video.html\"\u003enew video about Europa\u003c/a\u003e.\u003c/p\u003e\u003cp\u003eHand said Europa is a \"game-changer\" for life-seeking missions because the moon's main source of energy is from Jupiter, not the sun. As the moon orbits the massive gas giant, the immense gravity from Jupiter causes Europa to flex. The friction from such flexing could make it possible for moons and planets to host liquid water even if they are far from a star's traditional habitable zone.\u003c/p\u003e\u003cp\u003e\u003cimg src=\"http://newscms.nbcnews.com/sites/newscms/files/youtube.png\" alt=\"youtube-id:kz9VhCQbPAk\" title=\"youtube-id:kz9VhCQbPAk\" class=\"news-widget\" id=\"widget_0\" data-widget-name=\"youtube\" data-widget-id=\"7\" data-widget-image=\"http://newscms.nbcnews.com/sites/newscms/files/youtube.png\" data-youtube-id=\"kz9VhCQbPAk\" data-meta-info=\"youtube-id\"\u003e\u003c/p\u003e\u003cp\u003e\"Hidden beneath Europa's icy surface is perhaps the most promising place in our solar system beyond Earth to look for present-day environments that are suitable for life,\" NASA said in a statement.\u003c/p\u003e\u003cp\u003eAmong NASA's proposed missions to Jupiter's icy moon is the \u003ca href=\"http://www.space.com/18901-nasa-mission-jupiter-moon-europa.html\"\u003eEuropa Clipper\u003c/a\u003e, a mission pegged to cost about $2 billion. It would orbit Jupiter and get more information about Europa's ocean in a series of flybys. If funded, the mission would launch sometime around 2025.\u003c/p\u003e\u003ch5\u003e— Elizabeth Howell, Space.com\u003c/h5\u003e\u003cp\u003e\u003cem\u003eThis is a condensed version of a report from Space.com. \u003ca href=\"http://www.space.com/27854-jupiter-moon-europa-amazing-photo.html\"\u003e\u003cem\u003eRead the full report.\u003c/em\u003e\u003c/a\u003e Follow Elizabeth Howell on \u003c/em\u003e\u003ca href=\"https://twitter.com/howellspace/\"\u003e\u003cem\u003eTwitter\u003c/em\u003e\u003c/a\u003e\u003cem\u003e. \u003c/em\u003e\u003cem\u003eFollow Space.com on \u003c/em\u003e\u003ca href=\"http://twitter.com/spacedotcom\"\u003e\u003cem\u003eTwitter\u003c/em\u003e\u003c/a\u003e\u003cem\u003e, \u003c/em\u003e\u003ca href=\"https://www.facebook.com/spacecom\"\u003e\u003cem\u003eFacebook\u003c/em\u003e\u003c/a\u003e\u003cem\u003e and \u003c/em\u003e\u003ca href=\"https://plus.google.com/+SPACEcom/posts\"\u003e\u003cem\u003eGoogle+\u003c/em\u003e\u003c/a\u003e\u003cem\u003e\u003c/em\u003e\u003cem\u003e.\u003c/em\u003e\u003c/p\u003e\u003cul\u003e\u003cli\u003e\u003ca href=\"http://www.space.com/27846-europa-may-harbor-simple-life-forms-video.html\"\u003eVideo: Europa May Harbor Simple Life Forms\u003c/a\u003e\u003c/li\u003e\u003cli\u003e\u003ca href=\"http://www.space.com/21182-galilean-moons-jupiter-countdown.html\"\u003ePhotos: The Galilean Moons of Jupiter\u003c/a\u003e\u003c/li\u003e\u003cli\u003e\u003ca href=\"http://www.space.com/17049-jupiter-quiz-planet-trivia.html\"\u003eJupiter Quiz: Test Your Jovian Smarts\u003c/a\u003e\u003c/li\u003e\u003cli\u003e\u003ca href=\"http://www.space.com/15498-europa-sdcmp.html\"\u003eEuropa: Facts About the Icy Moon and Its Ocean\u003c/a\u003e\u003c/li\u003e\u003c/ul\u003e","cover_headline":"'Game-Changer': NASA Reveals Amazing View of Jupiter Moon","cover_image":null,"curated_list":[],"editorial_notes":null,"external_link":null,"first_publication_date":"1416869870","hidden":0,"labels":[],"linked_sections":[],"linked_topics":["67"],"main_art":{"alt_text":"Image: Europa","byline":null,"caption":"Jupiter's icy moon Europa looms large in this newly reprocessed color view, made from images taken by NASA's Galileo spacecraft in the late 1990s.","copyright":null,"crop_rect":"","fid":"781526","focus_rect":"0,116,2300,653","height":"1700","source":"NASA / JPL-Caltech / SETI Institute","title":"Image: Europa","url":"141124-europa.jpg","width":"2300"},"native_ad":0,"nid":"255281","publication_date":"1416869403","revision_timestamp":1416892231,"search_enabled":1,"section":["73"],"show_on_cover":1,"slideshow":null,"source":["9031"],"source_site_name":null,"sponsor_label":null,"storyline":[],"summary":"A reprocessed picture shows off the amazing colors of Europa, a mysterious ice-covered moon of Jupiter, as they have never been seen before.","tags":[],"tease_image":null,"title":"NASA Reveals Its Most Amazing View of Jupiter's Moon Europa","topic":["83"],"type":"news_entry","video_art_url":null},"externalId":"255281","externalSource":"NewsCMS","type":"news_entry"}