{"action":"save","entry":{"ads_enabled":1,"article_type":"post","breaking_news":0,"breaking_news_alert":0,"breaking_news_alert_title":null,"breaking_news_headline":null,"byline_id":[],"comments_enabled":1,"content":"\u003cp\u003eCLEVELAND — Police say a pregnant woman and three others were shot and killed in a Cleveland home, and a 10-year-old girl was wounded but expected to survive.\u003c/p\u003e\u003cp\u003eCleveland police Chief Calvin Williams tells \u003ca href=\"http://bit.ly/1tnJ29V\"\u003ethe Northeast Ohio Media group\u003c/a\u003e that two men and two women were killed and the 10-year-old girl was hurt and has been taken to a hospital after the shooting Friday night. The Cuyahoga County Medical Examiner's office on Saturday identified the pregnant woman as 41-year-old Sherita Johnson of Cleveland. Authorities say the baby she was carrying also died. The names of the others killed or injured were not immediately available.\u003c/p\u003e\u003cp\u003eThe investigation is still underway, and police say they have no suspects or information about a motive. No other information was immediately available.\u003c/p\u003e\u003cp\u003e\u003cimg src=\"http://newscms.nbcnews.com/sites/newscms/files/tweet_embed.png\" alt=\"desktop:\u0026lt;blockquote class=\\twitter-tweet\\ lang=\\en\\\u0026gt;\u0026lt;p\u0026gt;CLE Police outline chilling details of shooting that killed 5 people |  including unborn baby \u0026lt;a href=\\http://t.co/W0R88dwQg5\\\u0026gt;http://t.co/W0R88dwQg5\u0026lt;/a\u0026gt; \u0026lt;a href=\\http://t.co/fiEWYJTlJA\\\u0026gt;pic.twitter.com/fiEWYJTlJA\u0026lt;/a\u0026gt;\u0026lt;/p\u0026gt;— WKYC Channel 3 News (@wkyc) \u0026lt;a href=\\https://twitter.com/wkyc/status/536202061356867584\\\u0026gt;November 22 |  2014\u0026lt;/a\u0026gt;\u0026lt;/blockquote\u0026gt; \u0026lt;script async src=\\//platform.twitter.com/widgets.js\\ charset=\\utf-8\\\u0026gt;\u0026lt;/script\u0026gt;\" title=\"desktop:\u0026lt;blockquote class=\\twitter-tweet\\ lang=\\en\\\u0026gt;\u0026lt;p\u0026gt;CLE Police outline chilling details of shooting that killed 5 people |  including unborn baby \u0026lt;a href=\\http://t.co/W0R88dwQg5\\\u0026gt;http://t.co/W0R88dwQg5\u0026lt;/a\u0026gt; \u0026lt;a href=\\http://t.co/fiEWYJTlJA\\\u0026gt;pic.twitter.com/fiEWYJTlJA\u0026lt;/a\u0026gt;\u0026lt;/p\u0026gt;— WKYC Channel 3 News (@wkyc) \u0026lt;a href=\\https://twitter.com/wkyc/status/536202061356867584\\\u0026gt;November 22 |  2014\u0026lt;/a\u0026gt;\u0026lt;/blockquote\u0026gt; \u0026lt;script async src=\\//platform.twitter.com/widgets.js\\ charset=\\utf-8\\\u0026gt;\u0026lt;/script\u0026gt;\" class=\"news-widget\" id=\"widget_0\" data-widget-name=\"tweet_embed\" data-widget-id=\"5\" data-widget-image=\"http://newscms.nbcnews.com/sites/newscms/files/tweet_embed.png\" data-desktop=\"%3Cblockquote%20class=%22twitter-tweet%22%20lang=%22en%22%3E%3Cp%3ECLE%20Police%20outline%20chilling%20details%20of%20shooting%20that%20killed%205%20people,%20including%20unborn%20baby%20%3Ca%20href=%22http://t.co/W0R88dwQg5%22%3Ehttp://t.co/W0R88dwQg5%3C/a%3E%20%3Ca%20href=%22http://t.co/fiEWYJTlJA%22%3Epic.twitter.com/fiEWYJTlJA%3C/a%3E%3C/p%3E—%20WKYC%20Channel%203%20News%20(@wkyc)%20%3Ca%20href=%22https://twitter.com/wkyc/status/536202061356867584%22%3ENovember%2022,%202014%3C/a%3E%3C/blockquote%3E%20%3Cscript%20async%20src=%22//platform.twitter.com/widgets.js%22%20charset=%22utf-8%22%3E%3C/script%3E\" data-meta-info=\"desktop\"\u003e\u003c/p\u003e\u003ch5\u003e— The Associated Press\u003c/h5\u003e","cover_headline":"Pregnant Woman, Three Others Killed in Ohio","cover_image":null,"curated_list":[],"editorial_notes":null,"external_link":null,"first_publication_date":"1416682710","hidden":0,"labels":[],"linked_sections":[],"linked_topics":[],"main_art":{"alt_text":null,"byline":null,"caption":"Police respond at the scene of shootings in Cleveland on Nov. 21. ","copyright":null,"crop_rect":"","fid":"779621","focus_rect":"33,30,1767,1053","height":"1352","source":"WKYC","title":null,"url":"141122-cleveland-murders-mn-1410.jpg","width":"1800"},"native_ad":0,"nid":"254141","publication_date":1416683639,"revision_timestamp":1416683639,"search_enabled":1,"section":["7"],"show_on_cover":1,"slideshow":null,"source":[],"source_site_name":null,"sponsor_label":null,"storyline":[],"summary":"Police say a pregnant woman and three others were shot and killed in a Cleveland home, and a 10-year-old girl was wounded but expected to survive.","tags":[],"tease_image":null,"title":"Pregnant Woman, Three Others Shot and Killed in Cleveland","topic":["66"],"type":"news_entry","video_art_url":null},"externalId":"254141","externalSource":"NewsCMS","type":"news_entry"}