{"action":"save","entry":{"ads_enabled":1,"article_type":"video","brand":"NowThis News","breaking_news":0,"breaking_news_alert":0,"breaking_news_alert_title":null,"breaking_news_headline":null,"byline_id":[],"comments_enabled":1,"content":null,"cover_headline":null,"cover_image":null,"curated_list":[],"editorial_notes":null,"external_link":null,"first_publication_date":"1416441606","hidden":0,"labels":[],"linked_sections":[],"linked_topics":["81","59","30"],"main_art":null,"mpx_description":"Google's latest device, a set top camera that transmits images directly to the cloud, doesn't even try to hid that they are collecting personal data from everyone.","mpx_guid":"ntn_dropcam_141119","mpx_id":"361004611930","mpx_title":"Google Is Watching But You Already Knew That","native_ad":0,"nid":"252126","publication_date":1416441605,"revision_timestamp":1416441606,"search_enabled":1,"section":["75"],"show_on_cover":0,"slideshow":null,"source":[],"source_site_name":null,"sponsor_label":null,"storyline":[],"summary":"Google's latest device, a set top camera that transmits images directly to the cloud, doesn't even try to hid that they are collecting personal data from everyone.","tags":[],"tease_image":null,"title":"Google Is Watching But You Already Knew That","topic":["38"],"type":"news_entry","video_art_url":"http://media2.s-nbcnews.com/i/MSNBC/Components/Video/141119/ntn_dropcam_141119.jpg","workbench_id":"56458518"},"externalId":"252126","externalSource":"NewsCMS","type":"news_entry"}