{"action":"save","entry":{"ads_enabled":1,"article_type":"photo","breaking_news":0,"breaking_news_alert":0,"breaking_news_alert_title":null,"breaking_news_headline":null,"byline_id":[],"comments_enabled":1,"content":"\u003cp\u003eIn documents and photos made available after the grand jury announcement on Monday night, Ferguson police officer Darren Wilson appears after being involved in the shooting death of 18-year-old Michael Brown on Aug. 9.\u003c/p\u003e\u003cp\u003e\u003cimg src=\"781931\" data-field-file-image-alt-text=\"Image%3A+St.+Louis+County+Prosecutor%27s+Office+photo+shows+Ferguson%2C+Missouri+police+officer+Darren+Wilson+photo+taken+shortly+after+August+9%2C+2014+shooting+of+Michael+Brown%2C+presented+to+the+grand+jury\" data-field-file-image-title-text=\"Image%3A+St.+Louis+County+Prosecutor%27s+Office+photo+shows+Ferguson%2C+Missouri+police+officer+Darren+Wilson+photo+taken+shortly+after+August+9%2C+2014+shooting+of+Michael+Brown%2C+presented+to+the+grand+jury\" data-field-caption=\"Ferguson%2C+Missouri+police+officer+Darren+Wilson+taken+shortly+after+the+Aug.+9+shooting+of+Michael+Brown%2C+presented+to+the+grand+jury+and+made+available+on+Monday.\" data-field-byline=\"\" data-field-source=\"St.+Louis+County+Prosecutor%27s+Office+via+Reuters\" data-field-copyright=\"\" data-field-file-created=\"1416894335\" data-field-half-size-image=\"0\" /\u003e\u003c/p\u003e","cover_headline":"Photos Show Officer Darren Wilson After Shooting","cover_image":{"alt_text":"Image: St. Louis County Prosecutor's Office photo shows Ferguson, Missouri police officer Darren Wilson photo taken shortly after August 9, 2014 shooting of Michael Brown, presented to the grand jury","byline":null,"caption":"St. Louis County Prosecutor's Office photo shows Ferguson, Missouri police officer Darren Wilson photo taken shortly after Aug. 9, shooting of Michael Brown, presented to the grand jury and made available on Nov. 24.","copyright":null,"crop_rect":"","fid":"781921","focus_rect":"401,0,1876,1660","height":"1660","source":null,"title":"Image: St. Louis County Prosecutor's Office photo shows Ferguson, Missouri police officer Darren Wilson photo taken shortly after August 9, 2014 shooting of Michael Brown, presented to the grand jury","url":"141125-darren-wilson-hospital-01.jpg","width":"2500"},"curated_list":[],"editorial_notes":null,"external_link":null,"first_publication_date":"1416888254","hidden":0,"labels":[],"linked_sections":[],"linked_topics":["66"],"main_art":{"alt_text":null,"byline":"St. Louis County Prosecutor's Office","caption":"Ferguson police officer Darren Wilson after being involved in the shooting death of 18-year-old Michael Brown on Aug. 9.","copyright":null,"crop_rect":null,"fid":"781866","focus_rect":null,"height":"2500","source":null,"title":null,"url":"141124-darren-wilson-2250.jpg","width":"2500"},"native_ad":0,"nid":"255486","publication_date":"1416888602","revision_timestamp":1416894480,"search_enabled":1,"section":["7"],"show_on_cover":1,"slideshow":null,"source":[],"source_site_name":null,"sponsor_label":null,"storyline":["17876"],"summary":"New photos have emerge of Ferguson police officer Darren Wilson after being involved in the shooting death of 18-year-old Michael Brown on Aug. 9.","tags":[],"tease_image":null,"title":"Photos Show Officer Darren Wilson After Michael Brown Shooting","topic":["67"],"type":"news_entry","video_art_url":null},"externalId":"255486","externalSource":"NewsCMS","type":"news_entry"}