{"action":"save","entry":{"ads_enabled":1,"article_type":"video","brand":"Dateline","breaking_news":0,"breaking_news_alert":0,"breaking_news_alert_title":null,"breaking_news_headline":null,"byline_id":[],"comments_enabled":1,"content":null,"cover_headline":null,"cover_image":{"alt_text":null,"byline":null,"caption":null,"copyright":null,"crop_rect":null,"fid":"775006","focus_rect":null,"height":"829","source":null,"title":null,"url":"x_30_dtl_polygraph3_141119.jpg","width":"1474"},"curated_list":[],"editorial_notes":null,"external_link":null,"first_publication_date":"1416423559","hidden":0,"labels":[],"linked_sections":["15"],"linked_topics":[],"main_art":{"alt_text":null,"byline":null,"caption":null,"copyright":null,"crop_rect":null,"fid":"775006","focus_rect":null,"height":"829","source":null,"title":null,"url":"x_30_dtl_polygraph3_141119.jpg","width":"1474"},"mpx_description":"On Friday’s Dateline, several potential suspect are asked to take polygraph tests. So, we asked Josh Mankiewicz to tell the truth… about telling lies.","mpx_guid":"x_30_dtl_polygraph_141119","mpx_id":"360845891945","mpx_title":"Lie Detector","native_ad":0,"nid":"251866","publication_date":"1416423559","revision_timestamp":1416425282,"search_enabled":1,"section":["15"],"show_on_cover":0,"slideshow":null,"source":[],"source_site_name":null,"sponsor_label":null,"storyline":[],"summary":"On Friday’s Dateline, several potential suspects are asked to take polygraph tests. So, we asked Josh Mankiewicz to tell the truth… about telling lies.","tags":[],"tease_image":null,"title":"Lie Detector","topic":[],"type":"news_entry","video_art_url":"http://media2.s-nbcnews.com/i/MSNBC/Components/Video/__NEW/x_30_dtl_polygraph3_141119.jpg","workbench_id":"56456561"},"externalId":"251866","externalSource":"NewsCMS","type":"news_entry"}