{"action":"save","entry":{"ads_enabled":1,"article_type":"post","breaking_news":0,"breaking_news_alert":0,"breaking_news_alert_title":null,"breaking_news_headline":null,"byline_id":[],"comments_enabled":1,"content":"\u003cp\u003eA strong earthquake in the mountainous area of central Japan that hosted the 1998 Winter Olympics destroyed more than half a dozen homes in a ski resort town and injured at least 30 people, officials said.\u003c/p\u003e\u003cp\u003eThe magnitude-6.8 earthquake struck Saturday near Nagano city shortly after 10 p.m. at a depth of 6 miles, the Japan Meteorological Agency said. The U.S. Geological Survey measured the quake's magnitude at 6.2. Since the quake occurred inland, there was no possibility of a tsunami.\u003c/p\u003e\u003cp\u003e\u003cimg src=\"779771\" data-field-file-image-alt-text=\"Image%3A+An+aerial+view+shows+collapsed+houses+after+an+earthquake+in+Hakuba+town%2C+Nagano+prefecture\" data-field-file-image-title-text=\"Image%3A+An+aerial+view+shows+collapsed+houses+after+an+earthquake+in+Hakuba+town%2C+Nagano+prefecture\" data-field-caption=\"An+aerial+view+shows+collapsed+houses+after+an+earthquake+in+Hakuba+town%2C+Nagano+prefecture%2C+in+this+photo+taken+by+Kyodo+on+Nov.+23.\" data-field-byline=\"KYODO\" data-field-source=\"Reuters\" data-field-copyright=\"\" data-field-file-created=\"1416708732\" data-field-half-size-image=\"0\" /\u003e\u003c/p\u003e\u003cp\u003eRyo Nishino, a restaurant owner in Hakuba, a ski town west of Nagano, told Japanese broadcaster NHK that he had \"never experienced a quake that shook so hard. The sideways shaking was enormous.\" He said he was in the restaurant's wine cellar when the quake struck, and that nothing broke there.\u003c/p\u003e\u003cp\u003eThirty people were injured, at least two seriously, the Federal Disaster Management Agency said Sunday. \"We are trying to assess the situation as quickly as possible, and we'll do our utmost for the rescue of the injured people,\" Japan's top government spokesman, Yoshihide Suga, told reporters.\u003c/p\u003e\u003cp\u003eOne of the hardest-hit areas appeared to be Hakuba, which hosted events in the 1998 games. At least seven homes collapsed, and other buildings were also severely damaged, local and national disaster agencies said. Seventeen people were injured. The National Police Agency told Japan's Kyodo news agency that 21 people were trapped underneath the collapsed houses, but they all were rescued, with two of them injured.\u003c/p\u003e\u003cp\u003e\u003cimg src=\"779776\" data-field-file-image-alt-text=\"Image%3A\" data-field-file-image-title-text=\"Image%3A\" data-field-caption=\"Firefighters+and+rescuers+examine+buildings+collapsed+after+a+strong+earthquake+hit+Hakuba%2C+Nagano+prefecture%2C+central+Japan%2C+on+Nov.+23.\" data-field-byline=\"Kyodo+News\" data-field-source=\"AP\" data-field-copyright=\"\" data-field-file-created=\"1416708834\" data-field-half-size-image=\"0\" /\u003e\u003c/p\u003e\u003cp\u003e\u003cstrong\u003e— The Associated Press\u003c/strong\u003e\u003c/p\u003e","cover_headline":"Magnitude 6.8 Quake Hits Central Japan","cover_image":{"alt_text":"Image: An aerial view shows collapsed houses after an earthquake in Hakuba town, Nagano prefecture","byline":"KYODO","caption":"An aerial view shows collapsed houses after an earthquake in Hakuba town, Nagano prefecture, in this photo taken by Kyodo on Nov. 23. An earthquake with preliminary magnitude of 6.8 jolted central Japan on Saturday evening, temporarily trapping 21 people when their homes collapsed and leaving 13 people injured, police and public broadcaster NHK said. The Japan Meteorological Agency said no tsunami warning was issued after the quake, which was felt in the capital Tokyo 110 miles away.","copyright":null,"crop_rect":"","fid":"779771","focus_rect":"0,157,2500,1323","height":"1705","source":"Reuters","title":"Image: An aerial view shows collapsed houses after an earthquake in Hakuba town, Nagano prefecture","url":"141122-japan-earthquake-2111.jpg","width":"2500"},"curated_list":[],"editorial_notes":null,"external_link":null,"first_publication_date":"1416673762","hidden":0,"labels":[],"linked_sections":[],"linked_topics":[],"main_art":{"alt_text":"Image: An aerial view shows collapsed houses after an earthquake in Hakuba town, Nagano prefecture","byline":"KYODO","caption":"An aerial view shows collapsed houses after an earthquake in Hakuba town, Nagano prefecture, in this photo taken by Kyodo on Nov. 23. An earthquake with preliminary magnitude of 6.8 jolted central Japan on Saturday evening, temporarily trapping 21 people when their homes collapsed and leaving 13 people injured, police and public broadcaster NHK said. The Japan Meteorological Agency said no tsunami warning was issued after the quake, which was felt in the capital Tokyo 110 miles away.","copyright":null,"crop_rect":"","fid":"779771","focus_rect":"0,157,2500,1323","height":"1705","source":"Reuters","title":"Image: An aerial view shows collapsed houses after an earthquake in Hakuba town, Nagano prefecture","url":"141122-japan-earthquake-2111.jpg","width":"2500"},"native_ad":0,"nid":"254101","publication_date":"1416704909","revision_timestamp":1416709059,"search_enabled":1,"section":["7"],"show_on_cover":1,"slideshow":null,"source":["61"],"source_site_name":null,"sponsor_label":null,"storyline":[],"summary":"The earthquake was felt across much of northern Japan and in Tokyo, about 125 miles southeast of Hakuba. ","tags":[],"tease_image":null,"title":"Magnitude 6.8 Quake Hits Central Japan, Injuring 30","topic":["8"],"type":"news_entry","video_art_url":null},"externalId":"254101","externalSource":"NewsCMS","type":"news_entry"}