{"action":"save","entry":{"ads_enabled":1,"article_type":"photo","breaking_news":0,"breaking_news_alert":0,"breaking_news_alert_title":null,"breaking_news_headline":null,"byline_id":[],"comments_enabled":1,"content":"\u003cp\u003eA protester hurled fake blood on NYPD Commissioner Bill Bratton in Times Square on Monday during a demonstration over a grand jury decision not to indict the officer who killed Missouri teen Michael Brown. \u003ca href=\"http://www.nbcnewyork.com/news/local/New-York-City-Protests-Michael-Brown-Decision-No-Indictment-Police-Officer-Darren-Wilson-Ferguson-283780571.html\"\u003eAn NYPD spokesman told NBC New York\u003c/a\u003e that a man was arrested after he threw what appeared to be red paint at police officers and officials, including Bratton.\u003c/p\u003e\u003cp\u003e\u003ca href=\"http://www.nbcnews.com/storyline/michael-brown-shooting/must-not-stand-nation-reacts-missouri-grand-jury-decision-n255416\"\u003eMore than 1,000 demonstrators marched through lower Manhattan\u003c/a\u003e on Monday night, mirroring protests nationwide sparked by the grand jury's decision not to indict Officer Darren Wilson for the fatal shooting of Brown in Ferguson, Missouri.\u003c/p\u003e\u003cp\u003e\u003cimg src=\"782001\" data-field-file-image-alt-text=\"A+protester+threw+fake+blood+on+NYPD+Commissioner+Bill+Bratton+during+a+demonstration+over+the+death+of+Michael+Brown+in+New+York%27s+Times+Square+on+Monday+night.\" data-field-file-image-title-text=\"A+protester+threw+fake+blood+on+NYPD+Commissioner+Bill+Bratton+during+a+demonstration+over+the+death+of+Michael+Brown+in+New+York%27s+Times+Square+on+Monday+night.\" data-field-caption=\"A+protester+threw+fake+blood+on+NYPD+Commissioner+Bill+Bratton+during+a+demonstration+in+New+York%27s+Times+Square+on+Monday+night.\" data-field-byline=\"Jeff+Rae\" data-field-source=\"\" data-field-copyright=\"\" data-field-file-created=\"1416907858\" data-field-half-size-image=\"0\" /\u003e\u003c/p\u003e\u003cp\u003e\u003cimg src=\"http://newscms.nbcnews.com/sites/newscms/files/instagram.png\" alt=\"instagram-id:vzw0hhAdm4\" title=\"instagram-id:vzw0hhAdm4\" class=\"news-widget\" id=\"widget_0\" data-widget-name=\"instagram\" data-widget-id=\"11\" data-widget-image=\"http://newscms.nbcnews.com/sites/newscms/files/instagram.png\" data-instagram-id=\"vzw0hhAdm4\" data-meta-info=\"instagram-id\"\u003e\u003c/p\u003e","cover_headline":"NYPD Chief Spattered With Fake Blood in Ferguson Protest","cover_image":{"alt_text":"A protester threw fake blood on NYPD Commissioner Bill Bratton during a demonstration over the death of Michael Brown in New York's Times Square on Monday night.","byline":"Jeff Rae","caption":"A protester threw fake blood on NYPD Commissioner Bill Bratton during a demonstration over the death of Michael Brown in New York's Times Square on Monday night.","copyright":null,"crop_rect":"","fid":"782001","focus_rect":"937,331,696,574","height":"1671","source":null,"title":"A protester threw fake blood on NYPD Commissioner Bill Bratton during a demonstration over the death of Michael Brown in New York's Times Square on Monday night.","url":"bratton1.jpg","width":"2500"},"curated_list":[],"editorial_notes":null,"external_link":null,"first_publication_date":"1416907990","hidden":0,"labels":[],"linked_sections":[],"linked_topics":["67"],"main_art":{"alt_text":"A protester threw fake blood on NYPD Commissioner Bill Bratton during a demonstration over the death of Michael Brown in New York's Times Square on Monday night.","byline":"Jeff Rae","caption":"A protester threw fake blood on NYPD Commissioner Bill Bratton during a demonstration over the death of Michael Brown in New York's Times Square on Monday night.","copyright":null,"crop_rect":"","fid":"781996","focus_rect":"669,366,1072,853","height":"1667","source":null,"title":"A protester threw fake blood on NYPD Commissioner Bill Bratton during a demonstration over the death of Michael Brown in New York's Times Square on Monday night.","url":"bratton2.jpg","width":"2500"},"native_ad":0,"nid":"255546","publication_date":1416907996,"revision_timestamp":1416907996,"search_enabled":1,"section":["7"],"show_on_cover":1,"slideshow":null,"source":[],"source_site_name":null,"sponsor_label":null,"storyline":["17876"],"summary":"A protester threw fake blood on NYPD Commissioner Bill Bratton during a demonstration over the death of Michael Brown.","tags":[],"tease_image":null,"title":"NYPD Chief Bill Bratton Spattered With Fake Blood During Protest","topic":["66"],"type":"news_entry","video_art_url":null},"externalId":"255546","externalSource":"NewsCMS","type":"news_entry"}