{"action":"save","entry":{"ads_enabled":1,"article_type":"video","brand":"Live Video","breaking_news":0,"breaking_news_alert":0,"breaking_news_alert_title":null,"breaking_news_headline":null,"byline_id":[],"comments_enabled":1,"content":null,"cover_headline":"Coming Up: Obama Hosts ConnectED to the Future Event","cover_image":null,"curated_list":[],"editorial_notes":null,"external_link":null,"first_publication_date":"1416412105","hidden":0,"labels":[],"linked_sections":[],"linked_topics":[],"main_art":null,"mpx_description":"President Obama hosts \"ConnectED to the Future,\" a conference with superintendents and other educators from across the country who are leading their schools and districts in the transition to digital learning.","mpx_guid":"nbcnewslive_dc2","mpx_id":"322526275957","mpx_title":"Watch Live: Obama Hosts ConnectED to the Future Event","native_ad":0,"nid":"251681","publication_date":"1416412105","revision_timestamp":1416412129,"search_enabled":1,"section":["64"],"show_on_cover":0,"slideshow":null,"source":[],"source_site_name":null,"sponsor_label":null,"storyline":[],"summary":"President Obama hosts \"ConnectED to the Future,\" a conference with superintendents and other educators from across the country who are leading their schools and districts in the transition to digital learning.","tags":[],"tease_image":null,"title":"Watch Live: Obama Hosts ConnectED to the Future Event","topic":["80"],"type":"news_entry","video_art_url":"http://media1.s-nbcnews.com/i/MSNBC/Components/Video/__NEW/DefaultImage_NBCNews_1920x1080__094069.jpg","workbench_id":null},"externalId":"251681","externalSource":"NewsCMS","type":"news_entry"}