{"action":"save","entry":{"ads_enabled":1,"article_type":"video","brand":"NBC News","breaking_news":0,"breaking_news_alert":0,"breaking_news_alert_title":null,"breaking_news_headline":null,"byline_id":[],"comments_enabled":1,"content":null,"cover_headline":"White House: Obama 'Determined' to Act on Immigration","cover_image":null,"curated_list":[],"editorial_notes":null,"external_link":null,"first_publication_date":"1416335649","hidden":0,"labels":[],"linked_sections":[],"linked_topics":[],"main_art":null,"mpx_description":"White House Press Secretary Josh Earnest talks about the prospect of President Obama taking executive action on immigration reform on Tuesday.","mpx_guid":"f_dc_wh_immig_141118","mpx_id":"360355907508","mpx_title":"White House: Obama 'Determined' to Act on Immigration","native_ad":0,"nid":"250981","publication_date":"1416335649","revision_timestamp":1416580098,"search_enabled":1,"section":["64"],"show_on_cover":0,"slideshow":null,"source":[],"source_site_name":null,"sponsor_label":null,"storyline":["18266"],"summary":"White House Press Secretary Josh Earnest talks about the prospect of President Obama taking executive action on immigration reform on Tuesday.","tags":[],"tease_image":null,"title":"White House: Obama 'Determined' to Act on Immigration","topic":["80"],"type":"news_entry","video_art_url":"http://media2.s-nbcnews.com/i/MSNBC/Components/Video/__NEW/f_dc_wh_immig_141118.jpg","workbench_id":"56449920"},"externalId":"250981","externalSource":"NewsCMS","type":"news_entry"}