{"action":"save","entry":{"ads_enabled":1,"article_type":"slideshow","breaking_news":0,"breaking_news_alert":0,"breaking_news_alert_title":null,"breaking_news_headline":null,"byline_id":[],"comments_enabled":1,"content":null,"cover_headline":"Ferguson Cleans Up After Night of Riots","cover_image":{"alt_text":"Image: People clean up a business that was damaged in riots the previous night in Ferguson","byline":"JIM YOUNG","caption":"People clean up a business that was damaged in riots the previous night in Ferguson, Missouri November 25, 2014. The St. Louis area braced for another day of protests on Tuesday after a grand jury cleared a white police officer in the fatal August shooting of an unarmed black teenager, sparking a night of violent and racially charged rioting..    REUTERS/Jim Young (UNITED STATES  - Tags: CIVIL UNREST CRIME LAW)  ","copyright":null,"crop_rect":"","fid":"782941","focus_rect":"139,372,1952,1042","height":"1681","source":"Reuters","title":"Image: People clean up a business that was damaged in riots the previous night in Ferguson","url":"ss-141125-feguson-business-damage-06.jpg","width":"2500"},"curated_list":[],"editorial_notes":null,"external_link":null,"first_publication_date":"1416947654","hidden":0,"labels":[],"linked_sections":[],"linked_topics":["67"],"main_art":{"alt_text":"Image: Property manager Terri Willits looks over a gas station she manages that was set on fire when rioting erupted ","byline":"Scott Olson","caption":"DELLWOOD, MO - NOVEMBER 25: Property manager Terri Willits looks over a gas station she manages that was set on fire when rioting erupted following the grand jury announcement in the Michael Brown case on November 25, 2014 in Dellword Missouri. Brown, an 18-year-old black man, was killed by Darren Wilson, a white Ferguson police officer, on August 9. At least 12 buildings were torched and more than 50 people were arrested during the night-long rioting.  (Photo by Scott Olson/Getty Images)","copyright":"2014 Getty Images","crop_rect":"","fid":"782921","focus_rect":"233,188,2267,1062","height":"1667","source":"Getty Images","title":"Image: Property manager Terri Willits looks over a gas station she manages that was set on fire when rioting erupted ","url":"ss-141125-feguson-business-damage-04.jpg","width":"2500"},"native_ad":0,"nid":"256036","publication_date":1416948213,"revision_timestamp":1416948213,"search_enabled":1,"section":["7"],"show_on_cover":1,"slideshow":"56497427","source":[],"source_site_name":null,"sponsor_label":null,"storyline":["17876"],"summary":"Ferguson cleaned up after riots following a grand jury decision to not indict Darren Wilson, a white officer who killed black teenager Michael Brown.","tags":[],"tease_image":null,"title":"Ferguson Cleans Up After Night of Riots","topic":["66"],"type":"news_entry","video_art_url":null},"externalId":"256036","externalSource":"NewsCMS","type":"news_entry"}