{"action":"save","entry":{"ads_enabled":1,"article_type":"video","brand":"NBC News","breaking_news":0,"breaking_news_alert":0,"breaking_news_alert_title":null,"breaking_news_headline":null,"byline_id":[],"comments_enabled":1,"content":null,"cover_headline":null,"cover_image":null,"curated_list":[],"editorial_notes":null,"external_link":null,"first_publication_date":"1416405707","hidden":1,"labels":[],"linked_sections":[],"linked_topics":["30","92","8"],"main_art":null,"mpx_description":"German university unveiled 'StreetPong' - an interactive video game to take the tedium out of crossing the street. The developers show how it works.","mpx_guid":"x_lon_streetpong_141119","mpx_id":"360754243807","mpx_title":"Finally - Something to do While Waiting for a Green Light","native_ad":0,"nid":"251531","publication_date":1416405707,"revision_timestamp":1416405707,"search_enabled":1,"section":["7"],"show_on_cover":0,"slideshow":null,"source":[],"source_site_name":null,"sponsor_label":null,"storyline":[],"summary":"German university unveiled 'StreetPong' - an interactive video game to take the tedium out of crossing the street. The developers show how it works.","tags":[],"tease_image":null,"title":"Finally - Something to do While Waiting for a Green Light","topic":["47"],"type":"news_entry","video_art_url":"http://media2.s-nbcnews.com/i/MSNBC/Components/Video/__NEW/x_lon_streetpong_141119.jpg","workbench_id":"56455124"},"externalId":"251531","externalSource":"NewsCMS","type":"news_entry"}