{"action":"save","entry":{"ads_enabled":1,"article_type":"video","brand":"NBCNews.com","breaking_news":0,"breaking_news_alert":0,"breaking_news_alert_title":null,"breaking_news_headline":null,"byline_id":[],"comments_enabled":1,"content":null,"cover_headline":null,"cover_image":null,"curated_list":[],"editorial_notes":null,"external_link":null,"first_publication_date":"1416351697","hidden":0,"labels":[],"linked_sections":["7"],"linked_topics":["30"],"main_art":{"alt_text":"Image: Charles Manson in 1986","byline":null,"caption":"Charles Manson in 1986","copyright":"AP1986","crop_rect":"","fid":"773611","focus_rect":"7,286,2458,1152","height":"1693","source":"AP file","title":"Image: Charles Manson in 1986","url":"141118-charles-manson-jms-2046.jpg","width":"2500"},"mpx_description":"With his impending nuptials bringing him back into the news, take a listen to Charles Manson in his own words.","mpx_guid":"a_flashback_manson_141118","mpx_id":"360489027828","mpx_title":"Flashback: Charles Manson In His Own Words","native_ad":0,"nid":"251211","publication_date":"1416351697","revision_timestamp":1416361686,"search_enabled":1,"section":["15416"],"show_on_cover":0,"slideshow":null,"source":[],"source_site_name":null,"sponsor_label":null,"storyline":[],"summary":"With his impending nuptials bringing him back into the news, take a listen to Charles Manson in his own words.","tags":[],"tease_image":null,"title":"Flashback: Charles Manson In His Own Words","topic":[],"type":"news_entry","video_art_url":"http://media2.s-nbcnews.com/i/MSNBC/Components/Video/141118/a_flashback_manson_141118.jpg","workbench_id":"56451648"},"externalId":"251211","externalSource":"NewsCMS","type":"news_entry"}