{"action":"save","entry":{"ads_enabled":1,"article_type":"post","breaking_news":0,"breaking_news_alert":0,"breaking_news_alert_title":null,"breaking_news_headline":null,"byline_id":[],"comments_enabled":1,"content":"\u003cp\u003e\u003cdata data-widget-name=\"mpx_video\" data-mpx-id=\"361001539706\" data-mpx-guid=\"nn_ksn_cosby_141119\" data-autoplay=\"1\" data-mpx-title-override=\"NBC Drops New Cosby Sitcom In Development\" data-mpx-description-override=\"The NBC decision is the latest in a series of moves by companies to distance themselves from the famous actor amid allegations of sexual abuse.\" data-meta-info=\"mpx-id | mpx-guid | mpx-description-override | mpx-title-override\"\u003e\u003c/data\u003e\u003c/p\u003e\u003cp\u003eAs sexual allegations against Bill Cosby \u003ca href=\"http://www.nbcnews.com/pop-culture/celebrity/why-are-old-assault-claims-against-bill-cosby-back-n250161\"\u003econtinue to surface\u003c/a\u003e — a total of 15 women have made complaints, 6 of them who have identified themselves publicly — NBC has decided to pull the plug on a sitcom it was developing with the comedian for next year.\u003c/p\u003e\u003cp\u003eThe network declined to comment further about the project, which would have starred Cosby as the patriarch of a multi-generational family and was in the early development stages.\u003c/p\u003e\u003cp\u003eTV Land on Wednesday pulled all \"Cosby Show\" reruns from its schedule effective immediately. On Tuesday, Netflix also decided to postpone the streaming of its Thanksgiving Day special \"Bill Cosby 77\" after actress and model\u003ca href=\"http://www.nbcnews.com/pop-culture/celebrity/former-model-janice-dickinson-accuses-bill-cosby-sex-assault-n251361\"\u003e Janice Dickinson came forward \u003c/a\u003esaying she was assaulted by Cosby in the 1980s. Cosby's attorney, Marty Singer, blasted Dickinson's claims as a \"complete lie.\"\u003c/p\u003e\u003cp\u003eCosby, 77, has not addressed the mounting allegations against him.\u003c/p\u003e\u003cp\u003eThe allegations first surfaced in 2005 when \u003ca href=\"http://articles.philly.com/2006-11-09/news/25406830_1_temple-university-employee-bill-cosby-andrea-constand\"\u003eAndrea Constand\u003c/a\u003e, the former director of operations of Temple University's women's basketball program, sued Cosby, claiming that he had given her pills he called \"herbal medication\" to help her cope with stress when she visited his Philadelphia-area mansion in 2004 and, after she consumed them, he touched her breasts and genitals and assaulted her.\u003c/p\u003e\u003cp\u003eCosby has several stand-up appearances scheduled over the next few days, including a sold-out show at the King Center for the Performing Arts in Melbourne, Fl, on Friday which will go on, according to a statement issued by King Center management.\u003c/p\u003e\u003cp\u003e“Mr. Cosby is a well-respected member of the entertainment community and one of America’s most beloved performers. While we are aware of the allegations reported in the press, we are only in a position to judge him based on his career as an entertainer and humanitarian.\"\u003c/p\u003e\u003cp\u003eA spokesperson for Treasure Island Hotel \u0026amp; Casino in Las Vegas told NBC News that it will move forward with Cosby's show on Nov. 28. \"All of his shows here have been sellouts; we have no reason to think that this one won’t be, too. However, if anyone wants to return his or her tickets, he or she is welcome to, just as is our policy with all of our shows.\"\u003c/p\u003e\u003cp\u003eBut Katherine Hull, vice president of communications for the Rape, Abuse, and Incest National Network praised NBC's and Netflix's decisions in a statement on Wednesday.\u003c/p\u003e\u003cp\u003e\"We appreciate that NBC and Netflix have taken these allegations seriously and think that they've made the responsible choice by canceling these shows. The coverage of the Bill Cosby story has already led to a significant increase in the number of survivors reaching out for help through the National Sexual Assault Hotline.\"\u003c/p\u003e\u003cp\u003e\u003cdata data-widget-name=\"mpx_video\" data-mpx-id=\"360748099790\" data-mpx-guid=\"tdy_gabe_cosby_141119\" data-autoplay=\"0\" data-mpx-title-override=\"Janice Dickinson accuses Bill Cosby of rape\" data-mpx-description-override=\"The former supermodel is claiming she was drugged and sexually assaulted by the comedian in the late 1980s. In the wake of the scandal, his new comedy special is on hold. NBC’s Gabe Guttierez reports.\" data-meta-info=\"mpx-id | mpx-guid | mpx-description-override | mpx-title-override\"\u003e\u003c/data\u003e\u003c/p\u003e\u003ch2\u003eIN-DEPTH\u003c/h2\u003e\u003cul\u003e\u003cli\u003e\u003ca href=\"http://www.nbcnews.com/pop-culture/celebrity/former-model-janice-dickinson-accuses-bill-cosby-sex-assault-n251361\"\u003eFormer Model Janice Dickinson Accuses Bill Cosby of Sex Assault\u003c/a\u003e\u003c/li\u003e\u003cli\u003e\u003ca href=\"http://www.nbcnews.com/pop-culture/celebrity/why-are-old-assault-claims-against-bill-cosby-back-n250161\"\u003eWhy Are Old Assault Claims Against Bill Cosby Back?\u003c/a\u003e\u003c/li\u003e\u003cli\u003e\u003ca href=\"http://www.nbcnews.com/pop-culture/pop-culture-news/bill-cosby-cancels-guest-spot-letterman-amid-rape-allegations-n249271\"\u003eCosby Cancels Letterman Appearance Amid Rape Allegations\u003c/a\u003e\u003c/li\u003e\u003c/ul\u003e\u003ch2\u003eSOCIAL\u003c/h2\u003e\u003cp\u003e\u003cimg src=\"http://newscms.nbcnews.com/sites/newscms/files/tweet_embed.png\" alt=\"desktop:\u0026lt;blockquote class=\\twitter-tweet\\ data-partner=\\tweetdeck\\\u0026gt;\u0026lt;p\u0026gt;An early look at tomorrow's front page.\r\n\r\nRead more: \u0026lt;a href=\\http://t.co/QjhZzLa6Al\\\u0026gt;http://t.co/QjhZzLa6Al\u0026lt;/a\u0026gt; \u0026lt;a href=\\http://t.co/E1NT3pBqU2\\\u0026gt;pic.twitter.com/E1NT3pBqU2\u0026lt;/a\u0026gt;\u0026lt;/p\u0026gt;— New York Daily News (@NYDailyNews) \u0026lt;a href=\\https://twitter.com/NYDailyNews/status/535267139926892544\\\u0026gt;November 20 |  2014\u0026lt;/a\u0026gt;\u0026lt;/blockquote\u0026gt; \u0026lt;script async src=\\//platform.twitter.com/widgets.js\\ charset=\\utf-8\\\u0026gt;\u0026lt;/script\u0026gt;\" title=\"desktop:\u0026lt;blockquote class=\\twitter-tweet\\ data-partner=\\tweetdeck\\\u0026gt;\u0026lt;p\u0026gt;An early look at tomorrow's front page.\r\n\r\nRead more: \u0026lt;a href=\\http://t.co/QjhZzLa6Al\\\u0026gt;http://t.co/QjhZzLa6Al\u0026lt;/a\u0026gt; \u0026lt;a href=\\http://t.co/E1NT3pBqU2\\\u0026gt;pic.twitter.com/E1NT3pBqU2\u0026lt;/a\u0026gt;\u0026lt;/p\u0026gt;— New York Daily News (@NYDailyNews) \u0026lt;a href=\\https://twitter.com/NYDailyNews/status/535267139926892544\\\u0026gt;November 20 |  2014\u0026lt;/a\u0026gt;\u0026lt;/blockquote\u0026gt; \u0026lt;script async src=\\//platform.twitter.com/widgets.js\\ charset=\\utf-8\\\u0026gt;\u0026lt;/script\u0026gt;\" class=\"news-widget\" id=\"widget_0\" data-widget-name=\"tweet_embed\" data-widget-id=\"5\" data-widget-image=\"http://newscms.nbcnews.com/sites/newscms/files/tweet_embed.png\" data-desktop=\"%3Cblockquote%20class=%22twitter-tweet%22%20data-partner=%22tweetdeck%22%3E%3Cp%3EAn%20early%20look%20at%20tomorrow's%20front%20page.\r\n\r\nRead%20more:%20%3Ca%20href=%22http://t.co/QjhZzLa6Al%22%3Ehttp://t.co/QjhZzLa6Al%3C/a%3E%20%3Ca%20href=%22http://t.co/E1NT3pBqU2%22%3Epic.twitter.com/E1NT3pBqU2%3C/a%3E%3C/p%3E—%20New%20York%20Daily%20News%20(@NYDailyNews)%20%3Ca%20href=%22https://twitter.com/NYDailyNews/status/535267139926892544%22%3ENovember%2020,%202014%3C/a%3E%3C/blockquote%3E%20%3Cscript%20async%20src=%22//platform.twitter.com/widgets.js%22%20charset=%22utf-8%22%3E%3C/script%3E\" data-meta-info=\"desktop\"\u003e\u003c/p\u003e\u003cp\u003e\u003cimg src=\"http://newscms.nbcnews.com/sites/newscms/files/tweet_embed.png\" alt=\"desktop:\u0026lt;blockquote class=\\twitter-tweet\\ lang=\\en\\\u0026gt;\u0026lt;p\u0026gt;Horrifying comes to mind while listening - people actually applauding for\u0026quot;date rape\u0026quot; drug. \u0026lt;a href=\\https://twitter.com/hashtag/BillCosby?src=hash\\\u0026gt;#BillCosby\u0026lt;/a\u0026gt; \u0026lt;a href=\\http://t.co/O1S2f82Yns\\\u0026gt;http://t.co/O1S2f82Yns\u0026lt;/a\u0026gt; \u0026lt;a href=\\https://twitter.com/hashtag/EverybodyTalks?src=hash\\\u0026gt;#EverybodyTalks\u0026lt;/a\u0026gt;\u0026lt;/p\u0026gt;— Just Faith (@justfaith101) \u0026lt;a href=\\https://twitter.com/justfaith101/status/535148241713905664\\\u0026gt;November 19 |  2014\u0026lt;/a\u0026gt;\u0026lt;/blockquote\u0026gt; \u0026lt;script async src=\\//platform.twitter.com/widgets.js\\ charset=\\utf-8\\\u0026gt;\u0026lt;/script\u0026gt;\" title=\"desktop:\u0026lt;blockquote class=\\twitter-tweet\\ lang=\\en\\\u0026gt;\u0026lt;p\u0026gt;Horrifying comes to mind while listening - people actually applauding for\u0026quot;date rape\u0026quot; drug. \u0026lt;a href=\\https://twitter.com/hashtag/BillCosby?src=hash\\\u0026gt;#BillCosby\u0026lt;/a\u0026gt; \u0026lt;a href=\\http://t.co/O1S2f82Yns\\\u0026gt;http://t.co/O1S2f82Yns\u0026lt;/a\u0026gt; \u0026lt;a href=\\https://twitter.com/hashtag/EverybodyTalks?src=hash\\\u0026gt;#EverybodyTalks\u0026lt;/a\u0026gt;\u0026lt;/p\u0026gt;— Just Faith (@justfaith101) \u0026lt;a href=\\https://twitter.com/justfaith101/status/535148241713905664\\\u0026gt;November 19 |  2014\u0026lt;/a\u0026gt;\u0026lt;/blockquote\u0026gt; \u0026lt;script async src=\\//platform.twitter.com/widgets.js\\ charset=\\utf-8\\\u0026gt;\u0026lt;/script\u0026gt;\" class=\"news-widget\" id=\"widget_0\" data-widget-name=\"tweet_embed\" data-widget-id=\"5\" data-widget-image=\"http://newscms.nbcnews.com/sites/newscms/files/tweet_embed.png\" data-desktop=\"%3Cblockquote%20class=%22twitter-tweet%22%20lang=%22en%22%3E%3Cp%3EHorrifying%20comes%20to%20mind%20while%20listening%20-%20people%20actually%20applauding%20for\u0026quot;date%20rape\u0026quot;%20drug.%20%3Ca%20href=%22https://twitter.com/hashtag/BillCosby?src=hash%22%3E#BillCosby%3C/a%3E%20%3Ca%20href=%22http://t.co/O1S2f82Yns%22%3Ehttp://t.co/O1S2f82Yns%3C/a%3E%20%3Ca%20href=%22https://twitter.com/hashtag/EverybodyTalks?src=hash%22%3E#EverybodyTalks%3C/a%3E%3C/p%3E—%20Just%20Faith%20(@justfaith101)%20%3Ca%20href=%22https://twitter.com/justfaith101/status/535148241713905664%22%3ENovember%2019,%202014%3C/a%3E%3C/blockquote%3E%20%3Cscript%20async%20src=%22//platform.twitter.com/widgets.js%22%20charset=%22utf-8%22%3E%3C/script%3E\" data-meta-info=\"desktop\"\u003e\u003c/p\u003e\u003cp\u003e\u003cimg src=\"http://newscms.nbcnews.com/sites/newscms/files/tweet_embed.png\" alt=\"desktop:\u0026lt;blockquote class=\\twitter-tweet\\ lang=\\en\\\u0026gt;\u0026lt;p\u0026gt;Cosby rape allegations are classic case of he said/she she she she she she she she she she she she she she she said \u0026gt; \u0026lt;a href=\\http://t.co/gxhZ0ziS5i\\\u0026gt;http://t.co/gxhZ0ziS5i\u0026lt;/a\u0026gt;\u0026lt;/p\u0026gt;— Piers Morgan (@piersmorgan) \u0026lt;a href=\\https://twitter.com/piersmorgan/status/535142821406068736\\\u0026gt;November 19 |  2014\u0026lt;/a\u0026gt;\u0026lt;/blockquote\u0026gt; \u0026lt;script async src=\\//platform.twitter.com/widgets.js\\ charset=\\utf-8\\\u0026gt;\u0026lt;/script\u0026gt;\" title=\"desktop:\u0026lt;blockquote class=\\twitter-tweet\\ lang=\\en\\\u0026gt;\u0026lt;p\u0026gt;Cosby rape allegations are classic case of he said/she she she she she she she she she she she she she she she said \u0026gt; \u0026lt;a href=\\http://t.co/gxhZ0ziS5i\\\u0026gt;http://t.co/gxhZ0ziS5i\u0026lt;/a\u0026gt;\u0026lt;/p\u0026gt;— Piers Morgan (@piersmorgan) \u0026lt;a href=\\https://twitter.com/piersmorgan/status/535142821406068736\\\u0026gt;November 19 |  2014\u0026lt;/a\u0026gt;\u0026lt;/blockquote\u0026gt; \u0026lt;script async src=\\//platform.twitter.com/widgets.js\\ charset=\\utf-8\\\u0026gt;\u0026lt;/script\u0026gt;\" class=\"news-widget\" id=\"widget_1\" data-widget-name=\"tweet_embed\" data-widget-id=\"5\" data-widget-image=\"http://newscms.nbcnews.com/sites/newscms/files/tweet_embed.png\" data-desktop=\"%3Cblockquote%20class=%22twitter-tweet%22%20lang=%22en%22%3E%3Cp%3ECosby%20rape%20allegations%20are%20classic%20case%20of%20he%20said/she%20she%20she%20she%20she%20she%20she%20she%20she%20she%20she%20she%20she%20she%20she%20said%20\u0026gt;%20%3Ca%20href=%22http://t.co/gxhZ0ziS5i%22%3Ehttp://t.co/gxhZ0ziS5i%3C/a%3E%3C/p%3E—%20Piers%20Morgan%20(@piersmorgan)%20%3Ca%20href=%22https://twitter.com/piersmorgan/status/535142821406068736%22%3ENovember%2019,%202014%3C/a%3E%3C/blockquote%3E%20%3Cscript%20async%20src=%22//platform.twitter.com/widgets.js%22%20charset=%22utf-8%22%3E%3C/script%3E\" data-meta-info=\"desktop\"\u003e\u003c/p\u003e\u003cp\u003e\u003c/p\u003e\u003ch5\u003e— Maria Elena Fernandez\u003c/h5\u003e","cover_headline":"TV Land 'Cosby Show' Reruns Latest Casualty of Sex Claims","cover_image":null,"curated_list":[],"editorial_notes":null,"external_link":null,"first_publication_date":"1416424014","hidden":0,"labels":[],"linked_sections":[],"linked_topics":[],"main_art":{"alt_text":"Image: Bill Cosby","byline":"Evan Vucci","caption":"Entertainer Bill Cosby pauses during an interview about an upcoming exhibit on Nov. 6, 2014, in Washington. ","copyright":null,"crop_rect":"","fid":"771356","focus_rect":"0,868,3375,1442","height":"4096","source":"AP file","title":"Image: Bill Cosby","url":"141117-bill-cosby-jms-1604.jpg","width":"3375"},"native_ad":0,"nid":"251876","publication_date":"1416442181","revision_timestamp":1416689001,"search_enabled":1,"section":["79"],"show_on_cover":1,"slideshow":null,"source":[],"source_site_name":null,"sponsor_label":null,"storyline":["18271"],"summary":"NBC has decided not to bring Bill Cosby back to the network that made him the America's Favorite Dad in the '80s in the wake of assault allegations.","tags":[],"tease_image":null,"title":"NBC Pulls Plug on Bill Cosby Comedy, TV Land Ends Reruns ","topic":["43"],"type":"news_entry","video_art_url":null},"externalId":"251876","externalSource":"NewsCMS","type":"news_entry"}