{"action":"save","entry":{"ads_enabled":1,"article_type":"spread","breaking_news":0,"breaking_news_alert":0,"breaking_news_alert_title":null,"breaking_news_headline":null,"byline_id":["220441"],"comments_enabled":1,"content":"\u003cp\u003eAlabama Senator Jeff Sessions, arguably one of the Senate’s staunchest opponents to immigration reform, laid out a multitude of reasons for opposing President Barack Obama’s immigration action in an opinion piece in USA Today.\u003c/p\u003e\u003cp\u003eObama “declared that he will impose his rejected amnesty through brute force of executive order,” Sessions wrote.\u003c/p\u003e\u003cp\u003eIn addition, he said the president’s action to defer deportations for several million undocumented immigrants living in the U.S. will enable them to “obtain green cards and become permanent residents, allowing them access to almost all federal programs, to receive citizenship and sponsor foreign relatives to join them in the U.S.”\u003c/p\u003e\u003cp\u003eHow accurate are those claims? Here’s a look at them with the help of Patrick Taurel, a legal fellow at the American Immigration Council.\u003c/p\u003e\u003cp\u003e\u003cstrong\u003e “His order will grant them social security numbers, government-issued IS’s, legal status and work permits:”\u003c/strong\u003e\u003c/p\u003e\u003cp\u003eThe president’s executive action to provide the parents of legal residents reprieve from deportation will enable some recipients to get social security numbers and they can also receive a work authorization card, issued by the government, to enable them to seek legal employment. Those steps can only come after they have applied and been approved for the program.\u003c/p\u003e\u003cp\u003eAs for “legal status,” that is more complicated. Recipients will be able to live in the U.S. lawfully but will not have legal status. A person with legal presence (not status) can live, work and attend school without the fear of being deported but won’t be able to enjoy many state and federal benefits.\u003c/p\u003e\u003cp\u003eIn addition, someone with legal status, which includes those who hold a green card or visa, would receive a hearing if their legal status was in jeopardy. Someone with legal presence would not necessarily receive as much due process.\u003c/p\u003e\u003cp\u003eRecipients will not be able to apply for citizenship or legal status and will have to reapply every three years to protect them from deportation.\u003c/p\u003e\u003cp\u003eThe next president, however, can reverse this executive action.\u003c/p\u003e\u003cp\u003e\u003cstrong\u003e“Many illegal immigrants will also be able to obtain green cards and become permanent residents, allowing them access to almost all federal programs, to receive citizenship and sponsor foreign relatives to join them in the U.S.:”\u003c/strong\u003e\u003c/p\u003e\u003cp\u003eIt’s a complicated and risky process, Taurel says, but there is a section of immigration law already in place where a beneficiary of the president’s executive action could receive legal status. It’s through the “parole” process.\u003c/p\u003e\u003cp\u003eSince a person living in the country cannot apply for legal status while in the U.S., a person could attempt the process by traveling to his or her country of origin. The immigrant living in the U.S. can file an application, pay a fee and ask permission to leave the country for one of three reasons – humanitarian, employment or education. If leave is granted, a person must apply for “advance parole” to ask for admittance. Through that process, the traveler can ask for a green card or visa. It is meant to help a small number of people who have access to a visa through a family member or employment and is meant to expedite the process of staying in the country legally.\u003c/p\u003e\u003cp\u003eTaurel said Session's statement that immigrants under the deferred deportation program will be able to receive legal status, including a green card, is \"misleading in the extreme.\"\u003c/p\u003e\u003cp\u003e\"The only way for anyone impacted by the deportation reprieve program for moms and dads to acquire permanent legal status is through a convoluted process that will only really be available to a handful of immediate relatives of US citizens,\" Taurel added. \u003c/p\u003e\u003cp\u003eIn his executive order, the president said he will make it easier for deferred deportation recipients to travel to and from the U.S., but the details are still unclear.\u003c/p\u003e\u003cp\u003e\u003cstrong\u003e“Not only will millions of low-wage illegal immigrants rush into the labor market, but they will collect billions in taxpayer dollars as well. These costly government benefits range from child tax credits, to public housing to the likelihood that amnestied immigrants will rely on taxpayers for medical and retirement benefits.”\u003c/strong\u003e\u003c/p\u003e\u003cp\u003eThe beneficiaries from the executive action will not have access to federal health care and retirement programs. Even though as legal employees they will now be paying taxes, they will not have access to subsidies under the Affordable Care Act nor Social Security, Medicaid or Medicare benefits, Taurel said.\u003c/p\u003e\u003cp\u003e\u003ca href=\"http://www.usatoday.com/story/opinion/2014/11/20/obama-immigration-amnesty-reform-executive-action-overreach-imperial-emperor-column/19293813/\"\u003eRead Sessions’ entire opinion piece \u003c/a\u003e\u003c/p\u003e\u003cp\u003e\u003c/p\u003e","cover_headline":"Breaking Down the Debate Over Immigration","cover_image":{"alt_text":"Image: Jeff Sessions, Saxby Chambliss","byline":"Susan Walsh","caption":"Sen. Jeff Sessions, R-Ala., asks a question of former Nebraska Sen. Chuck Hagel, President Barack Obama's choice for defense secretary, on Capitol Hill in Washington, Thursday, Jan. 31, 2013, during the Senate Armed Services Committee hearing on his nomination.  Sen. Saxby Chambliss, R-Ga., sits at right. (AP Photo/Susan Walsh)","copyright":null,"crop_rect":null,"fid":"779026","focus_rect":null,"height":"2262","source":"AP","title":"Image: Jeff Sessions, Saxby Chambliss","url":"sessions.jpg","width":"3262"},"curated_list":[],"editorial_notes":null,"external_link":null,"first_publication_date":"1416602627","hidden":0,"labels":[],"linked_sections":[],"linked_topics":[],"main_art":{"alt_text":"Image: Jeff Sessions, Saxby Chambliss","byline":"Susan Walsh","caption":"Sen. Jeff Sessions, R-Ala., asks a question of former Nebraska Sen. Chuck Hagel, President Barack Obama's choice for defense secretary, on Capitol Hill in Washington, Thursday, Jan. 31, 2013, during the Senate Armed Services Committee hearing on his nomination.  Sen. Saxby Chambliss, R-Ga., sits at right. (AP Photo/Susan Walsh)","copyright":null,"crop_rect":null,"fid":"779026","focus_rect":null,"height":"2262","source":"AP","title":"Image: Jeff Sessions, Saxby Chambliss","url":"sessions.jpg","width":"3262"},"native_ad":0,"nid":"253731","publication_date":"1416602627","revision_timestamp":1416839832,"search_enabled":1,"section":["64"],"show_on_cover":0,"slideshow":null,"source":[],"source_site_name":null,"sponsor_label":null,"storyline":[],"summary":"Sen. Jeff Sessions, one of the Senate’s staunchest opponents to immigration reform, laid out a multitude of reasons for opposing immigration action.","tags":[],"tease_image":null,"title":"Breaking Down the Debate Over Obama's Immigration Plan","topic":["17741"],"type":"news_entry","video_art_url":null},"externalId":"253731","externalSource":"NewsCMS","type":"news_entry"}