{"action":"save","entry":{"ads_enabled":1,"article_type":"spread","breaking_news":0,"breaking_news_alert":0,"breaking_news_alert_title":null,"breaking_news_headline":null,"byline_id":["4751"],"comments_enabled":1,"content":"\u003cp\u003eAs Bill Cosby continues to make headlines around the world — and not for his jokes — the 77-year-old comedian has \u003ca href=\"http://www.nbcnews.com/pop-culture/pop-culture-news/bill-cosby-cancels-guest-spot-letterman-amid-rape-allegations-n249271\"\u003ecancelled\u003c/a\u003e two talk show appearances and declined to address decades-old sexual assault allegations that have recently re-surfaced.\u003c/p\u003e\u003cp\u003e\u003cdata data-widget-name=\"mpx_video\" data-mpx-id=\"360000579724\" data-mpx-guid=\"nn_cyn_cosby_141117\" data-autoplay=\"0\" data-mpx-title-override=\"Bill Cosby Silent as Sexual Assault Allegations Resurface\" data-mpx-description-override=\"Long-standing allegations against Bill Cosby are resurfacing as another woman comes forward accusing the iconic TV star of rape.\" data-meta-info=\"mpx-id | mpx-guid | mpx-description-override | mpx-title-override\"\u003e\u003c/data\u003e\u003c/p\u003e\u003cp\u003e\u003cstrong\u003eWhat are the allegations?\u003c/strong\u003e\u003c/p\u003e\u003cp\u003eCosby has been accused of sexual assault by more than a dozen women. The allegations surfaced in 2005 when \u003ca href=\"http://articles.philly.com/2006-11-09/news/25406830_1_temple-university-employee-bill-cosby-andrea-constand\"\u003eAndrea Constand\u003c/a\u003e, the former director of operations of Temple University's women's basketball program, sued Cosby claiming that he had given her pills he called \"herbal medication\" to help her cope with stress when she visited his Philadelphia-area mansion in 2004 and, after she consumed them, he touched her breasts and genitals and assaulted her.\u003c/p\u003e\u003cp\u003eConstand, who met Cosby in 2002 and thought of him as a mentor, contacted police about the alleged assault but the Montgomery District Attorney declined to pursue charges. On Monday, former Montgomery District Attorney Bruce Castor told NBC Nightly News that he wishes he could have moved forward with the case but felt that he couldn't.\u003c/p\u003e\u003cp\u003e\u003cdata data-widget-name=\"mpx_video\" data-mpx-id=\"359704643626\" data-mpx-guid=\"tdy_cosby_141117\" data-autoplay=\"0\" data-mpx-title-override=\"Bill Cosby silent amid sex abuse allegations\" data-mpx-description-override=\"TODAY’s legal analyst Lisa Bloom weighs in on a new allegation of sexual assault against the comedian, added to a list of accusations by women claiming they were attacked by Cosby decades ago. NBC national correspondent Craig Melvin reports.\" data-meta-info=\"mpx-id | mpx-guid | mpx-description-override | mpx-title-override\"\u003e\u003c/data\u003e\u003c/p\u003e\u003cp\u003e\"I didn't say that he didn't commit the crime,\" Castor said. \"There was insufficient admissible and reliable evidence on which to base a conviction beyond a reasonable doubt. That's prosecutor speak for, 'I think he did it but there's just no enough here to prosecute.'\"\u003c/p\u003e\u003cp\u003eConstand sued Cosby one month later on allegations of sexual assault and defamation.\u003c/p\u003e\u003cp\u003eAs news of that lawsuit spread, 13 other women came forward with similar allegations of drugging and abuse and who were willing to serve as witnesses in Constand's case. Cosby denied assaulting Constand and the lawsuit was settled out of court for an undisclosed amount.\u003c/p\u003e\u003cp\u003eAlthough many of the women were listed as Jane Doe's, some made their accusations and identities public. California attorney Tamara Green also came forward in 2005 and \u003ca href=\"http://www.today.com/id/6945190/ns/today/t/second-cosby-accuser-why-she-came-forward/#.VGpUa1fF-Uf\"\u003esaid on the Today Show \u003c/a\u003ethat Cosby had drugged and assaulted her. Cosby denied even knowing Green.\u003c/p\u003e\u003cp\u003eIn 2006, Philadelphia magazine twice interviewed Barbara Bowman, another witness in Constand's lawsuit. In the stories, Bowman detailed several sexual assaults allegedly at the hands of Cosby.\u003c/p\u003e\u003cp\u003e\u003cstrong\u003eWhy are the allegations on the forefront again?\u003c/strong\u003e\u003c/p\u003e\u003cp\u003eLast month, stand-up comedian Hannibal Buress\u003ca href=\"http://www.vulture.com/2014/10/hannibal-buress-called-bill-cosby-a-rapist.html\"\u003e lambasted Cosby's alleged behavior \u003c/a\u003eand called him a \"rapist\" during a show in Philadelphia. A clip of his set went viral and people all over the Web began talking about the allegations against Cosby again.\u003c/p\u003e\u003cp\u003eInspired by the attention, on Nov. 13 Bowman wrote an \u003ca href=\"http://www.washingtonpost.com/posteverything/wp/2014/11/13/bill-cosby-raped-me-why-did-it-take-30-years-for-people-to-believe-my-story/\"\u003eop-ed for the Washington Post \u003c/a\u003etitled: \"Bill Cosby raped me. Why did it take 30 years for people to believe my story?\"\u003c/p\u003e\u003cp\u003eThen, just this weekend, a new accuser stepped forward. \u003ca href=\"http://www.hollywood-elsewhere.com/2014/11/another-cosby-victim-comes/\"\u003eJoan Tarshis alleges\u003c/a\u003e that Cosby drugged and assaulted her on two occasions in 1969.\u003c/p\u003e\u003cp\u003eAnd then Cosby seemed to make it all worse. Last week, a \"meme\" campaign promoted by the comedian himself \u003ca href=\"http://rt.com/usa/205367-bill-cosby-rape-meme-twitter/\"\u003eended in disaster\u003c/a\u003e. Cosby asked Twitter users to post clever captions under his picture. Many of them referenced the rape allegations.\u003c/p\u003e\u003cp\u003e\u003cimg src=\"http://newscms.nbcnews.com/sites/newscms/files/tweet_embed.png\" alt=\"desktop:\u0026lt;blockquote class=\\twitter-tweet\\ lang=\\en\\\u0026gt;\u0026lt;p\u0026gt;Oh boy. RT \u0026lt;a href=\\https://twitter.com/BillCosby\\\u0026gt;@BillCosby\u0026lt;/a\u0026gt;: Go ahead. Meme me! \u0026lt;a href=\\http://t.co/OeixcLy3qZ\\\u0026gt;http://t.co/OeixcLy3qZ\u0026lt;/a\u0026gt; \u0026lt;a href=\\https://twitter.com/hashtag/CosbyMeme?src=hash\\\u0026gt;#CosbyMeme\u0026lt;/a\u0026gt; \u0026lt;a href=\\http://t.co/9ao6QAihTX\\\u0026gt;http://t.co/9ao6QAihTX\u0026lt;/a\u0026gt;\u0026lt;/p\u0026gt;— RUSS BENGT$ON (@russbengtson) \u0026lt;a href=\\https://twitter.com/russbengtson/status/531941068619517953\\\u0026gt;November 10 |  2014\u0026lt;/a\u0026gt;\u0026lt;/blockquote\u0026gt; \u0026lt;script async src=\\//platform.twitter.com/widgets.js\\ charset=\\utf-8\\\u0026gt;\u0026lt;/script\u0026gt;\" title=\"desktop:\u0026lt;blockquote class=\\twitter-tweet\\ lang=\\en\\\u0026gt;\u0026lt;p\u0026gt;Oh boy. RT \u0026lt;a href=\\https://twitter.com/BillCosby\\\u0026gt;@BillCosby\u0026lt;/a\u0026gt;: Go ahead. Meme me! \u0026lt;a href=\\http://t.co/OeixcLy3qZ\\\u0026gt;http://t.co/OeixcLy3qZ\u0026lt;/a\u0026gt; \u0026lt;a href=\\https://twitter.com/hashtag/CosbyMeme?src=hash\\\u0026gt;#CosbyMeme\u0026lt;/a\u0026gt; \u0026lt;a href=\\http://t.co/9ao6QAihTX\\\u0026gt;http://t.co/9ao6QAihTX\u0026lt;/a\u0026gt;\u0026lt;/p\u0026gt;— RUSS BENGT$ON (@russbengtson) \u0026lt;a href=\\https://twitter.com/russbengtson/status/531941068619517953\\\u0026gt;November 10 |  2014\u0026lt;/a\u0026gt;\u0026lt;/blockquote\u0026gt; \u0026lt;script async src=\\//platform.twitter.com/widgets.js\\ charset=\\utf-8\\\u0026gt;\u0026lt;/script\u0026gt;\" class=\"news-widget\" id=\"widget_0\" data-widget-name=\"tweet_embed\" data-widget-id=\"5\" data-widget-image=\"http://newscms.nbcnews.com/sites/newscms/files/tweet_embed.png\" data-desktop=\"%3Cblockquote%20class=%22twitter-tweet%22%20lang=%22en%22%3E%3Cp%3EOh%20boy.%20RT%20%3Ca%20href=%22https://twitter.com/BillCosby%22%3E@BillCosby%3C/a%3E:%20Go%20ahead.%20Meme%20me!%20%3Ca%20href=%22http://t.co/OeixcLy3qZ%22%3Ehttp://t.co/OeixcLy3qZ%3C/a%3E%20%3Ca%20href=%22https://twitter.com/hashtag/CosbyMeme?src=hash%22%3E#CosbyMeme%3C/a%3E%20%3Ca%20href=%22http://t.co/9ao6QAihTX%22%3Ehttp://t.co/9ao6QAihTX%3C/a%3E%3C/p%3E—%20RUSS%20BENGT$ON%20(@russbengtson)%20%3Ca%20href=%22https://twitter.com/russbengtson/status/531941068619517953%22%3ENovember%2010,%202014%3C/a%3E%3C/blockquote%3E%20%3Cscript%20async%20src=%22//platform.twitter.com/widgets.js%22%20charset=%22utf-8%22%3E%3C/script%3E\" data-meta-info=\"desktop\"\u003e\u003c/p\u003e\u003cp\u003e\u003cstrong\u003eWhat does Cosby say about the allegations?\u003c/strong\u003e\u003c/p\u003e\u003cp\u003eIn the past, he has denied them. On NPR's \"Weekend Edition\" on Saturday, Cosby \u003ca href=\"http://www.npr.org/blogs/thetwo-way/2014/11/15/364297097/in-npr-interview-bill-cosby-declines-to-discuss-assault-allegations\"\u003erefused to answer \u003c/a\u003equestions posed by host Scott Simon, simply shaking his head \"no.\" The next morning, Cosby’s lawyer, John P. Schmitt, posted the following statement to\u003ca href=\"http://billcosby.com/\"\u003e Cosby's Web site:\u003c/a\u003e\u003ca href=\"http://billcosby.com/2014/11/1738/\"\u003e\u003c/a\u003e\u003c/p\u003e\u003cp\u003e\"Over the last several weeks, decade-old, discredited allegations against Mr. Cosby have resurfaced. The fact that they are being repeated does not make them true. Mr. Cosby does not intend to dignify these allegations with any comment. He would like to thank all his fans for the outpouring of support and assure them that, at age 77, he is doing his best work. There will be no further statement from Mr. Cosby or any of his representatives.\"\u003c/p\u003e\u003cp\u003eOn Monday, attorney Dolores Troiani, who represents Andrea Constand, and Schmitt released a joint statement:\u003c/p\u003e\u003cp\u003e\"The statement released by Mr. Cosby’s attorney over the weekend was not intended to refer in any way to Andrea Constand. As previously reported, differences between Mr. Cosby and Ms. Constand were resolved to the mutual satisfaction of Mr. Cosby and Ms. Constand years ago. Neither Mr. Cosby nor Ms. Constand intends to comment further on the matter.\"\u003c/p\u003e\u003cp\u003e\u003cstrong\u003eCosby has cancelled appearances on two talk shows to promote his Thanksgiving Day Netflix comedy special. Is that still on track?\u003c/strong\u003e\u003c/p\u003e\u003cp\u003eNetflix has not announced changes to its plans.\u003c/p\u003e\u003cp\u003e\u003cstrong\u003eWhat is the status of Cosby's new NBC comedy?\u003c/strong\u003e\u003c/p\u003e\u003cp\u003eSlated to premiere in either summer or fall of next year, the untitled multi-camera comedy is \"still in development,\" an NBC spokesperson told NBC News on Monday. Created by Mike Sikowitz and Mike O'Malley, the show centers on a multi-generational family where Cosby plays the patriarch.\u003c/p\u003e","cover_headline":"Why Are Old Assault Claims Against Bill Cosby Back?","cover_image":null,"curated_list":[],"editorial_notes":null,"external_link":null,"first_publication_date":"1416258006","hidden":0,"labels":[],"linked_sections":["7"],"linked_topics":["32"],"main_art":{"alt_text":"Image: Bill Cosby","byline":"Evan Vucci","caption":"Entertainer Bill Cosby pauses during an interview about an upcoming exhibit on Nov. 6, 2014, in Washington. ","copyright":null,"crop_rect":"","fid":"771356","focus_rect":"0,868,3375,1442","height":"4096","source":"AP file","title":"Image: Bill Cosby","url":"141117-bill-cosby-jms-1604.jpg","width":"3375"},"native_ad":0,"nid":"250161","publication_date":"1416258359","revision_timestamp":1416688972,"search_enabled":1,"section":["79"],"show_on_cover":1,"slideshow":null,"source":[],"source_site_name":null,"sponsor_label":null,"storyline":["18271"],"summary":"Sexual assault claims that first surfaced a decade ago against comedian Bill Cosby are in full swing again. What happened to reignite this scandal?","tags":[],"tease_image":null,"title":"Why Are Old Assault Claims Against Bill Cosby Back?","topic":["43"],"type":"news_entry","video_art_url":null},"externalId":"250161","externalSource":"NewsCMS","type":"news_entry"}