{"action":"save","entry":{"ads_enabled":1,"article_type":"spread","breaking_news":0,"breaking_news_alert":0,"breaking_news_alert_title":null,"breaking_news_headline":null,"byline_id":["3466","1326","291"],"comments_enabled":1,"content":"\u003cp\u003eThere are two reasons why Republicans aren’t winning the political fight over President Obama’s executive action on immigration. One: The GOP remains divided in how to respond (beyond decrying the action Obama took on Thursday). Two: It ceded the political high ground when House Republicans refused to consider ANY immigration bill that dealt with border enforcement and the 11 million undocumented immigrants living in the United States. “I do think that the president moved beyond his authority,” Sen. Jeff Flake (R-AZ), one of the co-authors of the Senate “Gang of Eight” bill, stated on “Meet the Press” yesterday. “Having said that, for my role in the Senate, I think we ought to put legislation on the president's desk. That ought to be the response.” Sen. Lindsey Graham (R-SC), another “Gang of Eight” member added to CNN, “Shame on us as Republicans. Shame on us as Republicans for having a body that cannot generate a solution to an issue that it's national security, that's cultural and it's economic… I'm disappointed in my party.” As long as there are these kinds of quotes from Republicans, the GOP isn’t going to win this fight, even if the public doesn’t like the process Obama used here.\u003c/p\u003e\u003cp\u003e\u003c/p\u003e\u003cp\u003e\u003cstrong\u003eUS-Iran talks headed for another extension\u003c/strong\u003e\u003c/p\u003e\u003cp\u003eNot surprisingly, it appears that the United States’ nuclear talks with Iran are headed for another extension. Western diplomats tell NBC’s Andrea Mitchell, \"Given progress made this weekend, talks headed to likely extension with experts and negotiating teams reconvening in December at a yet to be determined location.\" Our take: Talking is always better than not talking, but the sides aren’t close to an agreement yet. And don't forget the Obama administration knows it has to strike a deal that's good enough to keep Congress from overriding it. And that may be the reality here: The US delegation hasn't struck a deal that can pass muster with Congress.\u003c/p\u003e\u003cp\u003e\u003c/p\u003e\u003cp\u003e\u003cstrong\u003e2016 poll watch\u003c/strong\u003e\u003c/p\u003e\u003cp\u003eA new \u003ca href=\"http://www.businessweek.com/pdfs/bloomberg-saint-anselm-purple-NH-survey-Q1-to-Q9-11-2014.pdf\"\u003e2016 Bloomberg poll of New Hampshire\u003c/a\u003e, conducted by Purple Strategies, finds what we pretty much know this far out: 1) the potential GOP field is very competitive, and 2) Hillary is crushing any Democratic opposition. On the GOP side when Romney is removed from the field, Rand Paul and Chris Christie are tied at 16%, followed by Jeb Bush at 14%, Ben Carson at 9%, Mike Huckabee at 8%, Paul Ryan at 7%, Ted Cruz at 5%, Bobby Jindal at 4%, and Rick Perry at 3%. (Question: Why weren’t Marco Rubio and Scott Walker included as possibilities?) On the Dem side, it’s Hillary Clinton at 62% among Democratic primary voters, Elizabeth Warren at 13%, Bernie Sanders at 6%, and Joe Biden at 5%. In hypothetical general-election matchups -- yes, we know Election Night 2016 is about two years away -- Clinton tops Jeb Bush by 8 points (47%-39%) and Rand Paul by seven (48%-41%). But Romney reduces Clinton’s lead to just one point, 46%-45%.\u003c/p\u003e\u003cp\u003e\u003c/p\u003e\u003cp\u003e\u003cstrong\u003e“That new car smell”\u003c/strong\u003e\u003c/p\u003e\u003cp\u003eSpeaking of 2016, President Obama didn’t do Hillary Clinton any favors with this quote over the weekend. \"I think the American people, you know, they're going to want -- you know, that new car smell. You know, their own -- they want to drive something off the lot that doesn't have as much mileage as me,\" he told \u003ca href=\"http://abcn.ws/1HCF4EW\"\u003eABC\u003c/a\u003e, explaining why he doesn’t plan to play a big role in the 2016 campaign. Obama’s quote is accurate: After a president’s two terms in office, the public does look for “that new car smell.” But if you’re a Democrat or Hillary supporter, he could have used a better metaphor here. Indeed, here was the Republican National Committee \u003ca href=\"http://rncresearch.tumblr.com/post/103370522000/obama-admits-americans-looking-for-new-car-smell\"\u003ejumping all over Obama's metaphor\u003c/a\u003e. \"Obama and the Democrats may want to get a new message if they hope to elect Hillary to Obama’s third term,\" the RNC says.\u003c/p\u003e\u003cp\u003e\u003c/p\u003e\u003cp\u003e\u003cstrong\u003eObama awards Presidential Medal of Freedom\u003c/strong\u003e\u003c/p\u003e\u003cp\u003eAt 2:15 pm ET, Obama awards the Presidential Medal of Freedom to 19 artists, activists, and public servants, the \u003ca href=\"http://hosted.ap.org/dynamic/stories/U/US_OBAMA_MEDAL_OF_FREEDOM?SITE=AP\u0026amp;SECTION=HOME\u0026amp;TEMPLATE=DEFAULT\"\u003eAP reports\u003c/a\u003e. They include “actress Meryl Streep, Ethel Kennedy, widow of the late Sen. Robert Kennedy, singer-songwriter Stevie Wonder and Rep. John Dingell… Others being recognized at a White House ceremony Monday are composer Stephen Sondheim, NBC journalist Tom Brokaw and author Isabel Allende.” And: “Posthumous medals will go to six individuals, among them civil rights workers James Chaney, Andrew Goodman and Michael Schwerner.” Congratulations to our colleague Tom Brokaw!\u003c/p\u003e\u003cp\u003e\u003c/p\u003e\u003cp\u003e\u003cstrong\u003eFriday news dump, Part 1\u003c/strong\u003e\u003c/p\u003e\u003cp\u003eLast Friday was the quite the day for news dumps, especially coming the late afternoon the Friday before Thanksgiving. The first news dump: The GOP-led House Intelligence Committee’s admission that the two-year-long Benghazi scandal, well, has really never been much of a scandal. “Debunking a series of persistent allegations hinting at dark conspiracies, the investigation of the politically charged incident determined that there was no intelligence failure, no delay in sending a CIA rescue team, no missed opportunity for a military rescue, and no evidence the CIA was covertly shipping arms from Libya to Syria,” the \u003ca href=\"http://www.washingtonpost.com/politics/federal_government/house-intel-panel-debunks-many-benghazi-theories/2014/11/21/dec7f848-71c5-11e4-a2c2-478179fd0489_story.html\"\u003eAP wrote\u003c/a\u003e. “The report did not conclude that [Susan] Rice or any other government official acted in bad faith or intentionally misled the American people.” Bottom line: Many prominent Republicans owe Rice and the American public an apology. But I’m not sure we’re going to see it. “I think the [House Intelligence Committee] report is full of crap,” Sen. Lindsey Graham (R-SC) told CNN yesterday. That said, the real scandal here was always the Obama administration’s Libya policy, not what happened (or didn’t happen) in Benghazi. That's always been the case. And yet some critics have missed seeing this policy forest through their conspiratorial trees.\u003c/p\u003e\u003cp\u003e\u003c/p\u003e\u003cp\u003e\u003cstrong\u003eFriday news dump, Part 2\u003c/strong\u003e\u003c/p\u003e\u003cp\u003eThe other Friday news dump was maybe even more significant: The end of the combat mission in Afghanistan? Well, it isn’t happening this year. The \u003ca href=\"http://www.nytimes.com/2014/11/22/us/politics/in-secret-obama-extends-us-role-in-afghan-combat.html?_r=0\"\u003eNew York Times with the scoop\u003c/a\u003e: “President Obama decided in recent weeks to authorize a more expansive mission for the military in Afghanistan in 2015 than originally planned, a move that ensures American troops will have a direct role in fighting in the war-ravaged country for at least another year.” More: “Mr. Obama’s order allows American forces to carry out missions against the Taliban and other militant groups threatening American troops or the Afghan government, a broader mission than the president described to the public earlier this year, according to several administration, military and congressional officials with knowledge of the decision.” The Times cites two reasons for the increased military role: 1) the lesson of ISIS in Iraq, and 2) a much more cooperative government in new Afghan President Ghani.\u003c/p\u003e\u003cp\u003e\u003c/p\u003e\u003cp\u003e\u003cstrong\u003eRIP, Marion Barry\u003c/strong\u003e\u003c/p\u003e\u003cp\u003eWe thought the \u003ca href=\"http://www.newyorker.com/news/news-desk/postscript-marion-barry-1936-2014\"\u003eNew Yorker’s David Remnick\u003c/a\u003e summed up the political life of former DC Mayor Marion Barry very well: “Give him this: Marion Barry was the most vivid local politician in the history of the District of Columbia. Like Earl and Huey Long, of Louisiana, he was a kaleidoscopically strange and contradictory political beast: a man of civil rights, a man of fallen character, a cunning operator, an arrogant hack, a builder, an underminer, a spokesman for the dispossessed, a bullsh!% artist.” And if politics is about the art of survival, Barry was one of the all-time pros. He was 78.\u003c/p\u003e\u003cp\u003e\u003cdata data-widget-name=\"mpx_video\" data-mpx-id=\"362426947985\" data-mpx-guid=\"tdy_01marionbarry_141123\" data-autoplay=\"0\" data-mpx-title-override=\"Former DC mayor Marion Barry dies at 78\" data-mpx-description-override=\"Marion Barry, a polarizing figure in Washington, D.C., politics for more than four decades, died Sunday at age 78. He is survived by his wife and son.\" data-meta-info=\"mpx-id | mpx-guid | mpx-description-override | mpx-title-override\"\u003e\u003c/data\u003e\u003c/p\u003e\u003cp\u003e\u003c/p\u003e\u003cp\u003e\u003ca href=\"http://secure.nbcnews.com/_tps/accounts/msnbc/newsletters?categoryFilter=shows\u0026amp;highlight=firstread\"\u003eClick here to sign up for First Read emails.\u003c/a\u003e Text FIRST to 622639, to sign up for First Read alerts to your mobile phone. Check us out on \u003ca href=\"http://is.gd/TzuR1b\" target=\"_blank\" title=\"http://is.gd/TzuR1b\"\u003eFacebook \u003c/a\u003eand also on \u003ca href=\"http://is.gd/hkhSDT\" target=\"_blank\" title=\"http://is.gd/hkhSDT\"\u003eTwitter\u003c/a\u003e. Follow us @\u003ca href=\"http://twitter.com/#!/chucktodd\" title=\"http://twitter.com/#!/chucktodd\"\u003echucktodd\u003c/a\u003e, @\u003ca href=\"http://twitter.com/#!/mmurraypolitics\" title=\"http://twitter.com/#!/mmurraypolitics\"\u003emmurraypolitics\u003c/a\u003e, \u003ca href=\"https://twitter.com/CarrieNBCNews\"\u003e@carrienbcnews\u003c/a\u003e\u003c/p\u003e","cover_headline":"Republicans Aren't Winning the Immigration Fight. Here's Why.","cover_image":{"alt_text":"Image: Ken Adams (L) argues with an anti-Obama protester outside a high school where U.S. President Obama is scheduled to deliver remarks on his use of executive authority to relax U.S. immigration policy in Las Vegas, Nevada","byline":"MIKE BLAKE","caption":"REFILE - ADDING FIRST NAME OF U.S. PRESIDENT\r\n\r\nProtesters gather signs across the street from Del Sol High School where U.S. President Barack Obama is scheduled to deliver remarks on his use of executive authority to relax U.S. immigration policy in Las Vegas, Nevada November 21, 2014.  REUTERS/Mike Blake (UNITED STATES - Tags: POLITICS CIVIL UNREST EDUCATION SOCIETY IMMIGRATION)","copyright":null,"crop_rect":null,"fid":"780741","focus_rect":null,"height":"2344","source":"Reuters","title":"Image: Ken Adams (L) argues with an anti-Obama protester outside a high school where U.S. President Obama is scheduled to deliver remarks on his use of executive authority to relax U.S. immigration policy in Las Vegas, Nevada","url":"2014-11-22t000627z_841993719_gm1eabm09mh01_rtrmadp_3_usa-immigration.jpg","width":"3500"},"curated_list":[],"editorial_notes":null,"external_link":null,"first_publication_date":"1416838107","hidden":0,"labels":[],"linked_sections":["40"],"linked_topics":["53"],"main_art":{"alt_text":"Image: Ken Adams (L) argues with an anti-Obama protester outside a high school where U.S. President Obama is scheduled to deliver remarks on his use of executive authority to relax U.S. immigration policy in Las Vegas, Nevada","byline":"MIKE BLAKE","caption":"REFILE - ADDING FIRST NAME OF U.S. PRESIDENT\r\n\r\nProtesters gather signs across the street from Del Sol High School where U.S. President Barack Obama is scheduled to deliver remarks on his use of executive authority to relax U.S. immigration policy in Las Vegas, Nevada November 21, 2014.  REUTERS/Mike Blake (UNITED STATES - Tags: POLITICS CIVIL UNREST EDUCATION SOCIETY IMMIGRATION)","copyright":null,"crop_rect":null,"fid":"780741","focus_rect":null,"height":"2344","source":"Reuters","title":"Image: Ken Adams (L) argues with an anti-Obama protester outside a high school where U.S. President Obama is scheduled to deliver remarks on his use of executive authority to relax U.S. immigration policy in Las Vegas, Nevada","url":"2014-11-22t000627z_841993719_gm1eabm09mh01_rtrmadp_3_usa-immigration.jpg","width":"3500"},"native_ad":0,"nid":"254836","publication_date":1416842938,"revision_timestamp":1416842939,"search_enabled":1,"section":["64"],"show_on_cover":1,"slideshow":null,"source":[],"source_site_name":null,"sponsor_label":null,"storyline":[],"summary":"The public doesn't like the process the president used for his immigration order, but Republican divisions and past inaction still smarts. ","tags":[],"tease_image":null,"title":"Republicans Aren't Winning the Immigration Fight. Here's Why.","topic":["63"],"type":"news_entry","video_art_url":null},"externalId":"254836","externalSource":"NewsCMS","type":"news_entry"}