{"action":"save","entry":{"ads_enabled":1,"article_type":"photo","breaking_news":0,"breaking_news_alert":0,"breaking_news_alert_title":null,"breaking_news_headline":null,"byline_id":["221"],"comments_enabled":1,"content":"\u003cp\u003eCarnegie Mellon University has unveiled a four-wheeled moon rover that its creators hope will win the lion's share of the \u003ca href=\"http://lunar.xprize.org/about/overview\"\u003e$30 million Google Lunar X Prize\u003c/a\u003e — and explore the \u003ca href=\"http://cosmiclog.nbcnews.com/_news/2010/07/17/4692369-living-on-the-moon-its-the-pits\"\u003emoon's mysterious pits and caves\u003c/a\u003e in the process.\u003c/p\u003e\u003cp\u003e\"We don't do anything just to win a prize. If we're on the moon anyway, we're going to do something while we're up there,\" William \"Red\" Whittaker, a robotics professor at CMU and director of the Field Robotics Center, \u003ca href=\"http://www.cmu.edu/news/stories/archives/2014/november/november24_lunarroverandy.html\"\u003esaid Monday in a news release\u003c/a\u003e.\u003c/p\u003e\u003cp\u003eWhittaker led the team that won the \u003ca href=\"http://www.nbcnews.com/id/21625291\"\u003e$2 million DARPA Urban Challenge in 2007\u003c/a\u003e with a robo-car that could drive itself through an urban obstacle course. That demonstration helped blaze a trail for a \u003ca href=\"http://www.nbcnews.com/tech/innovation/california-begins-issuing-permits-testing-self-driving-cars-n204906\"\u003enew generation of autonomous road vehicles\u003c/a\u003e. Similarly, Whittaker hopes Andy will blaze a trail on the moon for \u003ca href=\"http://www.astrobotic.com/\"\u003eAstrobotic Technology\u003c/a\u003e, one of 18 teams entered in the Lunar X Prize challenge.\u003c/p\u003e\u003cp\u003e\u003cdata data-widget-name=\"mpx_video\" data-mpx-id=\"307894339605\" data-mpx-guid=\"n_msnbc2_apollofuture_140718\" data-autoplay=\"0\" data-mpx-title-override=\"Today’s space race: Google Lunar X Prize\" data-mpx-description-override=\"Msnbc’s Craig Melvin dives into today’s space competition organized by the X Prize foundation and sponsored by Google. Joined by Astrobotic CEO John Thornton, the pair discusses a $30 million dollar prize awarded to the team and nation that lands a robot safely on the moon, moves 500 meters on, above, or below the Moon’s surface and sends back HDTV Mooncasts for everyone to enjoy.\" data-meta-info=\"mpx-id | mpx-guid | mpx-description-override | mpx-title-override\"\u003e\u003c/data\u003e\u003c/p\u003e\u003cp\u003eThe rover is called Andy, as a tribute to industrialists Andrew Carnegie and Andrew Mellon. This particular Andy represents Carnegie Mellon's contribution to the Astrobotic effort. \"Every extraterrestrial robot carries some DNA from Carnegie Mellon, but Andy would be the first true CMU robot to make the leap from Earth,\" Whittaker said.\u003c/p\u003e\u003cp\u003eTo win the $20 million grand prize in the Google Lunar X Prize competition, Andy would have to be launched to the moon, make a soft landing, travel at least 500 meters (a quarter of a mile) and send high-resolution video from the lunar surface. That all has to be done by the end of 2015. Astrobotic already has reserved a SpaceX Falcon 9 rocket for a moon trip to be launched no earlier than next October.\u003c/p\u003e\u003cp\u003eThe exploration aspect is optional as far as the prize program is concerned — but that's likely to attract bonus interest from planetary scientists, potential customers and anyone who's considering the prospects for even more ambitious moon missions.\u003c/p\u003e\u003cp\u003e\u003cimg src=\"http://newscms.nbcnews.com/sites/newscms/files/youtube.png\" alt=\"youtube-id:2Snxzm0u-UM\" title=\"youtube-id:2Snxzm0u-UM\" class=\"news-widget\" id=\"widget_0\" data-widget-name=\"youtube\" data-widget-id=\"7\" data-widget-image=\"http://newscms.nbcnews.com/sites/newscms/files/youtube.png\" data-youtube-id=\"2Snxzm0u-UM\" data-meta-info=\"youtube-id\"\u003e\u003c/p\u003e\u003cp\u003eOne possibility is to go prospecting for \u003ca href=\"http://www.nbcnews.com/id/49906071\"\u003elunar ice\u003c/a\u003e, which could provide drinking water, oxygen and fuel for future explorers.\u003c/p\u003e\u003cp\u003eOther potential destinations include the steep-sided pits that have been seen in orbital images. Such voids were created long ago by the collapse of underlying material — think of them as sinkholes on the moon — and could conceivably \u003ca href=\"http://www.nbcnews.com/id/34645328/ns/technology_and_science-space/t/hole-moon-could-shelter-colonists/\"\u003eserve as shelters for future settlers\u003c/a\u003e.\u003c/p\u003e\u003cp\u003e\"These pits are astounding and unexplored; it will be like coming upon the Grand Canyon,\" Whittaker said. \"Some pits might be entrances to caves. You can't explore caves from a satellite; you've got to be there, on the ground, so robots are the next step.\"\u003c/p\u003e","cover_headline":"A Moon Rover Named Andy Joins Astrobotic's Space Team","cover_image":null,"curated_list":[],"editorial_notes":null,"external_link":null,"first_publication_date":"1416864950","hidden":0,"labels":[],"linked_sections":[],"linked_topics":["67"],"main_art":{"alt_text":"Image: Andy the rover","byline":null,"caption":"Carnegie Mellon University's Andy rover stands about 3 feet high, with 1-foot-wide wheels. The rover's weight on the moon will be less than 10 pounds.","copyright":null,"crop_rect":"","fid":"781416","focus_rect":"2371,838,2813,2054","height":"3456","source":"Carnegie Mellon University","title":"Image: Andy the rover","url":"141124-andy.jpg","width":"5184"},"native_ad":0,"nid":"255191","publication_date":"1416862503","revision_timestamp":1416864961,"search_enabled":1,"section":["73"],"show_on_cover":1,"slideshow":null,"source":[],"source_site_name":null,"sponsor_label":null,"storyline":[],"summary":"Carnegie Mellon University has unveiled a four-wheeled moon rover that its creators hope will win a prize and  explore lunar pits and caves.","tags":[],"tease_image":null,"title":"Moon Rover Reporting for Duty: 'Andy' Joins Astrobotic Team","topic":["83"],"type":"news_entry","video_art_url":null},"externalId":"255191","externalSource":"NewsCMS","type":"news_entry"}