{"action":"save","entry":{"ads_enabled":1,"article_type":"video","brand":"NBC News","breaking_news":0,"breaking_news_alert":0,"breaking_news_alert_title":null,"breaking_news_headline":null,"byline_id":[],"comments_enabled":1,"content":null,"cover_headline":null,"cover_image":null,"curated_list":[],"editorial_notes":null,"external_link":null,"first_publication_date":"1416395689","hidden":0,"labels":[],"linked_sections":[],"linked_topics":["30","28"],"main_art":{"alt_text":null,"byline":null,"caption":null,"copyright":null,"crop_rect":null,"fid":"775116","focus_rect":null,"height":"1080","source":null,"title":null,"url":"n_lon_stranded2_141119.jpg","width":"1920"},"mpx_description":"Caitlin Battaglia trapped on 100-mile stretch of 'New York Thruway' shut down because of white-out conditions.","mpx_guid":"x_lon_thruway_141119","mpx_id":"360724035539","mpx_title":"Motorist Stuck on I-90: 'No Idea When We'll Get Out'","native_ad":0,"nid":"251451","publication_date":"1416395689","revision_timestamp":1416426124,"search_enabled":1,"section":["7"],"show_on_cover":0,"slideshow":null,"source":[],"source_site_name":null,"sponsor_label":null,"storyline":[],"summary":"Caitlin Battaglia trapped on 100-mile stretch of 'New York Thruway' shut down because of white-out conditions.","tags":[],"tease_image":null,"title":"Motorist Stuck on I-90: 'No Idea When We'll Get Out'","topic":["66"],"type":"news_entry","video_art_url":"http://media2.s-nbcnews.com/i/MSNBC/Components/Video/__NEW/x_lon_thruway_141119.jpg","workbench_id":"56454663"},"externalId":"251451","externalSource":"NewsCMS","type":"news_entry"}