{"action":"save","entry":{"ads_enabled":1,"article_type":"video","brand":"NBC News","breaking_news":0,"breaking_news_alert":0,"breaking_news_alert_title":null,"breaking_news_headline":null,"byline_id":[],"comments_enabled":1,"content":null,"cover_headline":null,"cover_image":null,"curated_list":[],"editorial_notes":null,"external_link":null,"first_publication_date":"1416389069","hidden":0,"labels":[],"linked_sections":[],"linked_topics":["30","8"],"main_art":null,"mpx_description":"Worshippers returned to west Jerusalem synagogue where four worshippers were killed just a day before in horrific attack.","mpx_guid":"x_lon_synagogue_141119","mpx_id":"360697923559","mpx_title":"Prayer Returns to Scene of Bloody Jerusalem Synagogue Attack","native_ad":0,"nid":"251416","publication_date":1416389068,"revision_timestamp":1416389069,"search_enabled":1,"section":["7"],"show_on_cover":0,"slideshow":null,"source":[],"source_site_name":null,"sponsor_label":null,"storyline":["17836"],"summary":"Worshippers returned to west Jerusalem synagogue where four worshippers were killed just a day before in horrific attack.","tags":[],"tease_image":null,"title":"Prayer Returns to Scene of Bloody Jerusalem Synagogue Attack","topic":["26"],"type":"news_entry","video_art_url":"http://media2.s-nbcnews.com/i/MSNBC/Components/Video/__NEW/x_lon_synagogue_141119.jpg","workbench_id":"56454450"},"externalId":"251416","externalSource":"NewsCMS","type":"news_entry"}