{"action":"save","entry":{"ads_enabled":1,"article_type":"video","brand":"NBC News","breaking_news":0,"breaking_news_alert":0,"breaking_news_alert_title":null,"breaking_news_headline":null,"byline_id":[],"comments_enabled":1,"content":null,"cover_headline":"Watch Surfers Catch Waves on Lake Erie in Snowstorm","cover_image":null,"curated_list":[],"editorial_notes":null,"external_link":null,"first_publication_date":"1416419824","hidden":0,"labels":[],"linked_sections":[],"linked_topics":["66","30"],"main_art":{"alt_text":null,"byline":null,"caption":" ","copyright":null,"crop_rect":"","fid":"775881","focus_rect":"38,484,2448,857","height":"1406","source":null,"title":null,"url":"f_ots_buffalo_surfers.jpg","width":"2500"},"mpx_description":"Kevin and Christian, two athletes in Western New York brave a lake effect snowstorm, blasting across lake Erie, to hang ten.","mpx_guid":"f_ots_buffalo_surfers","mpx_id":"360845891670","mpx_title":"Watch Surfers Catch Waves on Lake Erie in Snowstorm","native_ad":0,"nid":"251811","publication_date":"1416419823","revision_timestamp":1416475987,"search_enabled":1,"section":["7"],"show_on_cover":1,"slideshow":null,"source":[],"source_site_name":null,"sponsor_label":null,"storyline":[],"summary":"Kevin and Christian, two athletes in Western New York brave a lake effect snowstorm, blasting across lake Erie, to hang ten.","tags":[],"tease_image":null,"title":"Watch Surfers Catch Waves on Lake Erie in Snowstorm","topic":["28"],"type":"news_entry","video_art_url":"http://media2.s-nbcnews.com/i/MSNBC/Components/Video/__NEW/f_ots_buffalo_surfers.jpg","workbench_id":"56456550"},"externalId":"251811","externalSource":"NewsCMS","type":"news_entry"}