{"action":"save","entry":{"ads_enabled":1,"article_type":"video","brand":"Nightly News","breaking_news":0,"breaking_news_alert":0,"breaking_news_alert_title":null,"breaking_news_headline":null,"byline_id":["3596"],"comments_enabled":1,"content":null,"cover_headline":null,"cover_image":null,"curated_list":[],"editorial_notes":null,"external_link":null,"first_publication_date":"1416355487","hidden":0,"labels":[],"linked_sections":[],"linked_topics":["66"],"main_art":null,"mpx_description":"As the decision nears, police are promising a softer approach, like wearing regular uniforms whenever possible, but say violence won’t be tolerated.","mpx_guid":"nn_ral_ferguson_141118","mpx_id":"360508995917","mpx_title":"Ferguson Prepares for the Worst Ahead of Grand Jury Decision","native_ad":0,"nid":"251226","publication_date":"1416351762","revision_timestamp":1416355488,"search_enabled":1,"section":["19"],"show_on_cover":0,"slideshow":null,"source":[],"source_site_name":null,"sponsor_label":null,"storyline":["17876"],"summary":"As the decision nears, police are promising a softer approach, like wearing regular uniforms whenever possible, but say violence won’t be tolerated.","tags":[],"tease_image":null,"title":"Ferguson Prepares for the Worst Ahead of Grand Jury Decision","topic":[],"type":"news_entry","video_art_url":"http://media1.s-nbcnews.com/i/MSNBC/Components/Video/__NEW/2014-11-18T23-39-27-766Z--1280x720.jpg","workbench_id":null},"externalId":"251226","externalSource":"NewsCMS","type":"news_entry"}