{"action":"save","entry":{"ads_enabled":1,"article_type":"video","brand":"Nightly News","breaking_news":0,"breaking_news_alert":0,"breaking_news_alert_title":null,"breaking_news_headline":null,"byline_id":["3536"],"comments_enabled":1,"content":null,"cover_headline":null,"cover_image":null,"curated_list":[],"editorial_notes":null,"external_link":null,"first_publication_date":"1416442874","hidden":0,"labels":[],"linked_sections":[],"linked_topics":["66","28"],"main_art":null,"mpx_description":"People are trapped on the roads and in their homes in the Buffalo area, but some are saying the plows may not get there until the weekend.","mpx_guid":"nn_holt_arctic_141119","mpx_id":"360994372000","mpx_title":"Arctic Blast Paralyzes Buffalo with Almost Six Feet of Snow","native_ad":0,"nid":"252141","publication_date":"1416442017","revision_timestamp":1416442874,"search_enabled":1,"section":["19"],"show_on_cover":0,"slideshow":null,"source":[],"source_site_name":null,"sponsor_label":null,"storyline":[],"summary":"People are trapped on the roads and in their homes in the Buffalo area, but some are saying the plows may not get there until the weekend.","tags":[],"tease_image":null,"title":"Arctic Blast Paralyzes Buffalo with Almost Six Feet of Snow","topic":[],"type":"news_entry","video_art_url":"http://media1.s-nbcnews.com/i/MSNBC/Components/Video/__NEW/2014-11-19T23-32-26-333Z--1280x720.jpg","workbench_id":null},"externalId":"252141","externalSource":"NewsCMS","type":"news_entry"}