{"action":"save","entry":{"ads_enabled":1,"article_type":"video","brand":"Nightly News","breaking_news":0,"breaking_news_alert":0,"breaking_news_alert_title":null,"breaking_news_headline":null,"byline_id":["8416"],"comments_enabled":1,"content":null,"cover_headline":null,"cover_image":null,"curated_list":[],"editorial_notes":null,"external_link":null,"first_publication_date":"1416355746","hidden":0,"labels":[],"linked_sections":[],"linked_topics":["44","29","13","66"],"main_art":null,"mpx_description":"The nation’s major airlines are saving millions of dollars every week because of lower prices for jet fuel, but airfares continue to rise.","mpx_guid":"nn_tco_airfares_141118","mpx_id":"360513091912","mpx_title":"Why Airfares Are Rising Despite Lower Fuel Costs","native_ad":0,"nid":"251236","publication_date":"1416351844","revision_timestamp":1416355747,"search_enabled":1,"section":["19"],"show_on_cover":0,"slideshow":null,"source":[],"source_site_name":null,"sponsor_label":null,"storyline":[],"summary":"The nation’s major airlines are saving millions of dollars every week because of lower prices for jet fuel, but airfares continue to rise.","tags":[],"tease_image":null,"title":"Why Airfares Are Rising Despite Lower Fuel Costs","topic":[],"type":"news_entry","video_art_url":"http://media1.s-nbcnews.com/i/MSNBC/Components/Video/__NEW/2014-11-18T23-46-09-766Z--1280x720.jpg","workbench_id":null},"externalId":"251236","externalSource":"NewsCMS","type":"news_entry"}