{"action":"save","entry":{"ads_enabled":1,"article_type":"video","brand":"NBC News","breaking_news":0,"breaking_news_alert":0,"breaking_news_alert_title":null,"breaking_news_headline":null,"byline_id":[],"comments_enabled":1,"content":null,"cover_headline":null,"cover_image":null,"curated_list":[],"editorial_notes":null,"external_link":null,"first_publication_date":"1416431061","hidden":0,"labels":[],"linked_sections":[],"linked_topics":[],"main_art":null,"mpx_description":"NBC Kelly O'Donnell asks Acting Director of the US Secret Service Joseph Clancy if the agency morale problem is making President Obama more venerable.","mpx_guid":"f_kod_clancy_141119","mpx_id":"360904771981","mpx_title":"Secret Service Chief: We Are Working 'Diligently' to Correct Morale Problem","native_ad":0,"nid":"251966","publication_date":1416489190,"revision_timestamp":1416489191,"search_enabled":1,"section":["7"],"show_on_cover":1,"slideshow":null,"source":[],"source_site_name":null,"sponsor_label":null,"storyline":[],"summary":"NBC Kelly O'Donnell asks Acting Director of the US Secret Service Joseph Clancy if the agency moral problem is making President Obama more venerable.","tags":[],"tease_image":null,"title":"Secret Service Chief: We Are Working 'Diligently' to Correct Morale Problem","topic":["30"],"type":"news_entry","video_art_url":"http://media2.s-nbcnews.com/i/MSNBC/Components/Video/__NEW/f_kod_clancy_141119.jpg","workbench_id":"56457444"},"externalId":"251966","externalSource":"NewsCMS","type":"news_entry"}